{"type":"FeatureCollection","epoch":1740067616,"span":112236,"features":[{"type":"Feature","properties":{"id":"3932a2cb","callsign":"HKE624","maxalt":35050,"times":[0,116,149,178,250,281,383,475,1013,1445,1533,1762,2368,3099,3667,4489,5432,6344,7200,7736,8084,8591,9100,9578,10198,10497,10997,11112,11257,11462]},"geometry":{"type":"LineString","coordinates":[[113.9242,22.3195],[114.0317,22.3436],[114.0674,22.333],[114.0862,22.3014],[114.0865,22.2006],[114.1027,22.1584],[114.2573,22.078],[114.3779,21.9544],[115.6197,21.7428],[116.7411,21.7421],[116.9609,21.7981],[117.514,22.0021],[118.9086,22.7974],[120.4408,23.9752],[121.6729,24.8833],[123.465,26.2581],[125.6034,27.8442],[127.7683,29.3896],[129.8935,30.8297],[131.37,31.6061],[132.3479,32.09],[133.9219,32.5983],[135.5022,33.0831],[136.9544,33.5805],[138.7926,34.1851],[139.3431,34.5746],[139.8089,35.2003],[139.7819,35.3148],[139.869,35.425],[139.8094,35.5337]]}},{"type":"Feature","properties":{"id":"3932a95f","callsign":"HGB231","maxalt":37000,"times":[414,533,567,601,704,816,964,1147,1301,2241,3606,3876,5046,5646,5720,5916,6185]},"geometry":{"type":"LineString","coordinates":[[113.9245,22.3196],[114.0325,22.3441],[114.068,22.3324],[114.087,22.298],[114.0971,22.1615],[114.264,22.07],[114.4461,21.8551],[114.8486,21.7366],[115.1537,21.524],[116.6729,19.9994],[118.9333,18.0154],[119.2192,17.5435],[120.4227,15.4325],[120.6816,14.6287],[120.7208,14.556],[120.8181,14.4057],[120.9988,14.4971]]}},{"type":"Feature","properties":{"id":"3932a4d0","callsign":"DLH797","maxalt":38000,"times":[554,693,739,834,856,958,994,1128,1165,1256,1277,1561,1626,2275,3558,4488,6049,6330,6398,6446,6484,7809,8545,8590,8657,8718,8926,8953,8991,11570,13941,14782,15588,16697,17566,18617,19342,20332,20460,20589,21286,22082,23635,23951,24452,25428,26377,27290,28046,28807,29616,30326,30771,31118,32612,33113,33341,34033,34565,35577,35855,35944,35956,36012,36033,36042,37572,37588,37595,37615,37728,37775,37788,37992,38570,38618,38671,39439,39525,40278,40874,41504,42200,42833,43430,44023,44714,45703,46747,47056,47133,47512]},"geometry":{"type":"LineString","coordinates":[[113.9291,22.3211],[114.0573,22.3387],[114.0861,22.3012],[114.0909,22.1867],[114.1206,22.1609],[114.2794,22.1568],[114.3196,22.1941],[114.3557,22.4287],[114.316,22.4807],[114.1551,22.5385],[114.1256,22.5629],[113.8639,23.0648],[113.7736,23.1609],[112.5755,23.7823],[110.3466,25.2929],[108.57,26.0277],[105.8935,27.7073],[105.3708,27.8941],[105.2487,27.9493],[105.1713,28.008],[105.1354,28.0763],[104.4015,30.8416],[104.3139,32.4661],[104.3168,32.5643],[104.3674,32.7124],[104.3915,32.8501],[104.3749,33.2747],[104.3697,33.3276],[104.3397,33.3914],[99.3391,35.5703],[94.4231,37.5253],[92.595,38.2234],[90.74,38.7613],[88.1248,39.5666],[86.0266,40.1578],[83.4624,40.6989],[81.6397,41.0595],[79.1328,41.592],[78.794,41.6464],[78.4537,41.6059],[76.5893,41.5247],[74.4401,41.4031],[70.2979,41.1028],[69.4795,41.1619],[68.1677,41.2266],[65.5763,41.3116],[63.0028,41.3379],[60.5405,41.3093],[58.5245,41.1759],[56.5331,41.0092],[54.4477,40.969],[52.6146,40.9029],[51.515,40.7285],[50.6281,40.6917],[46.7272,41.301],[45.3833,41.4816],[44.7622,41.5332],[42.8555,41.666],[41.3987,41.5527],[38.5846,41.6858],[37.8284,41.7031],[37.5828,41.7343],[37.5784,41.7479],[37.4134,41.7894],[37.394,41.8119],[37.3617,41.8177],[33.1027,42.0685],[33.0561,42.075],[33.0751,42.0919],[32.9863,42.0896],[32.6803,42.1468],[32.5664,42.1839],[32.5184,42.1797],[31.9764,42.2976],[30.4048,42.5864],[30.2797,42.6212],[30.159,42.6814],[28.5434,43.7099],[28.3376,43.8063],[26.4484,44.5926],[24.9348,45.1857],[23.3129,45.7866],[21.4912,46.4189],[19.7892,46.9018],[18.1359,47.3384],[16.4815,47.7447],[14.5622,48.183],[11.9932,49.0649],[9.5483,49.8064],[9.1507,50.1241],[9.0185,50.1397],[8.5881,50.0454]]}},{"type":"Feature","properties":{"id":"3932abaa","callsign":"CPA255","maxalt":36000,"times":[776,871,903,939,1009,1028,1055,1110,1163,1191,1221,1269,1310,1458,1741,1850,2217,3289,4579,6121,6165,6386,6441,6474,7833,10550,10580,10610,11480,11810,11870,12887,13548,14271,14989,15529,15619,15679,15739,16579,17087,18407,18437,18467,18677,19007,19637,19667,19967,19997,20393,21370,22284,22957,23654,23845,24452,25625,26288,27080,27778,28883,29858,30759,31620,32090,32728,33384,34200,34916,35771,36439,37138,39774,39855,40570,41405,41688,42447,42923,43429,43902,44440,45133,45793,46427,47062,47946,48730,49423,50365,51033,51219,51245,51272,51388,51471,51548,51901]},"geometry":{"type":"LineString","coordinates":[[113.9321,22.322],[114.0261,22.3431],[114.0621,22.3366],[114.0866,22.3014],[114.0875,22.2036],[114.1006,22.178],[114.138,22.1577],[114.2316,22.1516],[114.3251,22.1673],[114.3683,22.1959],[114.3892,22.2435],[114.383,22.3268],[114.3457,22.3863],[114.1304,22.5542],[113.8686,23.0558],[113.7137,23.219],[113.0328,23.5744],[111.1192,24.8173],[108.6062,26.0023],[105.9114,27.6968],[105.8331,27.7366],[105.3984,27.8825],[105.3024,27.9396],[105.2723,28.0008],[104.3951,30.8639],[104.1178,36.4213],[104.1143,36.4804],[104.0885,36.5319],[102.4327,37.3574],[101.6998,37.5032],[101.5763,37.5513],[99.4825,38.4582],[98.0884,39.0417],[96.5184,39.672],[94.9023,40.2926],[93.8039,40.9423],[93.6288,41.057],[93.5441,41.1557],[93.4408,41.242],[91.8204,42.2498],[90.932,42.928],[88.0547,44.2009],[87.9791,44.2129],[87.9035,44.1928],[87.442,43.9434],[86.709,43.6067],[85.1213,43.7425],[85.049,43.7275],[84.3926,43.4192],[84.3191,43.4032],[83.293,43.4849],[80.689,43.5514],[78.1588,43.653],[76.213,43.693],[74.181,43.6994],[73.6222,43.6897],[71.8611,43.5864],[68.532,43.321],[66.7461,42.99],[64.6128,42.5402],[62.7726,42.1138],[59.9027,41.4011],[57.2687,41.2043],[54.9172,40.9835],[52.6608,40.9057],[51.4757,40.7269],[49.7574,40.9283],[47.9538,41.1142],[45.739,41.4316],[43.7793,41.5038],[41.4502,41.5488],[39.5945,41.6433],[37.631,41.7117],[30.2732,42.6098],[30.0827,42.7018],[28.473,43.6028],[26.5356,44.6017],[25.8169,44.886],[23.8466,45.6139],[22.6127,46.0455],[21.273,46.4909],[19.9412,46.832],[18.4083,47.2007],[16.5338,47.8136],[14.7314,48.3615],[12.9598,48.8619],[11.161,49.3326],[8.6738,50.0486],[6.3937,50.6495],[4.3229,51.148],[1.6118,51.7438],[0.1475,51.6459],[-0.1731,51.6554],[-0.2032,51.6382],[-0.194,51.6132],[0.0037,51.5627],[0.0287,51.4951],[-0.0423,51.4661],[-0.4234,51.465]]}},{"type":"Feature","properties":{"id":"3932b61a","callsign":"CPA101","maxalt":35025,"times":[1357,1460,1489,1525,1606,1635,2063,2191,2608,2639,2679,3208,4932,6254,7044,7929,7977,8114,8348,8399,8709,8751,8903,9125,9184,9565,9855,10007,10230,10510,10638,11270,12184,13440,13565,13734,13765,13940,14515,14578,14863,15052,15273,15397,15520,15654,17499,18411,18698,18950,20556,21602,22551,23562,24958,25815,26730,27642,28532,28875,29795,29831,30469,30506,30654,30874,30902,30923,30960,31010,31522,32150,32234,32633]},"geometry":{"type":"LineString","coordinates":[[113.9316,22.3218],[114.033,22.3438],[114.0662,22.3341],[114.0879,22.2963],[114.0876,22.1834],[114.1098,22.15],[114.849,21.7394],[115.1019,21.5623],[115.9109,20.8704],[115.9418,20.7965],[115.9421,20.7077],[115.8744,19.5114],[117.7428,15.9878],[120.0998,13.8564],[121.0671,12.336],[122.4382,10.8925],[122.5045,10.8067],[122.6326,10.529],[122.7449,10.0033],[122.752,9.8871],[123.0507,9.2554],[123.1131,9.1844],[123.3781,8.963],[123.6963,8.5735],[123.7506,8.4509],[124.0379,7.6375],[124.115,6.9763],[124.2275,6.6492],[124.4224,6.1824],[124.7576,5.6457],[124.8713,5.379],[125.3482,4.0053],[126.0127,1.9969],[127.0481,-0.6784],[127.1315,-0.9525],[127.2697,-1.3135],[127.3129,-1.3688],[127.6119,-1.6269],[128.4523,-2.6167],[128.5041,-2.7505],[128.8036,-3.3317],[129.0482,-3.682],[129.3528,-4.0718],[129.5044,-4.3047],[129.602,-4.5605],[129.607,-4.8607],[131.6643,-8.4901],[133.002,-10.1248],[133.4104,-10.6528],[133.7951,-11.0835],[136.1521,-13.9497],[137.6988,-15.785],[139.1266,-17.4418],[140.6523,-19.1714],[142.786,-21.5399],[144.1148,-22.9778],[145.5309,-24.4679],[146.8076,-25.9926],[148.0992,-27.4853],[148.6187,-28.0712],[150.0802,-29.634],[150.1164,-29.7042],[150.5298,-31.0457],[150.5992,-31.0897],[150.9459,-31.1466],[151.3489,-31.4297],[151.3974,-31.4681],[151.4185,-31.5066],[151.4203,-31.5791],[151.3974,-31.6747],[150.9176,-32.509],[151.0771,-33.4125],[151.0669,-33.5242],[151.1671,-33.9121]]}},{"type":"Feature","properties":{"id":"393298a1","callsign":"CPA261","maxalt":40025,"times":[1519,1634,1665,1699,1781,1819,1922,1956,1990,2215,2502,2676,3150,3797,3977,4877,4939,5391,5421,6147,6896,6965,7136,7189,8545,8618,11056,11121,11211,11271,11926,12290,13880,14631,15409,15914,15949,16069,16939,17387,17778,18528,18617,18677,19067,19127,19187,19457,19607,19667,19757,19920,19996,20071,20340,21254,22169,22834,23499,23658,24328,25437,25532,26038,26864,27616,28632,29310,30046,30773,31505,31951,32190,33729,34228,35103,35166,35643,36310,37099,38423,38501,38546,38579,38891,39678,40372,40939,41726,42127,42712,43279,43878,44482,45366,46281,47011,48013,48581,49282,49638,49914,50172,50236,50272,50295,50361,50662]},"geometry":{"type":"LineString","coordinates":[[113.9241,22.3195],[114.0307,22.3434],[114.0662,22.3349],[114.0869,22.2982],[114.0884,22.1903],[114.1296,22.1573],[114.2935,22.1615],[114.3353,22.2001],[114.3395,22.2523],[114.1187,22.5716],[113.8624,23.0633],[113.6151,23.3134],[112.7465,23.7395],[111.6251,24.4843],[111.3566,24.7751],[109.7209,25.8091],[109.6005,25.8653],[108.6744,26.1106],[108.6173,26.1381],[107.3109,26.9051],[105.9543,27.6761],[105.8281,27.738],[105.4891,27.8477],[105.4013,27.9154],[104.43,30.7583],[104.3913,30.9095],[104.1237,36.3],[104.0849,36.4335],[103.9616,36.5876],[103.8441,36.6628],[102.474,37.3398],[101.6234,37.5315],[98.2267,38.9852],[96.5925,39.6431],[94.852,40.3164],[93.8272,40.9277],[93.7582,40.975],[93.5634,41.1642],[91.8083,42.2576],[90.9488,42.9167],[90.0392,43.3329],[88.2265,44.1239],[87.9765,44.1532],[87.8093,44.1253],[86.8697,43.6761],[86.7108,43.6253],[86.5408,43.6153],[85.7724,43.6957],[85.3413,43.7278],[85.1697,43.723],[84.922,43.6655],[84.5187,43.4826],[84.3147,43.4314],[84.0982,43.4213],[83.3318,43.484],[80.6826,43.5516],[78.0206,43.6565],[76.0827,43.6944],[74.1267,43.6993],[73.6679,43.6924],[71.7288,43.5777],[68.5816,43.3261],[68.3155,43.2911],[66.932,43.0272],[64.7223,42.5647],[62.7717,42.1138],[60.1886,41.4719],[58.4248,41.2652],[56.5027,41.0083],[54.5683,40.9724],[52.6287,40.9043],[51.4801,40.7249],[50.8516,40.7009],[46.7123,41.302],[45.3626,41.4833],[42.9384,41.6659],[42.7619,41.663],[41.4357,41.5513],[39.58,41.647],[37.3965,41.9173],[33.5909,42.2736],[33.3092,42.2727],[33.2071,42.2934],[33.0825,42.2875],[32.1701,42.349],[29.8548,42.4661],[27.8849,42.77],[26.2483,42.9956],[23.9558,43.27],[22.7762,43.3786],[21.1435,43.7615],[19.5233,44.1115],[17.8045,44.4557],[16.0368,44.779],[13.4533,45.1958],[10.771,45.4906],[8.7173,45.8111],[6.07,46.7092],[4.9553,47.6007],[3.7459,48.5279],[3.0104,48.8475],[2.5876,49.1059],[2.1473,49.0987],[2.0589,49.0716],[2.0509,49.0397],[2.0671,49.0234],[2.1552,49.0035],[2.5181,49.0252]]}},{"type":"Feature","properties":{"id":"3932b7c7","callsign":"CPA2082","maxalt":35000,"times":[1630,1744,1779,1812,1921,2056,2231,2396,3088,3134,3391,4313,4376,4851,4912,5167,5896,6777,7416,7981,8390,8960,9440,10043,10968,11411,11827,12015,12175,12589,12652,13097,13597,13662,14258,15197,20953,27996,28573,29001,29387,29841,30179,30593,31096,31535,32833,33240,33391,33620,33670,34026]},"geometry":{"type":"LineString","coordinates":[[113.9288,22.3209],[114.0347,22.344],[114.07,22.3306],[114.0871,22.2988],[114.0951,22.1637],[114.2614,22.074],[114.4579,21.8483],[114.8213,21.7515],[116.704,21.735],[116.8522,21.7588],[117.5383,22.0145],[119.8499,23.3219],[119.9937,23.4304],[120.9648,24.3586],[121.1006,24.47],[121.7082,24.9085],[123.4202,26.224],[125.5549,27.8086],[127.1553,28.9597],[128.6216,29.9758],[129.8351,30.5998],[131.5496,31.4378],[133.0227,32.128],[134.897,32.9763],[137.206,34.6912],[138.3227,35.4838],[139.3814,36.2054],[139.8961,36.5061],[140.3457,36.7378],[141.6399,37.1944],[141.8293,37.2757],[143.0638,37.9398],[144.4533,38.6585],[144.6084,38.7722],[145.8922,39.8707],[147.9774,41.5536],[162.3143,50.0193],[186.7853,57.5231],[189.1692,57.9464],[190.9232,58.3084],[192.5331,58.6166],[194.4484,58.956],[195.8901,59.1915],[197.6632,59.4559],[199.8263,59.8018],[201.7434,60.0742],[207.2499,60.7424],[208.5513,60.8823],[208.914,60.955],[209.2989,61.1499],[209.4128,61.1655],[209.9863,61.1679]]}},{"type":"Feature","properties":{"id":"3932baf4","callsign":"QTR815","maxalt":38025,"times":[2438,2556,2592,2624,2718,2771,2796,3042,3162,3322,3405,3480,3838,4623,4688,5010,5061,5451,6583,6632,6936,7544,9186,10073,10389,10427,10455,10675,11349,11834,12900,13959,14340,15742,16025,17208,18232,19287,20647,21087,21657,21815,22482,23342,24170,25093,25413,26531,28116,30034,30295,30648,31131,31891,32580,33393,33671,34081,34454,34717,34917,35360,35401,35501,35574,35634,35914]},"geometry":{"type":"LineString","coordinates":[[113.9259,22.32],[114.034,22.3438],[114.0708,22.3305],[114.0874,22.2974],[114.0893,22.1722],[114.1489,22.1245],[114.1575,22.0865],[114.0896,21.6562],[114.0313,21.4363],[113.8755,21.2139],[113.7435,21.0892],[113.6159,21.0319],[112.9534,20.8191],[111.2808,20.8597],[111.1444,20.8308],[110.4945,20.6105],[110.3964,20.5577],[109.7384,20.0618],[107.7999,18.5754],[107.7,18.5386],[107.0266,18.476],[105.6817,18.7325],[102.2053,19.9003],[100.4928,20.8024],[99.8517,20.9831],[99.7739,20.9865],[99.7168,21.0214],[99.2686,21.1386],[97.8777,21.3853],[96.9343,21.2169],[94.6815,21.8978],[92.5055,22.2208],[91.7346,22.2663],[88.954,22.5938],[88.4112,22.6795],[86.15,22.8168],[84.2055,22.9655],[82.1825,23.0881],[79.5612,23.2082],[78.7164,23.2222],[77.6084,23.2763],[77.3015,23.2816],[75.9796,23.1823],[74.28,23.1543],[72.6535,23.0686],[70.8297,22.8112],[70.1967,22.8467],[67.9892,22.9149],[64.8814,22.9587],[61.1695,23.2993],[60.6525,23.3665],[60.0185,23.6145],[59.14,23.9267],[57.7955,24.4962],[56.5473,24.9605],[54.9862,25.1441],[54.4785,25.1079],[53.7806,25.2088],[53.1565,25.3414],[52.7118,25.2768],[52.3995,25.2659],[51.7924,25.1967],[51.7675,25.1641],[51.8043,25.0659],[51.7476,25.0393],[51.7081,25.0709],[51.627,25.255]]}},{"type":"Feature","properties":{"id":"3932c0f7","callsign":"CPA749","maxalt":40050,"times":[2594,2707,2741,2774,2880,2995,3075,3105,3310,3420,3627,3669,3738,4971,5031,5236,6537,7552,7615,7711,8730,9780,10191,10224,10284,10443,10506,10631,10712,10837,11029,12917,13295,13610,14612,15083,15977,35928,35998,36028,36148,36674,37049,37205,37425,37710,38026,38315,38503,38887,39550,40489,41497,41984,42704,44034,45079,46528,46825,46884,46962,46985,47242]},"geometry":{"type":"LineString","coordinates":[[113.9292,22.3211],[114.0346,22.3441],[114.0692,22.3323],[114.0872,22.2995],[114.0949,22.1608],[114.2644,22.0734],[114.3355,21.9613],[114.3209,21.9186],[114.0826,21.6251],[114.0329,21.417],[114.004,21.0403],[113.9636,20.9163],[113.8901,20.7967],[112.2383,18.6697],[112.131,18.5902],[111.7009,18.436],[109.2504,16.8607],[107.2293,15.7883],[107.122,15.6981],[106.9772,15.5381],[105.426,13.7921],[103.6919,12.2154],[102.9931,11.6129],[102.9213,11.5892],[102.7834,11.5888],[102.4235,11.5436],[102.2846,11.503],[102.0254,11.3811],[101.8896,11.2584],[101.7111,11.0359],[101.4846,10.6644],[98.025,8.0114],[97.3656,7.423],[96.7311,7.049],[94.6548,5.9905],[93.7591,5.3437],[92.1288,4.1062],[51.8284,-16.7823],[51.6638,-16.7746],[51.596,-16.791],[51.3546,-16.9301],[50.2904,-17.4736],[49.501,-17.8561],[49.1655,-18.0147],[48.6706,-18.2077],[48.056,-18.5095],[47.3918,-18.8649],[46.7795,-19.1536],[46.3623,-19.2958],[45.5894,-19.7087],[44.1581,-20.3729],[42.1746,-21.4065],[40.0485,-22.4728],[38.9577,-22.8681],[37.3269,-23.4319],[34.26,-24.4335],[31.8077,-25.1776],[28.6552,-26.047],[28.3591,-26.3471],[28.2891,-26.3735],[28.1991,-26.3641],[28.1832,-26.3491],[28.2507,-26.1564]]}},{"type":"Feature","properties":{"id":"3932be95","callsign":"CPA105","maxalt":39000,"times":[2719,2830,2866,2898,3002,3114,3258,3447,3570,4482,5629,5789,7058,7373,7437,7657,9339,9380,9599,9649,10125,10259,10352,10411,10845,11006,12463,13386,15312,15478,15771,16027,18348,20842,21591,23468,24879,25826,26551,27272,27992,28753,29349,29916,30670,30936,31279,31334,32127,32508,32661,32807,32913,33085,33142,33204,33439]},"geometry":{"type":"LineString","coordinates":[[113.9253,22.3198],[114.0307,22.3437],[114.0689,22.3325],[114.0874,22.298],[114.0961,22.1612],[114.2666,22.0705],[114.4498,21.8523],[114.8558,21.7365],[115.0812,21.576],[116.6984,19.9764],[118.8459,18.094],[119.0738,17.7942],[120.5607,15.1874],[120.9766,14.5694],[121.0332,14.431],[121.1405,13.9287],[122.6845,10.4227],[122.6918,10.329],[122.6454,9.8282],[122.6554,9.7144],[123.1078,8.7359],[123.167,8.4354],[123.2367,8.2346],[123.3189,8.1296],[124.0556,7.487],[124.2122,7.159],[125.3584,3.9766],[126.0351,1.9348],[127.607,-2.1218],[127.8038,-2.4362],[128.0496,-3.0474],[128.1872,-3.6187],[129.7252,-8.725],[131.5499,-14.1998],[132.0708,-15.8457],[133.5167,-19.9015],[134.644,-22.9599],[135.4154,-24.9952],[136.1933,-26.4932],[136.9917,-27.9839],[138.0142,-29.3776],[139.1159,-30.8222],[140.0844,-31.9118],[141.0283,-32.9432],[142.386,-34.2078],[142.8399,-34.6134],[143.6097,-34.938],[143.7149,-35.0045],[144.4329,-36.3962],[144.6733,-37.0206],[144.7247,-37.2577],[144.7954,-37.4582],[144.738,-37.5932],[144.7304,-37.8122],[144.7895,-37.8428],[144.8568,-37.83],[144.8395,-37.6779]]}},{"type":"Feature","properties":{"id":"3932c58f","callsign":"UAE381","maxalt":40025,"times":[2881,3002,3038,3072,3171,3253,3298,3629,3751,3853,3942,4914,5058,5430,6167,6997,7040,7346,7986,9628,10514,10901,12616,14333,14748,16145,16400,17194,18912,20597,22059,23622,24485,25404,26673,28452,30386,30626,31485,32751,33105,33241,33430,33476,33517,33653,33712,33779,33845,33982,34215,34453,34479,34532,34635,34701,34737,34980]},"geometry":{"type":"LineString","coordinates":[[113.9261,22.3201],[114.0339,22.3439],[114.0698,22.3313],[114.0873,22.2969],[114.0915,22.1674],[114.2024,22.0993],[114.2223,22.0309],[114.0284,21.4317],[113.8847,21.2282],[113.7244,21.0862],[113.5513,21.0154],[111.5181,20.8453],[111.219,20.7985],[110.4921,20.5539],[109.2683,19.6416],[107.8496,18.5423],[107.7618,18.5091],[107.0852,18.4708],[105.674,18.7344],[102.1941,19.9046],[100.4745,20.8107],[99.6863,21.0277],[96.1593,21.6567],[92.6442,22.2038],[91.7974,22.2604],[88.9675,22.5915],[88.4568,22.6725],[86.8967,22.8002],[83.5158,23.0284],[80.1981,23.1809],[77.3516,23.1953],[74.3005,23.1558],[72.6346,23.0688],[70.8518,22.8124],[68.369,22.9583],[64.892,22.9585],[61.1326,23.3224],[60.6734,23.3812],[59.1101,23.9374],[56.84,24.6472],[56.4076,24.8843],[56.25,24.8801],[56.0472,24.986],[56.0256,25.0357],[56.0711,25.0783],[56.2854,25.0454],[56.3303,24.9856],[56.3032,24.9225],[56.2293,24.9276],[56.0683,24.9746],[55.8414,25.1584],[55.5919,25.2967],[55.5688,25.2909],[55.5452,25.2478],[55.628,25.1844],[55.6,25.1354],[55.5673,25.1402],[55.3919,25.2375]]}},{"type":"Feature","properties":{"id":"3932c3be","callsign":"CPA315","maxalt":41025,"times":[3044,3157,3193,3227,3299,3342,3416,3471,3499,3525,3551,3751,4036,4089,4521,5351,5598,6438,6496,7041,7760,8486,8557,8764,8829,8857,8885,10225,12557,12587,12617,12647,13367,13517,13577,13847,15470,16221,17000,17510,17570,17630,18530,19008,20087,20147,20177,20237,20297,20447,20687,20721,20781,21051,21201,21261,21346,21529,21621,21680,21943,22385,22891,23177,24225,25242,26098,27056,27312,28008,28579,29210,29783,30416,31016,31649,32502,33131,33571,33887,33917,34443,35230,35824,36702,37209,37847,38563,39918,40135,40198,41182,41307,41497,42162,42768,43403,43753,44367,44905,45507,46050,46896,47788,48817,49999,50230,51127,52017,52081,52464,53116,53256,53376,53869]},"geometry":{"type":"LineString","coordinates":[[113.9264,22.3201],[114.0302,22.3438],[114.0681,22.3336],[114.0874,22.298],[114.088,22.1973],[114.1377,22.1574],[114.2671,22.1532],[114.3651,22.1769],[114.4024,22.212],[114.4089,22.2557],[114.3893,22.2946],[114.1302,22.55],[113.8789,23.0357],[113.8163,23.1207],[113.0459,23.5339],[111.5986,24.5015],[111.199,24.8626],[109.6959,25.8239],[109.5865,25.8699],[108.5167,26.1617],[107.2436,26.9254],[105.9369,27.6845],[105.8034,27.7457],[105.3965,27.8829],[105.277,27.9405],[105.2344,27.9822],[105.2076,28.0355],[104.3904,30.9057],[104.1366,36.0664],[104.1299,36.1289],[104.0992,36.1861],[104.0476,36.2303],[102.722,37.1641],[102.4357,37.3449],[102.299,37.3861],[101.6603,37.5172],[98.23,38.9838],[96.597,39.6412],[94.8595,40.3121],[93.8261,40.9296],[93.7396,41.0322],[93.6325,41.1203],[91.8178,42.2515],[90.9,42.9442],[88.3297,44.0831],[88.1744,44.1371],[88.0897,44.1502],[87.9193,44.1478],[87.7562,44.107],[87.4064,43.9267],[86.8265,43.6569],[86.7372,43.6303],[86.5673,43.614],[85.794,43.6935],[85.3632,43.7261],[85.1898,43.7251],[84.9574,43.678],[84.503,43.4766],[84.2513,43.4235],[84.0852,43.4219],[83.3376,43.4838],[82.0603,43.524],[80.5946,43.5551],[79.7659,43.5341],[76.7316,43.6554],[73.7553,43.6962],[71.2972,43.5476],[68.5828,43.3261],[67.8842,43.2107],[65.9935,42.8371],[64.496,42.5143],[62.8601,42.1355],[61.339,41.901],[59.7015,41.6234],[58.1685,41.34],[56.5399,41.0149],[54.2753,40.9641],[52.6136,40.9031],[51.4871,40.7254],[50.6534,40.6893],[50.5735,40.6908],[49.1641,40.9269],[47.0232,41.2565],[45.3705,41.4838],[42.8892,41.6691],[41.4515,41.5517],[39.6298,41.6415],[37.6345,41.7174],[33.7241,41.7477],[33.0915,41.7405],[32.9112,41.7653],[30.194,42.3943],[29.85,42.467],[29.3134,42.5531],[27.4136,42.8367],[25.6589,43.0697],[23.8114,43.2842],[22.7773,43.3699],[20.9251,43.2976],[19.3173,43.2111],[17.528,43.0879],[15.8991,42.9481],[13.4777,42.3199],[10.9508,41.5971],[8.0051,40.8707],[4.662,41.0582],[4.0479,41.1193],[1.6279,41.0205],[-0.7222,40.8762],[-0.8802,40.8471],[-1.7568,40.6009],[-3.0059,40.2962],[-3.2271,40.304],[-3.3892,40.3334],[-3.5642,40.4955]]}},{"type":"Feature","properties":{"id":"3932c50b","callsign":"CPA383","maxalt":40025,"times":[3265,3401,3442,3544,3565,3631,3661,3686,3756,3938,4251,4451,4679,5926,6111,6586,6649,7070,8646,8716,8814,8956,9006,10369,10437,11240,11443,11477,12850,12890,12950,13040,13100,13790,14120,14300,14541,15258,15856,16550,17298,17748,17808,17958,18828,19277,20175,20360,20420,20510,20570,20720,20930,20990,21050,21320,21530,21620,21799,21902,22208,23089,24039,24705,25371,25529,26193,27335,27432,27973,28803,29533,30416,30798,32004,32764,33463,33914,34188,35732,36205,36362,37019,37635,38274,38910,38975,39072,39118,40556,41567,41630,42578,43148,43622,44130,44859,45113,45749,46477,46947,47485,47991,48623,48687,49297,49478,49605,49643,49706,49766,49827,50158]},"geometry":{"type":"LineString","coordinates":[[113.9283,22.321],[114.0594,22.3389],[114.0865,22.3024],[114.0975,22.1719],[114.1298,22.1563],[114.2436,22.1512],[114.2961,22.1629],[114.3294,22.1935],[114.3423,22.3148],[114.1217,22.5599],[113.8399,23.0941],[113.55,23.3746],[113.1353,23.5749],[110.8725,25.0072],[110.5945,25.2853],[109.7203,25.8107],[109.5987,25.8661],[108.7378,26.0936],[105.9405,27.6841],[105.8131,27.743],[105.6369,27.7923],[105.3593,27.8988],[105.2789,27.9608],[104.4139,30.7952],[104.3881,30.9442],[104.3024,32.7396],[104.3742,33.201],[104.3745,33.2783],[104.2276,36.2868],[104.2152,36.3711],[104.1665,36.4911],[104.0406,36.6416],[103.926,36.7196],[102.4999,37.4234],[101.7222,37.5877],[101.3329,37.7473],[100.7842,37.8916],[99.2899,38.5404],[98.0358,39.0632],[96.5279,39.6684],[94.8615,40.3113],[93.949,40.8557],[93.833,40.9332],[93.5729,41.1582],[91.7793,42.2769],[90.9189,42.934],[88.775,43.8899],[88.3201,44.0873],[88.164,44.1393],[87.9083,44.1464],[87.7476,44.1036],[87.3948,43.9215],[86.8897,43.6854],[86.7357,43.63],[86.5645,43.6142],[85.7952,43.6935],[85.1916,43.7255],[84.9479,43.675],[84.5047,43.4772],[84.2244,43.4215],[83.3569,43.483],[80.8119,43.5493],[78.06,43.6587],[76.1167,43.6957],[74.1677,43.6997],[73.7108,43.6945],[71.7977,43.5822],[68.567,43.3246],[68.3002,43.288],[66.8272,43.0062],[64.6298,42.544],[62.766,42.1122],[60.6131,41.5681],[59.6551,41.3435],[56.4926,41.0069],[54.4717,40.9696],[52.6288,40.9042],[51.477,40.7245],[50.7543,40.6967],[46.626,41.3143],[45.3542,41.4849],[44.9265,41.5195],[43.1066,41.6514],[41.4,41.5516],[39.6288,41.6415],[37.8275,41.7044],[37.6582,41.7239],[37.3897,41.7969],[37.2904,41.8387],[33.1471,42.0804],[30.2948,42.6168],[30.1386,42.6837],[27.9389,43.8863],[26.5665,44.588],[25.254,44.979],[23.8279,45.3772],[21.7409,45.9345],[20.9898,46.1022],[19.0861,46.4766],[16.8847,46.8593],[15.4201,46.9615],[13.8195,47.2458],[12.323,47.4895],[10.4359,47.7357],[10.2519,47.7437],[8.8934,47.7141],[8.6479,47.6392],[8.5173,47.7296],[8.464,47.7424],[8.3734,47.7362],[8.3088,47.7024],[8.3133,47.6483],[8.5448,47.4757]]}},{"type":"Feature","properties":{"id":"3932cbf2","callsign":"CPA289","maxalt":36000,"times":[3472,3574,3602,3640,3727,3754,3812,3844,3872,3950,3982,4143,4418,4458,4509,4573,4977,5682,6021,6797,7248,8808,9078,9144,9183,9217,9401,10539,13220,13250,13280,14120,14480,16130,16880,17658,18107,18257,19221,19697,21019,21049,21079,21289,21619,21979,22249,22279,22579,22609,22962,23121,23940,24926,25764,26339,27226,28210,29130,30109,30675,31182,31562,32733,33499,34195,34667,34727,35296,35962,36466,36939,37571,37858,38390,39023,39710,39782,41603,42369,42964,43441,44384,45334,46099,46988,47673,47699,47817,47881,48608,49017,49557,50191,50737,50844,51194]},"geometry":{"type":"LineString","coordinates":[[113.9314,22.3218],[114.0327,22.3437],[114.0629,22.3362],[114.0871,22.2995],[114.0956,22.1805],[114.1298,22.1587],[114.2279,22.152],[114.2836,22.1593],[114.3204,22.1875],[114.3408,22.311],[114.3173,22.3585],[114.1294,22.553],[113.8801,23.0338],[113.8353,23.1035],[113.7576,23.1781],[113.6452,23.2498],[112.8696,23.6426],[111.6049,24.4879],[111.0503,24.9554],[109.6348,25.8553],[108.7144,26.1074],[105.8921,27.7108],[105.3532,27.9018],[105.2253,27.9604],[105.1625,28.0166],[105.1333,28.0825],[105.0573,28.4857],[104.3904,30.8948],[104.1177,36.4238],[104.1139,36.4823],[104.0874,36.5326],[102.48,37.3385],[101.6804,37.5091],[98.2425,38.9784],[96.6054,39.6378],[94.8452,40.3198],[93.9309,40.8662],[93.6803,41.0889],[91.785,42.2737],[90.9363,42.9255],[88.0512,44.2023],[87.974,44.213],[87.9,44.1913],[87.4364,43.9407],[86.7033,43.6056],[85.797,43.693],[85.106,43.7409],[85.0357,43.7215],[84.3772,43.4138],[84.3037,43.4028],[83.3855,43.4808],[82.9668,43.4965],[80.763,43.5498],[78.0141,43.6587],[75.5858,43.6995],[73.9061,43.6971],[71.3487,43.4849],[68.5855,43.1869],[66.0667,42.8518],[63.4605,42.2776],[61.9701,41.9167],[60.6506,41.5777],[59.6514,41.3432],[56.5266,41.0097],[54.5174,40.9708],[52.6926,40.9071],[51.497,40.7266],[51.3401,40.732],[49.8185,40.9169],[48.0074,41.1068],[46.6593,41.3092],[45.3865,41.479],[43.6489,41.6168],[42.8656,41.6688],[41.4126,41.5516],[39.6492,41.6406],[37.7281,41.7105],[37.5581,41.7584],[32.465,42.4263],[30.2731,42.6102],[28.9395,43.3492],[27.8381,43.934],[25.357,44.7811],[22.8206,45.5673],[20.7313,46.151],[18.0847,46.5344],[16.0175,46.8083],[15.955,46.8393],[15.7428,47.0133],[15.6113,47.0997],[14.0238,48.0419],[12.9162,48.4011],[11.5454,48.9869],[10.066,49.5844],[9.198,50.1189],[9.0184,50.1412],[8.5912,50.0411]]}},{"type":"Feature","properties":{"id":"3932cc7d","callsign":"ETH645","maxalt":40000,"times":[3748,3870,3920,4004,4063,4297,4443,4639,4689,4867,5718,5808,6257,6801,6891,7851,7902,8589,8812,10465,11374,11912,12836,12952,13146,14607,15222,15659,17284,17409,17584,17620,19471,21236,22184,23291,24647,25504,26628,32923,36209,36402,37910,39476,39737,41085,41199,44002]},"geometry":{"type":"LineString","coordinates":[[113.9285,22.3208],[114.0417,22.3439],[114.0861,22.3031],[114.0883,22.1847],[114.1321,22.1081],[114.093,21.6966],[114.0229,21.4243],[113.7944,21.1036],[113.7031,21.0598],[113.3506,20.9588],[111.5524,20.8468],[111.3603,20.8497],[110.4635,20.5423],[109.5463,19.8523],[109.3681,19.7826],[107.7388,18.5166],[107.6382,18.4762],[106.114,18.6508],[105.6298,18.7474],[102.1863,19.9073],[100.4542,20.8187],[99.364,21.0421],[97.4859,21.3966],[97.4854,21.9234],[96.9343,21.2163],[93.8896,22.0068],[92.6408,22.1962],[91.7536,22.2657],[88.5421,22.652],[88.307,22.6032],[88.1009,22.3279],[88.0394,22.2972],[84.4514,21.8635],[81.0906,21.3865],[79.2861,20.923],[77.1698,20.3466],[74.5425,19.6038],[72.8665,19.0856],[70.6172,18.6545],[57.7205,15.7294],[50.7649,14.1358],[50.3815,13.9627],[47.4779,12.4075],[44.0457,12.1729],[43.5643,11.8904],[41.119,10.3501],[40.9012,10.2405],[38.7567,8.9645]]}},{"type":"Feature","properties":{"id":"3932ce57","callsign":"AAR746","maxalt":39025,"times":[3870,4005,4037,4071,4177,4285,4431,4482,4667,5545,5578,5605,6559,7294,8040,8775,9132,9199,10034,11235,12536,12716,12906,13011,13302,13738]},"geometry":{"type":"LineString","coordinates":[[113.9197,22.318],[114.0329,22.3438],[114.0668,22.3332],[114.0868,22.3001],[114.0984,22.1586],[114.259,22.0758],[114.4329,21.8656],[114.5336,21.8246],[114.9789,21.8047],[117.3638,21.9825],[117.452,21.9923],[117.5188,22.0198],[119.3316,23.7704],[120.7927,25.1403],[122.3417,26.5442],[123.9411,27.9415],[124.6227,28.6839],[124.7258,28.8305],[125.5158,30.7746],[126.6955,33.5654],[126.9977,36.333],[126.9962,36.6312],[127.1284,36.914],[127.0411,37.023],[126.7223,37.1647],[126.4768,37.4363]]}},{"type":"Feature","properties":{"id":"3932d31d","callsign":"CPA219","maxalt":40025,"times":[4985,5058,5135,5180,5255,5281,5340,5371,5395,5416,5586,5742,6115,6376,7249,7430,7550,8270,8386,8841,9659,10593,10637,12016,12763,12936,14450,14540,14630,14720,15380,16100,16787,17477,18199,18887,19397,20421,20871,21617,22097,22187,22277,22487,22547,22607,23027,23087,23182,23366,23417,23791,24678,25282,25888,26428,27000,27351,27957,28564,29165,29832,30840,31381,31982,32361,32968,33534,34299,34995,35433,36098,36731,37678,38246,38403,39077,39710,40325,40409,41533,42192,42890,42954,43019,43847,44510,45045,45743,46348,46921,47365,47964,48624,49698,50337,51117,51402,51651,52561,52938,53470,54116,54178,54645,54736,54894,54985,55071,55311,55317,55371]},"geometry":{"type":"LineString","coordinates":[[113.9079,22.3299],[113.9696,22.3472],[114.0537,22.3368],[114.0858,22.2983],[114.0867,22.1989],[114.1016,22.1699],[114.1886,22.155],[114.2366,22.1681],[114.2581,22.1986],[114.2589,22.2337],[114.1458,22.5125],[114.0112,22.7725],[113.4927,23.2788],[113.029,23.528],[111.5213,24.5398],[111.2459,24.8214],[111.0331,24.9632],[109.7404,25.7959],[109.5134,25.889],[108.5843,26.1382],[107.0922,26.9711],[105.39,27.8851],[105.3211,27.942],[104.3974,30.8644],[104.3098,32.5512],[104.3907,32.9432],[104.2281,36.2744],[104.1824,36.4605],[104.0655,36.6191],[103.8978,36.7338],[102.5337,37.4093],[100.8818,37.8456],[99.4614,38.467],[98.014,39.072],[96.4268,39.7079],[94.8795,40.3026],[93.8403,40.9196],[91.7706,42.2154],[90.9133,42.872],[89.1574,43.661],[87.8495,43.864],[87.5985,43.8788],[87.3515,43.8338],[86.8375,43.6048],[86.6773,43.5692],[86.5131,43.5667],[85.3663,43.6755],[85.1983,43.6732],[84.9463,43.6169],[84.5185,43.4225],[84.3742,43.3892],[83.3539,43.483],[80.8528,43.5485],[79.1226,43.6259],[77.3583,43.6768],[75.7642,43.6994],[74.096,43.6991],[73.0913,43.6275],[71.3569,43.4783],[69.6319,43.3029],[67.9614,43.1071],[66.126,42.8622],[63.4902,42.2846],[62.0922,41.9471],[60.582,41.5607],[59.6262,41.3396],[58.0364,41.1807],[56.5336,41.01],[54.4924,40.9701],[52.6435,40.9048],[51.5173,40.7309],[49.7352,40.9352],[48.0049,41.1059],[45.3851,41.4801],[43.7839,41.6074],[43.3355,41.6363],[41.4263,41.5497],[39.6076,41.6423],[37.8368,41.7056],[37.6284,41.7458],[34.4089,42.1823],[32.5038,42.406],[30.4609,42.5935],[30.28,42.6312],[30.1173,42.696],[28.1944,43.7499],[26.5995,44.5742],[25.1982,45.1171],[23.3317,45.7966],[21.6068,46.3078],[19.9566,46.7665],[18.6668,47.102],[16.9097,47.5344],[15.108,48.1425],[12.2091,49.058],[10.4421,49.5772],[8.2099,50.1797],[7.3799,50.3892],[6.6366,50.5546],[3.9156,51.1104],[2.7529,51.3248],[1.0498,51.5461],[-0.7867,52.2327],[-0.9181,52.3186],[-1.6556,53.0394],[-1.8187,53.1351],[-1.9007,53.3623],[-1.923,53.4709],[-2.0264,53.4738],[-2.21,53.3869],[-2.1771,53.3751],[-2.2278,53.3541]]}},{"type":"Feature","properties":{"id":"3932d9a8","callsign":"CPA233","maxalt":36025,"times":[5793,5855,5943,5981,6057,6091,6149,6173,6199,6385,6670,6711,6789,7940,8030,8120,9076,9557,10730,11428,11473,11501,11685,12843,14808,14838,14898,14962,15557,15617,16157,16517,16877,18560,19309,20089,20599,20629,20689,20749,21678,22160,23451,23481,23511,23716,24016,24051,24651,24681,24976,25011,25386,26368,27225,27925,28625,28816,29457,30632,31301,32148,32848,33639,34022,35216,36054,36309,36533,37542,37949,38447,39017,39460,40340,40843,40907,41513,42315,43794,44405,44972,45553,46378,47081,47495,48130,48667,49203,49265,49837,50408,51105,51642,51687,52069,52377,52509,52633,52719,52925]},"geometry":{"type":"LineString","coordinates":[[113.9127,22.3314],[113.9698,22.3468],[114.064,22.3296],[114.0869,22.292],[114.0884,22.1932],[114.1241,22.1595],[114.2174,22.166],[114.2435,22.1952],[114.2478,22.2345],[114.1329,22.5408],[113.8752,23.0433],[113.8275,23.1124],[113.7104,23.2227],[111.5231,24.3127],[111.3983,24.4538],[111.2561,24.5811],[109.6269,25.821],[108.6532,26.082],[106.5396,27.2622],[105.2689,27.9413],[105.2013,28.0047],[105.1773,28.061],[105.0975,28.4629],[104.3897,30.9045],[104.1909,34.989],[104.2052,35.0503],[104.269,35.1696],[104.2773,35.2994],[104.2185,36.4779],[104.1844,36.5852],[103.1804,37.0873],[102.4495,37.3538],[101.6647,37.5143],[98.2368,38.9808],[96.6119,39.6352],[94.8599,40.3121],[93.8335,40.9236],[93.7748,40.9624],[93.6979,41.0643],[93.5913,41.1461],[91.7975,42.2648],[90.9427,42.9215],[88.0549,44.2009],[87.9798,44.2135],[87.9048,44.1937],[87.4554,43.9498],[86.7727,43.6299],[86.6895,43.604],[85.1295,43.7422],[85.0528,43.7283],[84.3861,43.417],[84.2968,43.4031],[83.3153,43.4841],[80.6567,43.5527],[78.2792,43.6494],[76.2711,43.6923],[74.2208,43.6996],[73.6629,43.6918],[71.8257,43.584],[68.5434,43.3223],[66.7605,42.9929],[64.5451,42.5251],[62.7166,42.1003],[60.6535,41.5785],[59.6532,41.3435],[56.4997,41.0078],[54.3116,40.9095],[53.6465,40.8722],[53.071,40.8102],[50.4238,40.6836],[49.3378,40.8859],[48.0087,41.1046],[46.4994,41.3318],[45.3091,41.4855],[42.8627,41.669],[41.4753,41.5517],[41.299,41.5571],[39.6163,41.6886],[37.3873,41.8279],[33.232,42.1238],[31.5277,42.308],[29.9202,42.4525],[28.288,42.7103],[25.9465,43.0342],[23.9379,43.2705],[22.7463,43.3809],[21.0432,43.7783],[19.5628,44.0993],[17.9766,44.1686],[17.7952,44.1879],[16.2158,44.5675],[14.6121,44.9272],[12.6311,45.3364],[11.1057,45.6299],[10.9776,45.6446],[9.9597,45.6477],[9.2532,45.5495],[9.0285,45.4379],[8.8372,45.418],[8.7668,45.4726],[8.7253,45.6217]]}},{"type":"Feature","properties":{"id":"3932d9c6","callsign":"CPA888","maxalt":37000,"times":[6003,6067,6153,6190,6288,6375,6969,7074,7643,8629,9169,9458,9775,9810,10333,11856,12396,12867,13424,23019,24086,25317,25929,26795,27063,27652,28217,28821,29592,29964,30518,31085,31678,32343,33389,34002,34535,35180,35709,36272,36871,37422,38611,39743,40549,41082,41598,42010,42354,42731,43250]},"geometry":{"type":"LineString","coordinates":[[113.9114,22.3312],[113.9693,22.3469],[114.063,22.3303],[114.0861,22.295],[114.0959,22.1624],[114.2314,22.0936],[115.5935,21.7459],[115.8867,21.7563],[117.4947,21.9984],[119.9334,23.3773],[121.0321,24.4174],[121.7067,24.9073],[122.4362,25.4723],[122.526,25.5213],[124.0587,26.0355],[128.6643,27.4229],[130.3523,27.8326],[131.8471,28.1696],[133.6345,28.5474],[166.2495,34.35],[170.002,35.0029],[174.5502,36.0346],[176.6818,36.4459],[180.0,37],[180.8833,37.3167],[182.9,37.9833],[184.9667,38.6333],[187.0628,39.2428],[189.9942,40.0049],[191.3048,40.3277],[193.3869,40.7887],[195.5141,41.2238],[197.646,41.626],[200.0065,42.0103],[203.839,42.8779],[205.8609,43.2946],[207.7933,43.6534],[210.0051,44.0055],[211.6569,44.5359],[213.4632,45.1686],[215.3099,45.7436],[217.1748,46.2839],[221.1806,47.2587],[225.4554,48.0273],[228.7223,48.479],[230.7533,48.7186],[232.7863,48.9209],[234.2282,49.0416],[235.2018,49.0671],[235.993,49.2901],[236.7706,49.2084]]}},{"type":"Feature","properties":{"id":"3932e91c","callsign":"CPA524","maxalt":39025,"times":[6745,6824,6906,6945,7045,7129,7588,8333,8427,8491,9418,9956,10276,11166,11927,12464,13065,13600,14451,14995,15441,15698,16005,16405,16530,16579,16616,16949,17057,17398,17627,17704,17784,17861,17890,18150,18367,18809]},"geometry":{"type":"LineString","coordinates":[[113.9069,22.3297],[113.9718,22.3476],[114.0626,22.332],[114.087,22.2942],[114.0962,22.1629],[114.2284,22.094],[115.2216,21.8411],[117.2637,21.9776],[117.5281,22.0301],[117.6939,22.1021],[119.9376,23.3838],[121.0225,24.4112],[121.7651,24.9517],[123.822,26.5257],[125.6617,27.8866],[127.0002,28.85],[128.5331,29.9162],[129.9236,30.8481],[132.381,32.1175],[134.0781,32.8198],[135.6085,33.1858],[136.4923,33.3778],[137.564,33.4319],[138.8446,33.8401],[139.2865,33.8267],[139.4452,33.8695],[139.5359,33.9265],[140.1482,34.4533],[140.378,34.5825],[140.7167,35.073],[140.9874,35.2489],[141.0414,35.3284],[141.0606,35.4172],[141.0341,35.4956],[141.0015,35.5011],[140.7191,35.4219],[140.5736,35.535],[140.3941,35.783]]}},{"type":"Feature","properties":{"id":"3932f48a","callsign":"APJ68","maxalt":37050,"times":[7052,7125,7214,7250,7323,7347,7446,7494,8032,8104,8705,8806,9757,9820,10362,10681,11252,11791,12709,13244,13780,14161,14349,15109,15876,16342,16469,16675,16829,16853,16974,17123]},"geometry":{"type":"LineString","coordinates":[[113.9069,22.3296],[113.9653,22.3474],[114.0624,22.3315],[114.0863,22.296],[114.0862,22.1948],[114.1007,22.1605],[114.2595,22.0755],[114.3305,22.0166],[115.6008,21.7452],[115.7799,21.7476],[117.3599,21.9731],[117.6161,22.0588],[119.8428,23.3182],[119.9789,23.4175],[121.0162,24.4056],[121.7224,24.9192],[122.9659,25.8803],[124.1847,26.7965],[126.3239,28.3673],[127.6104,29.2793],[128.936,30.1902],[129.8935,30.8297],[130.41,31.1078],[132.2871,32.4149],[134.2022,33.6842],[134.9958,34.2725],[135.0547,34.4141],[135.2035,34.6042],[135.3588,34.6032],[135.3767,34.5906],[135.3472,34.4997],[135.2705,34.4451]]}},{"type":"Feature","properties":{"id":"3932f2b0","callsign":"CPA659","maxalt":39025,"times":[7417,7492,7556,7586,7616,7991,8112,8347,9261,9411,9470,9558,10425,11612,11742,12187,13488,15857,15921,17191,17453,18066,18661,18804,18888,19056,19121,19221,19252,19534]},"geometry":{"type":"LineString","coordinates":[[113.904,22.3286],[113.9645,22.3465],[114.0365,22.3428],[114.0675,22.3285],[114.086,22.298],[114.0874,21.6475],[114.033,21.4198],[113.9968,20.921],[113.5563,19.0055],[113.5091,18.6826],[113.4715,18.5618],[113.3712,18.4013],[112.2396,16.943],[110.7174,14.9196],[110.5932,14.6711],[110.0189,13.9023],[108.4936,11.5064],[105.5887,7.0523],[105.5262,6.92],[104.5627,4.2157],[104.6062,3.6319],[104.106,2.5045],[104.1066,1.6283],[104.1289,1.4555],[104.0918,1.3645],[104.0655,1.1957],[104.0284,1.1482],[103.9376,1.1415],[103.9202,1.1591],[103.99,1.3406]]}},{"type":"Feature","properties":{"id":"3932f92d","callsign":"CRK767","maxalt":38025,"times":[8029,8102,8171,8204,8234,8603,8742,8961,9009,10515,10550,10730,12372,13630,14388,15367,16659,16789,16969,17095,17380]},"geometry":{"type":"LineString","coordinates":[[113.9037,22.3284],[113.9624,22.3463],[114.0413,22.3408],[114.0729,22.321],[114.0867,22.2879],[114.0886,21.6838],[114.0366,21.4378],[114.0047,21.006],[113.9764,20.9175],[112.2868,18.7173],[112.2372,18.6741],[111.9078,18.5671],[109.3284,16.914],[107.1911,15.7749],[105.7174,15.4457],[103.7518,15.143],[101.2938,14.3102],[101.1493,14.152],[100.9449,13.9974],[100.8055,13.9175],[100.7424,13.7006]]}},{"type":"Feature","properties":{"id":"3932fbfa","callsign":"CRK707","maxalt":37025,"times":[8132,8200,8290,8330,8422,8445,8543,8601,9067,9248,10368,11900,15401,16695,17078,17116,17386,17449,17726,17829,17946,18036,18098,18444,21515,22555,22607,23618,23652,23753,23941,24123,24428]},"geometry":{"type":"LineString","coordinates":[[113.9096,22.3304],[113.9655,22.3467],[114.0603,22.332],[114.0857,22.2956],[114.0875,22.1793],[114.1048,22.1527],[114.2416,22.0869],[114.3124,22.0231],[115.1454,21.529],[115.4454,21.2594],[115.8521,18.9902],[117.1478,16.0035],[116.235,8.6816],[116.0354,5.9178],[115.9234,5.0901],[115.8918,5.0145],[115.5353,4.5372],[115.4947,4.4122],[115.3971,3.8409],[115.278,3.655],[115.1231,3.4539],[115.0619,3.2701],[115.0403,3.1401],[114.9942,2.4],[114.942,-4.2983],[115.0655,-6.5394],[115.088,-6.642],[115.8265,-8.2866],[115.8058,-8.3342],[115.6836,-8.4226],[115.5726,-8.6336],[115.3996,-8.7373],[115.1688,-8.7484]]}},{"type":"Feature","properties":{"id":"3932f64c","callsign":"CPA566","maxalt":39000,"times":[8241,8319,8400,8438,8537,8608,9176,9898,9998,10919,11013,11551,11869,12820,13838,14601,15303,16181,16244,16337,16976,17329,17701,17828,18021,18188,18324,18460]},"geometry":{"type":"LineString","coordinates":[[113.9075,22.3299],[113.9707,22.3474],[114.0631,22.3309],[114.0862,22.2943],[114.0936,22.1659],[114.1964,22.1101],[115.4075,21.7924],[117.3851,21.9854],[117.6407,22.0727],[119.8021,23.2953],[120.0045,23.441],[121.0417,24.4266],[121.753,24.9424],[123.8794,26.5689],[126.2655,28.3251],[128.1309,29.6403],[129.8875,30.8258],[132.3567,32.1206],[132.5037,32.2409],[132.6911,32.4353],[133.9631,33.4911],[134.5195,33.9275],[134.9929,34.2704],[135.0537,34.413],[135.1995,34.6008],[135.375,34.5937],[135.347,34.5001],[135.2723,34.4463]]}},{"type":"Feature","properties":{"id":"3932fe47","callsign":"CPA006","maxalt":37025,"times":[8362,8443,8526,8563,8656,8737,9159,9197,9764,10043,11061,11634,11921,12843,13911,14409,14855,15610,16051,16240,16780,17226,17385,17450,17797,17850,18642,18735,18761,18948,19210,19376,19676,20104]},"geometry":{"type":"LineString","coordinates":[[113.9008,22.3277],[113.97,22.3468],[114.063,22.3308],[114.0866,22.2944],[114.1,22.164],[114.2266,22.0939],[115.1457,21.7677],[115.2452,21.7457],[116.8024,21.7445],[117.5123,22.0013],[119.9202,23.3664],[121.0448,24.4279],[121.6959,24.8996],[123.7947,26.5053],[126.3676,28.3971],[127.6398,29.25],[128.8073,30.008],[130.9154,31.1813],[132.1709,31.8502],[132.7191,32.1253],[134.4367,32.7489],[135.8812,33.245],[136.4211,33.3639],[136.637,33.3952],[137.7956,33.4311],[137.9696,33.4561],[140.1854,34.4786],[140.3908,34.5866],[140.4321,34.6232],[140.6139,34.9095],[140.8392,35.2237],[140.8286,35.4025],[140.5764,35.5337],[140.3958,35.7808]]}},{"type":"Feature","properties":{"id":"393307b7","callsign":"CPA143","maxalt":36000,"times":[9182,9249,9333,9372,9477,9648,9701,10878,13011,15871,17029,17523,17555,17609,17661,17726,17813,17947,18092,18342,18379,18775,19143,19336,24548,24612,24954,25045,27584,29099,30232,30431,30609,30771,31489,32622,32661,32868,32968,33004,33416,33964,34296,34566]},"geometry":{"type":"LineString","coordinates":[[113.9104,22.3307],[113.9722,22.3469],[114.0631,22.3304],[114.0867,22.2939],[114.1002,22.1572],[114.3544,22.02],[114.447,21.9304],[115.6347,19.4332],[116.9993,14.8437],[116.2167,8.4662],[116.0311,5.8826],[115.876,4.7695],[115.8419,4.7041],[115.7513,4.613],[115.6853,4.5138],[115.6189,4.3789],[115.5553,4.1924],[115.5567,3.8883],[115.5231,3.5651],[115.5719,3.0103],[115.5662,2.9227],[115.3944,2.0241],[115.2545,1.1866],[115.2295,0.7458],[115.8357,-11.1159],[115.865,-11.257],[116.0902,-12.0006],[116.1105,-12.2129],[117.0053,-17.7825],[116.865,-21.2381],[116.8031,-23.7988],[116.6662,-24.2247],[116.6292,-24.6288],[116.5467,-24.9917],[116.7334,-26.6704],[116.6729,-29.1756],[116.7088,-29.2565],[117.0142,-29.643],[117.0646,-29.8355],[117.0445,-29.9004],[116.6343,-30.5519],[116.2969,-31.4106],[116.1881,-31.8174],[115.9833,-31.9286]]}},{"type":"Feature","properties":{"id":"393306bf","callsign":"CEB243","maxalt":37025,"times":[9349,9416,9503,9539,9624,9648,9989,10023,10121,10285,10548,10583,11426,13093,14720,14784,15638,16706,16899,17000,17022,17268]},"geometry":{"type":"LineString","coordinates":[[113.9076,22.3298],[113.9646,22.3467],[114.0611,22.332],[114.0855,22.2978],[114.0876,22.1855],[114.1053,22.1542],[114.6956,21.8067],[114.7485,21.7549],[114.825,21.5683],[114.9043,21.2213],[114.9698,20.6804],[114.9935,20.6085],[115.8134,19.046],[117.5937,16.1201],[120.0772,13.8805],[120.1536,13.7807],[121.0366,12.3733],[122.3885,10.9383],[122.3342,10.7058],[122.3948,10.6382],[122.4154,10.6383],[122.4764,10.7865]]}},{"type":"Feature","properties":{"id":"393316d8","callsign":"ANA8512","maxalt":37025,"times":[10526,10598,10690,10724,10810,10863,11469,11537,11675,12086,12169,13173,13748,14036,15145,15185,15248,15272,15373,15575,16179,16748,17545,18149,18371,18434,18848,19676,20635,20697,20760,21383,21616,21952]},"geometry":{"type":"LineString","coordinates":[[113.9026,22.3281],[113.9656,22.3468],[114.0639,22.3296],[114.086,22.296],[114.0924,22.1731],[114.1684,22.1229],[115.6186,21.7437],[115.81,21.7508],[116.1841,21.8038],[117.3166,21.9662],[117.542,22.0172],[119.9369,23.3795],[121.0632,24.4422],[121.7197,24.9167],[124.2399,26.8386],[124.3036,26.9232],[124.3348,27.0676],[124.3661,27.1254],[124.5835,27.3088],[125.0506,27.6534],[126.5322,28.6203],[127.9664,29.5281],[129.9407,30.8566],[131.6168,31.732],[132.2351,32.0446],[132.4222,32.1222],[133.7242,32.5386],[136.4428,33.2954],[139.4895,34.2692],[139.6513,34.3545],[139.7751,34.4581],[140.4905,35.2855],[140.5473,35.5213],[140.3947,35.7377]]}},{"type":"Feature","properties":{"id":"39331a08","callsign":"HKE604","maxalt":37025,"times":[10681,10754,10843,10881,10960,10996,11486,11523,12375,12469,12820,12883,13678,14410,15115,15770,16103,16161,16217,17146,18095,18157,18444,19252,19477,19512,19544,19600,19768,19873,19954,20475]},"geometry":{"type":"LineString","coordinates":[[113.9064,22.3293],[113.9674,22.3468],[114.0639,22.3299],[114.0862,22.2923],[114.0897,22.1833],[114.1323,22.1389],[115.1518,21.7662],[115.2468,21.7523],[117.4223,21.9879],[117.646,22.0749],[118.4223,22.5177],[118.5578,22.6119],[119.9629,24.0635],[121.3102,25.4163],[122.6593,26.7291],[123.9627,27.9574],[124.5655,28.621],[124.6709,28.7489],[124.7424,28.8745],[125.5897,30.9527],[126.4536,32.975],[126.5505,33.0908],[127.065,33.5805],[128.4877,34.6264],[128.5884,34.8783],[128.6159,34.9111],[128.6631,34.919],[128.7403,34.8852],[128.7998,34.695],[128.9364,34.6997],[128.9724,34.7622],[128.9416,35.1431]]}},{"type":"Feature","properties":{"id":"3933224d","callsign":"TWB118","maxalt":37025,"times":[12122,12209,12300,12331,12436,12541,12652,12936,13488,13822,13855,13886,14968,15696,16477,17198,17587,18712,19761,21128,21383,21415,21680,21905,22267]},"geometry":{"type":"LineString","coordinates":[[113.9025,22.3281],[113.9703,22.3467],[114.0663,22.3277],[114.0857,22.2973],[114.0995,22.1597],[114.2606,22.0735],[114.4029,21.9203],[115.0679,21.8204],[116.5079,22.0569],[117.3889,22.0004],[117.475,21.9994],[117.5484,22.0277],[119.5302,23.9427],[120.9321,25.2574],[122.4765,26.6585],[123.9827,27.9772],[124.6894,28.7644],[125.7245,31.2755],[126.6928,33.5512],[127.0009,36.3609],[126.9987,36.7718],[126.9717,36.8088],[126.6963,37.0241],[126.6243,37.23],[126.4328,37.447]]}},{"type":"Feature","properties":{"id":"393321ff","callsign":"CKS9773","maxalt":41025,"times":[12469,12553,12638,12669,12742,12763,12862,12998,13155,13401,13465,14107,14140,15095,15824,16495,17314,17625,17693,18383,18766,19999,20983,21511,21553,21659,21836,22171]},"geometry":{"type":"LineString","coordinates":[[113.898,22.3266],[113.9701,22.3468],[114.0657,22.3286],[114.0859,22.2965],[114.0873,22.1908],[114.1032,22.157],[114.2669,22.0682],[114.4555,21.8525],[114.866,21.7473],[115.5538,21.7423],[115.7273,21.7545],[117.4323,21.9836],[117.5138,22.0153],[119.3406,23.7789],[120.8217,25.167],[122.2335,26.4479],[124.0278,28.0246],[124.6216,28.6829],[124.727,28.8341],[125.3927,30.4776],[125.7362,31.3804],[126.775,34.2913],[127.0026,36.3916],[127.0021,37.1941],[126.9625,37.2239],[126.8246,37.191],[126.6562,37.2396],[126.479,37.4338]]}},{"type":"Feature","properties":{"id":"393337ba","callsign":"AHK128","maxalt":37000,"times":[13138,13217,13308,13343,13447,13549,13687,14113,14163,14823,14882,15846,16639,17435,18129,18449,18529,18587,19462,20632,21996,22219,22393,22446,22581,22887,23220]},"geometry":{"type":"LineString","coordinates":[[113.907,22.3297],[113.9685,22.3468],[114.0664,22.3274],[114.0861,22.294],[114.0989,22.1596],[114.262,22.0741],[114.433,21.8802],[115.4402,21.7593],[115.5706,21.7567],[117.3453,21.9738],[117.4998,22.0202],[119.2963,23.7492],[120.8494,25.2006],[122.4728,26.6648],[123.9441,27.9444],[124.5421,28.5955],[124.6792,28.7619],[124.751,28.894],[125.564,30.8909],[126.6893,33.5528],[127.0021,36.3715],[127.002,36.7207],[127.1626,36.9622],[127.1413,37.03],[126.9916,37.1384],[126.6576,37.2368],[126.4798,37.4329]]}},{"type":"Feature","properties":{"id":"39334353","callsign":"AHK457","maxalt":37000,"times":[14560,14638,14729,14766,14848,14873,14967,15093,15275,16380,16903,17603,17669,19097,19705,19844,19958,20239]},"geometry":{"type":"LineString","coordinates":[[113.9046,22.3288],[113.9684,22.3471],[114.0666,22.3274],[114.0868,22.2905],[114.0882,22.1821],[114.1096,22.1506],[114.2648,22.072],[114.4177,21.8883],[114.7721,21.7087],[116.775,19.8964],[117.7002,19.1067],[118.9098,18.0353],[119.0031,17.9162],[120.4251,15.4273],[120.6833,14.6231],[120.7617,14.4861],[120.8203,14.4036],[121.0005,14.4981]]}},{"type":"Feature","properties":{"id":"39334194","callsign":"AHK327","maxalt":39025,"times":[14666,14736,14805,14839,14872,15263,15392,15645,16008,17203,17779,19578,21285,22541,23447,24028,24072,24304,24358,24406,25021,25538,25590,25944,26518,26653,26977,27038,27095,27343]},"geometry":{"type":"LineString","coordinates":[[113.9104,22.3306],[113.9662,22.3465],[114.0409,22.3409],[114.0725,22.3211],[114.0872,22.286],[114.0881,21.6594],[114.0333,21.4214],[113.9942,20.9075],[113.814,20.1336],[112.9503,17.8624],[112.2337,16.9347],[109.9904,13.952],[108.0717,10.9273],[106.5925,8.6792],[105.5709,7.0242],[105.1383,5.8545],[105.063,5.797],[104.5688,5.6391],[104.4904,5.5536],[104.4724,5.4564],[104.5597,4.1884],[104.6641,3.0861],[104.6186,2.988],[104.1122,2.4997],[104.1068,1.6192],[104.1289,1.4567],[103.9784,1.1272],[103.9258,1.1359],[103.9112,1.1826],[103.9766,1.3469]]}},{"type":"Feature","properties":{"id":"39334770","callsign":"AHK831","maxalt":38000,"times":[14831,14906,14975,15012,15046,15456,15572,15752,15848,17178,17268,17448,17508,18834,20097,21234,21736,22657,22880,23224,23440,23508,23578,23650,23698,23910]},"geometry":{"type":"LineString","coordinates":[[113.9022,22.328],[113.9624,22.347],[114.0392,22.3417],[114.073,22.3211],[114.0874,22.2838],[114.086,21.6366],[114.0333,21.4216],[114.0088,21.0673],[113.9471,20.8814],[112.3022,18.7375],[112.173,18.6163],[111.8273,18.5004],[111.7187,18.4487],[109.479,17.0086],[107.2012,15.7802],[104.8607,15.246],[103.7907,15.1516],[101.9506,14.5735],[101.5688,14.4223],[101.0873,14.069],[100.9959,13.8159],[100.917,13.8273],[100.8958,13.8921],[100.8215,13.9024],[100.7872,13.8676],[100.7426,13.7017]]}},{"type":"Feature","properties":{"id":"39334745","callsign":"CPA844","maxalt":39025,"times":[14945,15012,15104,15140,15244,15365,15535,15729,16424,16519,16707,17689,18228,18516,19276,20162,20802,21343,21881,22382,22917,23361,23425,23615,23999,24510,25073,25674,25737,26054,32507,33080,34216,34790,35743,36531,37106,38830,39956,40552,41129,41707,42285,42870,43995,45162,45729,46888,47487,48142,48615,49426,49595,49626,50246,50907,51446,52078,52805,53623,54131,54607,55046,55520,56182,56935,57404,57908,58378,58880,59318,59760,60334,61005,61546,61987,62399,62814,63256,64017,64715,65377,65733,65993,66035,66231,66282,66414,66494,66594,66646,66712,66981]},"geometry":{"type":"LineString","coordinates":[[113.9104,22.3307],[113.9703,22.3473],[114.0675,22.327],[114.0868,22.2919],[114.0942,22.1619],[114.2641,22.0736],[114.4502,21.849],[114.8648,21.743],[116.6914,21.739],[116.9563,21.7961],[117.4537,21.9758],[119.9309,23.3792],[121.0429,24.4275],[121.7298,24.9241],[123.5132,26.294],[125.7075,27.92],[127.359,29.1031],[128.8078,30.0991],[130.4414,30.9137],[132.0096,31.6651],[133.7127,32.4459],[135.147,33.0732],[135.3691,33.1364],[136.05,33.2867],[137.3925,33.6497],[139.1911,34.1062],[141.1304,34.666],[143.2002,35.2185],[143.4281,35.2522],[144.5938,35.2817],[167.9468,36.6683],[170.0857,37.0135],[174.2019,37.5292],[176.339,37.7401],[180.0,38],[182.8667,38.6667],[185.1142,39.1477],[191.7531,40.4102],[196.0445,41.3284],[198.2609,41.7289],[200.4212,42.0866],[202.5331,42.5921],[204.6347,43.0517],[206.7316,43.4561],[210.7389,44.1745],[214.7223,45.0774],[216.6889,45.449],[220.732,46.1544],[222.7389,46.5802],[225.0798,47.0175],[226.8601,47.4029],[229.9085,47.9838],[230.5001,48.0595],[230.6631,48.0506],[232.9729,48.1972],[235.3764,48.2999],[237.3175,48.4055],[239.5253,48.4853],[242.1069,48.5247],[245.02,48.5001],[246.8026,48.525],[248.4871,48.5229],[250.0199,48.4987],[251.6609,48.3725],[253.9445,48.1547],[256.5326,47.8423],[258.1584,47.614],[259.887,47.3435],[261.4669,47.0708],[263.1561,46.7513],[264.5894,46.3841],[266.0159,45.996],[267.9025,45.5462],[270.0878,44.9772],[271.868,44.5386],[273.2889,44.1325],[274.6075,43.7355],[275.917,43.3207],[277.312,42.856],[279.8505,42.3634],[282.1637,41.8612],[284.2488,41.2903],[285.13,40.9971],[285.7719,40.923],[285.8392,40.8706],[285.9618,40.5515],[286.0325,40.4924],[286.2345,40.3991],[286.3537,40.409],[286.4427,40.4782],[286.4567,40.5202],[286.4232,40.5606],[286.247,40.6409]]}},{"type":"Feature","properties":{"id":"39334ea8","callsign":"AHK782","maxalt":39125,"times":[15040,15122,15209,15247,15318,15348,15452,15515,15535,15773,15841,15866,16398,16525,16643,16769,16927,17117,17328,18283,18819,18885,18951,19698,19746,19955,19998,20508,20838,21074]},"geometry":{"type":"LineString","coordinates":[[113.9043,22.3287],[113.969,22.3471],[114.0633,22.3302],[114.0864,22.2943],[114.0862,22.201],[114.1023,22.1595],[114.2639,22.073],[114.3373,21.9845],[114.3694,21.9668],[114.8811,21.889],[115.0464,21.8893],[115.1031,21.9067],[116.1548,22.7139],[116.3856,22.9731],[116.6502,23.1702],[116.8775,23.4222],[117.2028,23.709],[117.5662,24.0782],[118.0067,24.4552],[119.6971,26.4398],[120.5444,27.6387],[120.6135,27.7942],[120.6498,27.9556],[120.813,29.5594],[120.8728,29.6359],[121.3071,29.8808],[121.3661,29.9467],[121.8218,30.6391],[121.8898,30.9398],[121.8377,31.1029]]}},{"type":"Feature","properties":{"id":"393349d2","callsign":"AHK208","maxalt":35025,"times":[15190,15269,15357,15392,15497,15609,15766,15955,16162,16891,16988,17973,18036,18577,18864,19811,20632,21177,21766,22367,22745,23251,23822,24170,24425,25061,25770,25813,26116,26555,26922]},"geometry":{"type":"LineString","coordinates":[[113.908,22.3301],[113.9719,22.3477],[114.0653,22.3285],[114.086,22.295],[114.097,22.1605],[114.2636,22.0729],[114.4499,21.85],[114.859,21.7444],[115.3747,21.7488],[117.3364,21.9741],[117.5859,22.0441],[119.8739,23.338],[120.0044,23.4413],[121.0384,24.424],[121.673,24.8833],[123.7613,26.4806],[125.6511,27.8791],[126.946,28.8118],[128.3771,29.8099],[129.872,30.816],[130.9137,31.3702],[132.3344,32.0945],[134.0152,32.7984],[135.1287,33.0818],[135.9526,33.2655],[137.9491,33.8547],[140.0914,34.4478],[140.1706,34.5111],[140.6058,34.9755],[140.5502,35.5153],[140.3953,35.737]]}},{"type":"Feature","properties":{"id":"3933561a","callsign":"MYU6011","maxalt":37025,"times":[15985,16052,16125,16157,16190,16565,16679,16929,17447,18560,19160,21016,22753,23569,23600,24820,26180,28115,28496,28776,30839,30867,30909,30934,31147,31388,31417,31614,32189]},"geometry":{"type":"LineString","coordinates":[[113.9097,22.3304],[113.9644,22.3465],[114.0408,22.3412],[114.0721,22.3221],[114.0869,22.2871],[114.0866,21.6498],[114.0352,21.4326],[113.9953,20.9129],[113.7482,19.8472],[112.9508,17.8572],[112.2435,16.9478],[110.0062,13.9751],[108.0749,10.933],[107.1394,9.5158],[107.114,9.4564],[106.8131,7.0253],[106.2181,4.2775],[106.9343,0.3976],[107.0874,-0.3664],[107.2373,-0.9176],[107.6021,-5.148],[107.5856,-5.1963],[107.5212,-5.2383],[107.4972,-5.2769],[107.4782,-5.6411],[107.3772,-5.968],[107.3424,-5.9817],[107.0961,-5.9638],[106.6709,-6.1317]]}},{"type":"Feature","properties":{"id":"393354f5","callsign":"RMY3508","maxalt":36025,"times":[16252,16325,16394,16428,16461,16837,16951,17146,17184,18561,18620,18741,18801,20236,21352,22484,23976,25842,25904,26760,27559,27661,27704,27789,27817,27843,27870,27946,27995,28056,28163,28201,28243,28443,28482,28539,28948]},"geometry":{"type":"LineString","coordinates":[[113.9024,22.3281],[113.9635,22.3466],[114.0392,22.3418],[114.0726,22.3214],[114.0875,22.2859],[114.0857,21.6436],[114.0351,21.4275],[114.0079,21.0314],[113.9873,20.9279],[112.2385,18.6622],[112.1302,18.6095],[111.8833,18.6128],[111.7715,18.5617],[109.2629,16.9512],[107.1931,15.7694],[105.5938,13.9791],[104.7712,10.9088],[103.6014,6.9923],[103.55,6.8677],[102.6904,5.1901],[101.9103,3.6987],[101.843,3.5239],[101.7879,3.472],[101.6426,3.4165],[101.611,3.3783],[101.6034,3.3354],[101.6179,3.2925],[101.7199,3.2247],[101.7574,3.156],[101.7868,3.0623],[101.7896,2.9065],[101.7591,2.8681],[101.7101,2.8685],[101.6004,3.0685],[101.5659,3.0762],[101.5317,3.0387],[101.7083,2.7688]]}},{"type":"Feature","properties":{"id":"3933b079","callsign":"FDX5217","maxalt":38025,"times":[23465,23575,23607,23639,23722,23761,23848,23915,23946,23977,24012,24194,24476,24539,25095,25192,25226,25287,25353,26720,27095,27558,28427,28630,28675,29328,29579,29717,30483,31064,31211,32089,34789,35091,37097,37941,38808,39682,40671,40731,41388,42052,42292,42837,43312,43366,43816,44641,45852,46774,47788,48452,49274,49969,50829,51238,51810,52446,53228,53946,54454,54863,55294,55769,56275,56748,57725,58262,58892,58954,59817,61602,62311,62496,62553,62667,62705,62734,62887,63028,63107,63211,63303,63346,63589,63609,64049]},"geometry":{"type":"LineString","coordinates":[[113.9289,22.321],[114.0333,22.344],[114.0681,22.3325],[114.0872,22.2964],[114.0897,22.1879],[114.1331,22.1576],[114.2596,22.153],[114.3737,22.1789],[114.4147,22.2195],[114.4216,22.2753],[114.3914,22.3298],[114.1284,22.5563],[113.8747,23.0444],[113.7991,23.1401],[112.8342,23.6449],[112.6778,23.7518],[112.6321,23.8014],[112.5787,23.9112],[112.4779,23.9916],[110.2346,25.4775],[109.6199,25.8609],[108.7625,26.0869],[107.1931,26.6164],[106.8337,26.7641],[106.7599,26.8076],[105.8534,27.7254],[105.3942,27.884],[105.158,28.0028],[104.2713,29.2759],[104.4843,30.5926],[104.391,30.891],[104.2955,32.8518],[99.3957,35.5474],[98.7517,35.8064],[94.4069,37.5313],[92.5616,38.2357],[90.527,38.83],[88.4721,39.464],[86.1356,40.1283],[86.0006,40.1778],[84.6313,40.8907],[83.1819,41.6122],[82.7117,41.9334],[81.7747,42.7884],[80.8734,43.5122],[80.7545,43.5779],[79.4899,43.6259],[77.1658,43.6777],[73.7748,43.6962],[71.2554,43.5444],[68.5292,43.3205],[66.7857,42.9978],[64.6517,42.5489],[62.8586,42.1346],[60.6572,41.5796],[59.6266,41.34],[58.1472,41.1926],[56.5202,41.0091],[54.5005,40.9702],[52.6734,40.9061],[51.4432,40.7228],[50.4182,40.6838],[49.3271,40.8879],[48.0982,41.0905],[46.7664,41.2944],[45.5214,41.4634],[42.8909,41.6697],[41.4489,41.5453],[39.8971,41.0302],[39.7379,41.0009],[37.4093,41.203],[32.6343,42.1658],[30.65,41.7576],[30.2072,41.6871],[30.0766,41.678],[29.8504,41.7542],[29.7735,41.754],[29.7302,41.7246],[29.5995,41.5126],[29.3798,41.44],[29.3024,41.3636],[29.2989,41.2342],[29.3944,41.1477],[29.3681,41.1022],[29.0567,40.9485],[29.0284,40.9525],[28.7283,41.1555]]}},{"type":"Feature","properties":{"id":"3933ccfb","callsign":"HKE618","maxalt":35050,"times":[25791,25956,25977,26085,26151,26190,26661,27387,27484,28357,29399,29687,30662,31166,31224,32976,33484,34659,35072,35183,35501,35775]},"geometry":{"type":"LineString","coordinates":[[113.927,22.3205],[114.0737,22.3974],[114.1043,22.3974],[114.2665,22.3266],[114.3226,22.2284],[114.3761,22.1784],[115.4125,21.8142],[117.3495,21.9807],[117.5997,22.0529],[119.6125,23.1947],[121.5035,25.1574],[122.1038,25.6523],[123.6996,27.6562],[124.6167,28.678],[124.7062,28.8044],[126.3473,32.747],[126.7298,33.8845],[127.0022,36.3738],[126.9889,37.0248],[126.9259,37.1272],[126.6267,37.2716],[126.4798,37.4329]]}},{"type":"Feature","properties":{"id":"3933cc64","callsign":"GTI8349","maxalt":35000,"times":[26093,26266,26404,26517,26668,26804,26851,27229,27750,27810,28760,29329,29616,30315,31575,32083,32568,33168,33737,34249,34533,34582,34614,35478,35541,35761,36205,36812,37629,38359,38932,45845,46428,50269,52121,52354,53226,53750,54408,55020,55368,55871,56311,56786,57352,57711,57872,58093,58149,58475]},"geometry":{"type":"LineString","coordinates":[[113.9308,22.3215],[114.0844,22.4013],[114.2625,22.33],[114.3635,22.1763],[114.5459,21.957],[114.7945,21.7802],[114.9019,21.7437],[115.9343,21.7436],[117.4143,21.9782],[117.5727,22.0331],[119.9018,23.3541],[121.0516,24.4331],[121.7251,24.921],[123.3415,26.1646],[126.4194,28.4357],[127.7332,29.3647],[129.0275,30.2473],[130.7459,31.2258],[132.4155,32.1314],[134.0509,32.8103],[135.0386,33.06],[135.1991,33.1187],[135.2781,33.1834],[136.9863,35.0714],[137.1364,35.1922],[137.7431,35.5607],[139.1466,36.1086],[140.9345,36.9467],[143.5365,37.8274],[145.116,39.2124],[146.3869,40.2812],[163.798,50.6513],[165.5672,51.3818],[178.0667,56.0833],[185.0333,57.9667],[186.0295,58.1871],[189.5796,58.9435],[191.7648,59.3735],[194.5795,59.8686],[197.2454,60.2733],[198.8485,60.3646],[201.1474,60.4482],[203.1479,60.4887],[205.3028,60.5015],[207.4457,60.7655],[208.5349,60.8797],[208.9105,60.9539],[209.2657,61.1396],[209.3772,61.1629],[209.9876,61.1679]]}},{"type":"Feature","properties":{"id":"3933d1aa","callsign":"AAR970","maxalt":35025,"times":[26409,26516,26544,26584,26688,26805,26953,27128,27257,28062,28099,29027,29091,29346,29915,30168,31091,31587,31628,32479,33562,34824,35077,35237,35305,35330,35372,35750,36008]},"geometry":{"type":"LineString","coordinates":[[113.927,22.3055],[114.0278,22.3373],[114.0568,22.3283],[114.0862,22.2932],[114.0952,22.1631],[114.2645,22.0694],[114.4538,21.8514],[114.864,21.7464],[115.2122,21.7504],[117.4804,21.9953],[117.576,22.0348],[119.8719,23.3347],[120.0125,23.4487],[120.5198,23.9486],[121.5172,25.1653],[122.0831,25.6286],[123.7044,27.6615],[124.6698,28.7386],[124.7282,28.8365],[125.5676,30.8993],[126.6903,33.5486],[126.9988,36.3421],[126.9929,36.7685],[127.1003,36.9928],[127.1054,37.077],[127.1007,37.1061],[127.0637,37.1417],[126.6218,37.2757],[126.4803,37.4323]]}},{"type":"Feature","properties":{"id":"3933d418","callsign":"AWQ301","maxalt":37050,"times":[26650,26753,26787,26818,26923,27033,27185,27396,27575,27940,27979,28044,28891,30458,32152,32222,32323,33560,33815,34197,35498,36413,41159,41219,41958,42117,42254,42544,42593,42682,42709,42819,43130]},"geometry":{"type":"LineString","coordinates":[[113.9262,22.3054],[114.0277,22.3376],[114.0671,22.3281],[114.0864,22.2965],[114.0967,22.1612],[114.263,22.0731],[114.437,21.8596],[114.8706,21.7256],[115.1997,21.4848],[115.8602,20.9212],[115.9124,20.8521],[115.9424,20.7245],[115.8521,19.044],[117.1633,16.1241],[116.7326,12.7256],[116.7243,12.5832],[116.737,12.3763],[116.627,9.8543],[116.4826,9.356],[116.229,8.6062],[116.0347,5.9092],[115.7784,4.0368],[115.1347,-6.0069],[115.1439,-6.1333],[115.6005,-7.6278],[115.6697,-7.946],[115.6778,-8.2058],[115.5883,-8.6079],[115.5513,-8.6542],[115.5277,-8.7543],[115.5022,-8.7639],[115.3954,-8.7395],[115.1754,-8.7481]]}},{"type":"Feature","properties":{"id":"3933d06d","callsign":"GTI8127","maxalt":35000,"times":[26728,26913,27056,27150,27335,27476,27510,27657,28422,28473,29398,29460,29999,30285,30983,31777,32226,32830,33219,33536,34139,34821,35643,35707,35991,36179,36231,36865,37438,38231,38866,39333,45517,45977,46566,47051,50097,50425,50911,52278,52401,52845,53338,53947,54300,54664,55021,55379,55833,56185,56720,57224,57265,57462,58037,58295,58453,58720,58782,59129]},"geometry":{"type":"LineString","coordinates":[[113.9294,22.321],[114.0835,22.4015],[114.2641,22.3294],[114.3404,22.2083],[114.5497,21.9538],[114.8106,21.7697],[114.8914,21.7447],[115.2693,21.7487],[117.4333,21.9853],[117.571,22.0321],[119.8382,23.3154],[119.9798,23.417],[121.0677,24.4456],[121.7384,24.9312],[123.3593,26.1781],[125.2726,27.6009],[126.3964,28.4193],[127.9646,29.5253],[129.0015,30.2339],[129.8964,30.7518],[131.6458,31.7194],[133.7616,32.6905],[136.0844,34.1265],[136.2463,34.2504],[136.8157,34.8717],[137.1685,35.2864],[137.2843,35.3907],[139.3072,36.1676],[141.0191,36.9798],[143.5394,37.8291],[144.9103,39.035],[145.9321,39.9041],[160.7155,49.3166],[162.2372,50.0422],[164.0445,50.7756],[165.6164,51.36],[175.146,55.12],[176.2883,55.5173],[178.0667,56.0833],[183.1167,57.5],[183.55,57.6167],[185.3955,58.0457],[187.3822,58.4831],[189.8758,59.0044],[191.3426,59.294],[192.8975,59.5798],[194.4291,59.8439],[195.9681,60.0874],[197.9781,60.3776],[199.5641,60.5882],[201.9889,60.8694],[204.2855,61.091],[204.4735,61.0887],[205.3705,61.0082],[207.6877,60.9387],[208.5179,60.8807],[208.9096,60.9539],[209.3022,61.1506],[209.417,61.1656],[209.9884,61.1679]]}},{"type":"Feature","properties":{"id":"3933df7a","callsign":"CKS637","maxalt":37000,"times":[26829,26909,26919,26942,26985,27001,27014,27094,27137,27247,27409,27598,28096,28533,28564,29516,30090,30377,31303,31998,32569,33153,33630,34043,34422,34865,35276,35562,36387,37374,37406,38115,39087,44874,45203,50327,52787,53183,53958,54465,54918,55909,56353,57558,58039,58216,58454,58509,58845]},"geometry":{"type":"LineString","coordinates":[[113.9271,22.3057],[113.9981,22.3281],[114.0165,22.3209],[114.0267,22.3394],[114.0892,22.3135],[114.1067,22.2924],[114.0863,22.2958],[114.0885,22.1893],[114.1174,22.1451],[114.2655,22.0695],[114.4422,21.8574],[114.8415,21.7485],[116.2357,21.7468],[117.4213,21.9766],[117.5496,22.0209],[119.898,23.3515],[121.0599,24.4396],[121.7318,24.9257],[123.9312,26.6074],[125.6552,27.8821],[127.1195,28.9345],[128.6545,29.9993],[129.9542,30.8639],[131.2033,31.52],[132.3743,32.1129],[133.8235,32.7188],[135.2671,33.1158],[136.2835,33.3476],[138.9962,34.4214],[142.2662,35.6161],[142.3492,35.6733],[143.9741,37.0704],[146.2087,38.9134],[159.866,47.8835],[161.1633,48.5356],[177.3004,54.8729],[186.5,57.3771],[188.0944,57.7248],[191.3104,58.3849],[193.4481,58.7821],[195.3843,59.1112],[199.719,59.7856],[201.7063,60.0692],[206.9666,60.7087],[208.4873,60.8738],[208.9113,60.9542],[209.3016,61.1505],[209.414,61.1656],[209.9855,61.1679]]}},{"type":"Feature","properties":{"id":"3933da0f","callsign":"HKE820","maxalt":35025,"times":[27242,27410,27433,27544,27613,27706,28078,28860,28960,29113,29162,30177,30240,30305,30402,31221,32202,32834,33537,33723]},"geometry":{"type":"LineString","coordinates":[[113.924,22.3194],[114.0721,22.3977],[114.1047,22.3978],[114.2702,22.3238],[114.3264,22.2233],[114.448,22.0943],[115.2463,21.8516],[117.3313,21.9833],[117.5909,22.0507],[117.9465,22.2398],[118.0786,22.2644],[120.7448,21.9416],[120.9125,21.9433],[121.081,21.9764],[121.3105,22.084],[123.0333,23.3444],[125.2798,24.7691],[126.6855,25.5568],[127.6312,26.0431],[127.6342,26.1652]]}},{"type":"Feature","properties":{"id":"3933e0cb","callsign":"HKC331","maxalt":38100,"times":[27920,28041,28067,28092,28519,28642,28861,29102,29988,30098,30205,30552,30613,31410,32324,32830,33273,33877,35174,35236,35490,35751,35779,36168,36413,36604,36629,36699,36725,37028,37067,37099,37158,37675]},"geometry":{"type":"LineString","coordinates":[[113.9261,22.3053],[114.0389,22.3386],[114.0693,22.3263],[114.0857,22.299],[114.0859,21.6385],[114.0246,21.4255],[113.7752,21.0914],[113.3334,20.9457],[111.5566,20.8467],[111.3459,20.8001],[111.1269,20.804],[110.4775,20.5843],[110.372,20.5183],[109.1058,19.5602],[107.6456,18.4213],[106.7716,17.8843],[106.0461,17.3441],[104.9849,16.6931],[102.9467,14.9091],[102.8357,14.8482],[102.3318,14.6918],[101.8346,14.6843],[101.7845,14.6679],[101.2826,14.3051],[101.0754,14.061],[101.0096,13.8304],[100.9901,13.8086],[100.9126,13.8271],[100.8927,13.8458],[100.9661,14.1578],[100.94,14.186],[100.9063,14.1792],[100.8676,14.1334],[100.7389,13.7021]]}},{"type":"Feature","properties":{"id":"3933e52b","callsign":"CES726","maxalt":35100,"times":[28216,28417,28532,28610,28696,29208,29242,29454,29606,29658,29717,30069,30134,30669,31365,31685,32441,32496,32528,32576,32685,32755,32945,32984,33017,33069,33288,33346,34009,34458,34579,34699,34789,34969,35088]},"geometry":{"type":"LineString","coordinates":[[113.9246,22.3195],[114.0984,22.3982],[114.2648,22.3271],[114.3302,22.2202],[114.4363,22.1099],[115.5916,21.9164],[115.6753,21.9188],[116.1988,22.0175],[116.5941,22.0299],[116.7276,22.0569],[116.8418,22.1465],[117.2686,22.8641],[117.3741,22.9865],[118.4546,23.8725],[119.9011,25.0263],[120.4172,25.6557],[121.3795,27.2608],[121.4369,27.3788],[121.4399,27.4472],[121.4131,27.5257],[121.268,27.6619],[121.1564,27.7099],[120.8456,27.7662],[120.7775,27.8012],[120.7363,27.8444],[120.7023,27.9356],[120.6971,28.3996],[120.7251,28.5224],[121.3338,29.8934],[121.7604,30.5504],[121.7287,30.6949],[121.8256,30.7975],[121.8448,30.8795],[121.8341,31.02],[121.8065,31.0934]]}},{"type":"Feature","properties":{"id":"3933c704","callsign":"HKE530","maxalt":36150,"times":[28425,28537,28562,28587,28950,29087,29240,29317,29385,29637,30467,31069,31198,31401,31581,32298,32388,32541,33048,33138,33190,33312,34072,34226,34329,34557]},"geometry":{"type":"LineString","coordinates":[[113.9324,22.3073],[114.044,22.3386],[114.0734,22.3237],[114.0873,22.2936],[114.0883,21.6844],[114.0266,21.4273],[113.8439,21.1791],[113.721,21.0816],[113.5964,21.0252],[113.1314,20.8762],[111.5149,20.8462],[110.3665,21.1272],[110.1354,21.2355],[109.8136,21.4912],[109.4902,21.6544],[108.3569,22.5327],[108.2055,22.6146],[107.9212,22.6303],[107.022,22.4695],[106.8663,22.4335],[106.7851,22.3906],[106.6248,22.2462],[105.8284,21.3959],[105.6491,21.3619],[105.627,21.2754],[105.7805,21.2288]]}},{"type":"Feature","properties":{"id":"3933ebd9","callsign":"HGB702","maxalt":37000,"times":[28825,28993,29016,29136,29281,29318,29787,29852,30514,31540,31577,32097,32598,32955]},"geometry":{"type":"LineString","coordinates":[[113.9271,22.3204],[114.0722,22.3986],[114.0987,22.3983],[114.2663,22.3252],[114.4115,22.1172],[114.4671,22.0727],[115.5819,21.7483],[115.7588,21.7492],[117.4945,21.9989],[119.7553,23.4643],[119.8149,23.5281],[120.4125,24.3845],[120.9806,24.8876],[121.1972,25.0581]]}},{"type":"Feature","properties":{"id":"3933ebbb","callsign":"CPA691","maxalt":39025,"times":[28911,29042,29070,29097,29299,29808,30737,30920,31009,31910,33641,35292,36490,37375,38710,38819,39043,39205,39261,39315,39764,40420,40561,40861,40943,40981,41253]},"geometry":{"type":"LineString","coordinates":[[113.9259,22.3053],[114.0431,22.3386],[114.0737,22.3245],[114.087,22.2905],[114.0869,21.9746],[114.003,20.961],[113.5526,18.9855],[113.4844,18.5937],[113.3914,18.4267],[112.2097,16.9032],[109.9849,13.9441],[108.0597,10.9085],[106.5996,8.691],[105.5619,7.0069],[104.5628,4.2153],[104.6053,3.99],[104.7846,3.5519],[104.86,3.2221],[104.8638,3.1152],[104.8058,3.0295],[104.1106,2.5005],[104.1068,1.6245],[104.1287,1.4547],[103.9982,1.1402],[103.9254,1.1451],[103.9086,1.1709],[103.9775,1.3492]]}},{"type":"Feature","properties":{"id":"3933f12e","callsign":"HKE192","maxalt":35025,"times":[29220,29406,29519,29590,29766,29892,29940,30484,30910,31002,31889,32783,33086]},"geometry":{"type":"LineString","coordinates":[[113.9223,22.3187],[114.0871,22.4006],[114.2611,22.3318],[114.3245,22.2277],[114.5414,21.9579],[114.752,21.8099],[114.8874,21.7452],[116.3164,21.7419],[117.3989,21.9715],[117.6216,22.0612],[119.534,23.1495],[120.6274,24.0425],[120.6215,24.2528]]}},{"type":"Feature","properties":{"id":"3933f14a","callsign":"CPA488","maxalt":35025,"times":[29567,29725,29752,29879,29990,30088,30472,30563,31217,31262,31931,31995,32279,32759,33367,33699]},"geometry":{"type":"LineString","coordinates":[[113.9312,22.3217],[114.0693,22.397],[114.101,22.3981],[114.2676,22.324],[114.3681,22.1719],[114.494,22.0376],[115.3702,21.8018],[115.6166,21.8083],[117.3921,21.9817],[117.5126,22.0047],[119.0848,22.8939],[119.2261,22.9946],[119.7909,23.4973],[120.3711,24.3135],[121.0275,24.9058],[121.2125,25.0522]]}},{"type":"Feature","properties":{"id":"3933f6c0","callsign":"CPA257","maxalt":40025,"times":[30530,30717,30844,30868,30923,30991,31016,31110,31138,31428,31492,31856,31969,32059,32419,32539,32629,32719,32779,32838,32899,33440,33800,33860,33950,34248,34398,34908,35597,35694,36096,36431,36526,36695,36797,36858,37407,37504,37576,37638,38051,38123,38252,39140,39651,40370,40640,40730,41090,43069,44178,44987,45467,45562,45617,46461,46911,46971,47990,48110,48260,48320,48620,48680,48950,49159,49249,49432,49497,49573,49841,50700,51611,52276,52941,53130,53765,54974,55071,55543,56401,57129,58014,58219,58857,59555,60326,60995,61441,61822,61886,62300,63193,63726,63947,64640,65157,65724,66422,66537,68072,69058,69122,69880,70637,71488,72184,73247,73941,74476,75544,76337,76963,78218,78784,79380,79419,80158,80352,80372,80391,80503,80571,80733,80993]},"geometry":{"type":"LineString","coordinates":[[113.9263,22.3201],[114.0839,22.4018],[114.253,22.3373],[114.289,22.3415],[114.3492,22.3969],[114.3325,22.4908],[114.3055,22.5146],[114.1689,22.5377],[114.1275,22.5598],[113.8808,23.0318],[113.8068,23.1323],[113.2862,23.6259],[113.0923,23.7321],[112.9645,23.8536],[112.7222,24.5564],[112.7091,24.8286],[112.6604,25.0203],[112.5931,25.2038],[112.5106,25.2979],[112.4054,25.3569],[112.2846,25.3806],[111.199,25.3541],[110.4751,25.3071],[110.3536,25.3184],[110.1814,25.3804],[109.7265,25.7854],[109.4556,25.9043],[108.4768,26.1626],[107.2256,26.6903],[107.0534,26.7745],[106.3741,27.2046],[105.8778,27.6922],[105.7056,27.7729],[105.361,27.8977],[105.1783,28.0071],[105.0885,28.1014],[104.4163,29.0564],[104.327,29.2434],[104.2993,29.401],[104.308,29.5449],[104.4709,30.5184],[104.456,30.6791],[104.3877,30.9584],[104.2879,33.0032],[104.3324,34.1565],[104.2582,35.6968],[104.1678,36.2572],[104.0693,36.4089],[103.3622,36.7912],[99.141,38.6033],[96.6897,39.6042],[94.8788,40.3029],[93.9004,40.8841],[93.7473,41.0348],[93.6444,41.1119],[91.868,42.2208],[90.9861,42.8904],[90.8521,42.967],[88.3602,44.0699],[88.037,44.1535],[87.6343,44.0456],[87.4913,43.968],[86.746,43.6322],[86.5753,43.6139],[85.807,43.6923],[85.2057,43.7256],[84.9536,43.676],[84.4956,43.4748],[84.3166,43.4323],[84.0968,43.4213],[83.3176,43.4842],[80.8149,43.549],[78.1499,43.6561],[76.1968,43.6948],[74.2948,43.7003],[73.7508,43.696],[71.9576,43.5926],[68.6098,43.3282],[68.3368,43.2948],[67.0542,43.0508],[64.768,42.5744],[62.8459,42.1314],[60.5789,41.56],[60.0528,41.4412],[58.3503,41.2474],[56.511,41.0084],[54.4386,40.9685],[52.6714,40.9061],[51.5287,40.7301],[50.5268,40.6833],[50.3588,40.6942],[49.2704,40.8978],[46.8963,41.2751],[45.4215,41.4768],[44.8025,41.531],[42.86,41.6684],[41.4023,41.5513],[39.7951,41.6347],[37.8276,41.7099],[37.4994,41.7675],[33.1199,42.0643],[30.3153,42.6085],[30.1529,42.6748],[28.3766,43.652],[26.3904,44.436],[24.121,45.2659],[22.2221,45.9049],[19.2644,46.8419],[17.3504,47.4666],[15.8183,47.9339],[12.8778,48.8628],[10.6397,49.5197],[8.827,50.0081],[5.2191,50.9273],[3.5117,51.333],[1.6874,51.7323],[1.5721,51.7463],[0.1448,51.6453],[-0.1192,51.6531],[-0.1366,51.6439],[-0.1322,51.6309],[-0.0127,51.5662],[-0.0165,51.5185],[-0.1644,51.4659],[-0.459,51.4581]]}},{"type":"Feature","properties":{"id":"39340090","callsign":"HGB326","maxalt":37000,"times":[30796,30982,31107,31183,31307,31790,31856,32495,32534,33565,34138,34455,35412,36172,36783,37417,37988,38400,38874,39449,39827,41096,41153,41339,41530,41638,41728,42202,42618]},"geometry":{"type":"LineString","coordinates":[[113.9301,22.3214],[114.0961,22.3995],[114.267,22.3257],[114.3287,22.2227],[114.4747,22.0612],[115.5821,21.7481],[115.7589,21.7501],[117.4491,21.9861],[117.5498,22.0216],[119.9282,23.3724],[121.0079,24.3991],[121.6987,24.902],[123.7699,26.4868],[125.4936,27.7636],[126.9255,28.7972],[128.4555,29.8632],[129.8816,30.8221],[131.0232,31.4267],[132.3595,32.1067],[134.0747,32.8203],[135.282,33.118],[139.4004,34.0366],[139.5845,34.0931],[140.0348,34.3874],[140.3466,34.7019],[140.4803,34.8716],[140.5198,35.016],[140.5717,35.5256],[140.3925,35.7855]]}},{"type":"Feature","properties":{"id":"3933fdbc","callsign":"CPA723","maxalt":39025,"times":[30838,30915,30955,31074,31124,31144,31409,31530,31781,31933,32300,32540,33165,33440,33909,35755,37495,38760,40821,41269,41364,41461,41878,41946,42085,42221,42366,42730,42796,42824,43225]},"geometry":{"type":"LineString","coordinates":[[113.9634,22.3169],[114.037,22.3384],[114.0757,22.32],[114.0892,22.1728],[114.1437,22.1279],[114.1524,22.101],[114.087,21.6399],[114.0328,21.4142],[113.9927,20.9002],[113.9304,20.571],[113.887,19.7409],[113.6874,19.2862],[113.1154,18.1734],[112.8331,17.7032],[112.2529,16.9603],[109.9993,13.9652],[108.0509,10.8948],[106.5871,8.6705],[104.2552,4.8897],[103.7823,4.045],[103.6293,3.9027],[103.4302,3.8229],[102.4862,3.73],[102.3423,3.6939],[102.106,3.5165],[101.9871,3.2649],[101.9175,3.0168],[101.9637,2.5282],[101.9138,2.4918],[101.891,2.4998],[101.7143,2.76]]}},{"type":"Feature","properties":{"id":"3933fc8e","callsign":"CPA596","maxalt":41025,"times":[30905,31089,31205,31429,31465,31500,31870,31933,32504,32554,32590,32658,32702,33641,34209,34496,35038,35608,36670,37278,37882,38606,39643,40160,40595,40733,40759,40838,41019]},"geometry":{"type":"LineString","coordinates":[[113.9231,22.3191],[114.087,22.4017],[114.2579,22.333],[114.495,22.0114],[114.543,21.9565],[114.607,21.9186],[115.4993,21.7575],[115.6689,21.7421],[117.2738,21.7311],[117.4095,21.7722],[117.4802,21.8351],[117.5524,21.9904],[117.6352,22.0729],[119.9313,23.3791],[121.0823,24.4573],[121.7511,24.9408],[122.9623,25.8769],[124.289,26.8742],[126.811,28.7157],[128.3246,29.7735],[129.8771,30.819],[131.9126,31.8874],[134.1083,33.6176],[134.7197,34.2753],[135.2023,34.6045],[135.357,34.6034],[135.3757,34.5917],[135.3618,34.5347],[135.2545,34.461]]}},{"type":"Feature","properties":{"id":"3934001e","callsign":"CPA787","maxalt":40025,"times":[31329,31460,31492,31525,31927,32048,32230,32322,33558,33798,34098,35352,36453,37270,38352,38416,38450,38931,39473,39957,39994,40334,40390,40904,40966,41029,41944,42009,42496,42679,43004,43076,43225,43307,43348,43993]},"geometry":{"type":"LineString","coordinates":[[113.9248,22.3048],[114.0425,22.338],[114.0739,22.3218],[114.0874,22.2868],[114.0872,21.644],[114.0335,21.4202],[114.0073,21.056],[113.9457,20.8788],[112.3877,18.851],[112.0111,18.5533],[111.4579,18.2824],[109.2647,16.872],[107.2083,15.7827],[105.5255,15.4049],[103.2489,15.0801],[103.119,15.0484],[103.0578,15.0112],[102.5283,14.1696],[101.8263,13.2887],[101.4701,12.3621],[101.4071,12.3164],[100.7143,12.0737],[100.6065,12.0193],[99.8594,11.2444],[99.78,11.1433],[99.7262,11.0274],[99.1546,9.1962],[99.0965,9.086],[98.6191,8.5009],[98.4098,8.3839],[98.0039,8.3745],[97.9319,8.3338],[97.8171,8.2067],[97.7961,8.1199],[97.8202,8.0896],[98.3043,8.112]]}},{"type":"Feature","properties":{"id":"3933e906","callsign":"VJT755","maxalt":41125,"times":[31560,31753,31850,31873,31901,31928,31960,31983,32071,32114,32407,33004,33437,33497,33733,33997,34307,34462,35448,35598,35687,36281,36546,37517,37664,38331,38421,39080,39319,39412,39680,40173,40438,41241,48289,48457,48569,48596,49205,49581,49655,49701,49731,50045,50929,53268,54022,54141,54441,54650,55141,55363,55400,55940,55984,57090,57751,57883,57989,58020,58051,58196,58256,58284,58356,58434,58575,58630,58787]},"geometry":{"type":"LineString","coordinates":[[113.914,22.316],[114.0837,22.3982],[114.2388,22.3435],[114.2837,22.3443],[114.3302,22.3729],[114.3474,22.4206],[114.3351,22.4765],[114.3092,22.5079],[114.1552,22.5438],[114.1022,22.6045],[113.8434,23.1096],[113.4184,24.1917],[113.4495,25.2083],[113.5007,25.3533],[113.5171,25.9201],[113.4894,26.5243],[113.357,27.1849],[113.3556,27.5407],[113.5229,29.7743],[113.617,30.1142],[113.7187,30.3178],[114.282,31.6697],[114.3003,32.2663],[114.5048,34.4677],[114.5961,34.798],[114.7424,36.2959],[114.8214,36.4973],[115.5845,37.8019],[115.563,38.1672],[115.5773,38.3023],[115.8197,38.676],[116.4427,39.2773],[116.6508,39.562],[116.5735,40.0918],[116.5996,40.059],[116.5909,40.1154],[116.5708,40.2289],[116.542,40.2478],[115.4488,39.7619],[114.5697,39.4096],[114.4091,39.3193],[114.3599,39.2238],[114.3607,39.1538],[114.5616,38.4263],[115.025,36.3487],[114.5209,31.2372],[113.8452,29.985],[113.7774,29.7667],[113.7432,29.148],[113.7521,28.7025],[113.6709,27.6844],[113.6578,27.2143],[113.6705,27.1335],[114.0214,25.9477],[114.0289,25.8524],[113.8529,23.4993],[113.4724,22.2232],[113.5555,21.9806],[113.6244,21.8307],[113.6498,21.7916],[113.6986,21.7825],[113.8392,21.9299],[113.8756,21.992],[113.8697,22.0216],[113.8048,22.0689],[113.7662,22.139],[113.7427,22.2536],[113.7727,22.2853],[113.8753,22.3194]]}},{"type":"Feature","properties":{"id":"3934091c","callsign":"GIA863","maxalt":41025,"times":[31699,31817,31848,31880,32281,32401,32640,33530,33800,33860,34881,35776,37885,39685,39749,39800,40620,41893,41987,44299,45256,45314,46259,46447,46617,46643,46671,46846,46947,47091,47180,47210,47467,47660,47924]},"geometry":{"type":"LineString","coordinates":[[113.9323,22.3073],[114.0417,22.3385],[114.0731,22.3227],[114.0872,22.2901],[114.0867,21.6421],[114.0336,21.4197],[113.9989,20.9336],[113.5817,19.1171],[113.489,18.586],[113.4337,18.4818],[112.2124,16.9064],[111.1643,15.5101],[108.7644,11.9717],[106.7027,8.849],[106.6462,8.7309],[106.6379,8.6287],[106.8027,6.9967],[106.2425,4.4223],[106.2261,4.2296],[107.0885,-0.3711],[107.6233,-2.2659],[107.6419,-2.3855],[107.6159,-4.3994],[107.5319,-4.8085],[107.5875,-5.1612],[107.5632,-5.2038],[107.5185,-5.2319],[107.2495,-5.336],[107.1037,-5.3189],[106.9477,-5.4359],[106.8407,-5.4647],[106.8295,-5.4992],[106.8732,-5.8258],[106.824,-6.0334],[106.6569,-6.1092]]}},{"type":"Feature","properties":{"id":"3934070a","callsign":"CPA526","maxalt":39025,"times":[31833,32008,32029,32154,32223,32300,32710,33487,33550,33614,34538,35079,35398,36292,37060,37578,38176,38712,39091,39567,40071,40134,40419,40769,41242,41864,42058,42314,42644,43047]},"geometry":{"type":"LineString","coordinates":[[113.9259,22.32],[114.0747,22.3997],[114.0997,22.3996],[114.267,22.3271],[114.3201,22.2319],[114.4114,22.1342],[115.2492,21.8596],[117.3116,21.9824],[117.4845,22.0158],[117.6503,22.079],[119.9124,23.3647],[121.0064,24.3969],[121.7444,24.9352],[123.8006,26.5096],[125.645,27.8742],[126.9298,28.7999],[128.464,29.8688],[129.8782,30.8194],[130.9828,31.4056],[132.3982,32.1254],[133.9972,32.791],[134.2049,32.8549],[135.1873,33.0956],[136.4072,33.3632],[138.004,33.8485],[139.9862,34.4185],[140.3314,34.729],[140.5083,35.1497],[140.5714,35.5329],[140.3921,35.7859]]}},{"type":"Feature","properties":{"id":"39340baf","callsign":"CRK670","maxalt":37025,"times":[32084,32241,32264,32368,32461,32898,33179,33712,33776,33840,34829,35400,35717,36476,37841,38353,38992,40033,40061,40199,40251,40468]},"geometry":{"type":"LineString","coordinates":[[113.9258,22.3198],[114.0738,22.3978],[114.1079,22.3962],[114.2643,22.3271],[114.3528,22.2029],[115.272,21.8714],[115.979,21.8806],[117.3712,21.9838],[117.5327,22.0222],[117.6831,22.0962],[119.9418,23.3869],[121.0136,24.4036],[121.6955,24.9001],[123.3139,26.1442],[126.3938,28.4177],[127.5975,29.2704],[129.1058,30.3103],[130.5662,31.682],[130.6006,31.6926],[130.7521,31.6538],[130.7932,31.6723],[130.7261,31.7935]]}},{"type":"Feature","properties":{"id":"39340e1c","callsign":"CRK690","maxalt":39025,"times":[32484,32638,32664,32778,32857,32893,33356,34201,34298,35283,35889,36176,37000,37919,38523,39096,40106,40168,40932,41727,42203,42267,42928,43652,43684,43749,44696,45644,46410,46757]},"geometry":{"type":"LineString","coordinates":[[113.9301,22.3213],[114.069,22.3968],[114.1022,22.3972],[114.2629,22.3294],[114.3275,22.2236],[114.3744,22.19],[115.2772,21.8649],[117.4373,21.9972],[117.6729,22.0903],[119.9142,23.3655],[121.0554,24.4372],[121.6736,24.8838],[123.4355,26.2359],[125.4792,27.7532],[126.8798,28.7649],[128.2736,29.7401],[130.5245,31.651],[130.6407,31.7776],[131.8626,33.4169],[133.3497,35.0393],[134.2473,35.98],[134.3837,36.1043],[136.2198,37.0319],[138.2387,37.9877],[138.3236,38.0334],[138.4679,38.1445],[140.043,40.0106],[141.121,41.659],[141.7338,42.5098],[141.6972,42.7576]]}},{"type":"Feature","properties":{"id":"393413c2","callsign":"SIA899","maxalt":40025,"times":[32938,33067,33102,33134,33227,33329,33375,33590,33720,33978,34783,35089,35212,36170,36907,37445,38743,40357,40706,41596,41660,42957,42986,43484,43528,43891,44447,44562,44770,44844,44874,44922,44983,45244]},"geometry":{"type":"LineString","coordinates":[[113.9239,22.3046],[114.0317,22.3384],[114.0691,22.3274],[114.0867,22.2966],[114.0952,22.1675],[114.25,22.0788],[114.2753,22.0085],[114.1021,21.6717],[114.0351,21.4364],[113.9942,20.9076],[113.6055,19.222],[113.486,18.5929],[113.3528,18.3773],[112.1326,16.8013],[111.1964,15.555],[110.5483,14.612],[108.979,12.2925],[107.0368,9.3594],[106.6155,8.7161],[105.5823,7.0443],[105.5247,6.9155],[104.5676,4.2367],[104.5612,4.1716],[104.6636,3.0674],[104.6211,2.9898],[104.1094,2.5008],[104.1052,1.6149],[104.0455,1.4696],[104.0174,1.2097],[103.9958,1.1436],[103.9733,1.1289],[103.93,1.1361],[103.9114,1.1815],[103.9795,1.3537]]}},{"type":"Feature","properties":{"id":"39341600","callsign":"CPA139","maxalt":39025,"times":[33040,33145,33179,33213,33298,33317,33413,33730,34031,34750,36481,37559,38705,40826,41143,41526,41780,42108,42231,42593,44110,44343,44957,45302,45783,46994,49410,49442,49489,49709,49774,49839,49933,50781,51241,51338,51433,51937,52759,54477,55230,55605,56927,58187,58915,59617,60430,61315,61410,62450,63489,63719,63818,63916,63975,64186]},"geometry":{"type":"LineString","coordinates":[[113.9344,22.3082],[114.0317,22.3382],[114.0675,22.3284],[114.087,22.296],[114.0876,22.1822],[114.1011,22.157],[114.2458,22.0847],[114.8066,21.7355],[115.2845,21.2335],[115.7044,19.5618],[117.5481,15.8174],[118.7404,13.5295],[119.9606,11.1376],[122.0595,6.9177],[122.4079,6.3074],[122.742,5.5264],[123.0446,5.0552],[123.5177,4.5211],[123.6226,4.2712],[123.9837,3.5541],[125.7053,0.6324],[126.0295,0.2344],[126.7754,-0.8909],[127.1557,-1.5548],[127.7384,-2.4499],[129.1324,-4.7728],[132.5933,-8.6541],[132.6205,-8.7252],[132.6204,-8.833],[132.5414,-9.3442],[132.5371,-9.5002],[132.5659,-9.6506],[132.6619,-9.8496],[133.812,-11.4867],[134.6274,-12.1976],[134.7698,-12.3767],[134.8783,-12.5727],[135.3509,-13.6529],[136.5128,-15.1821],[139.3335,-18.0006],[140.0054,-19.5987],[140.5547,-20.2686],[142.6877,-22.4675],[144.7973,-24.5471],[146.0805,-25.6933],[147.3236,-26.7733],[148.6457,-28.0969],[150.0407,-29.5935],[150.1386,-29.7775],[150.8195,-31.9972],[151.1533,-33.8013],[151.0789,-34.0868],[151.1107,-34.1834],[151.2053,-34.167],[151.2211,-34.1231],[151.1845,-33.9792]]}},{"type":"Feature","properties":{"id":"39340ef3","callsign":"MNB570","maxalt":38025,"times":[33158,33284,33313,33343,33764,33884,34027,34117,34180,34854,34950,35239,35318,35768,35959,36169,37339,37393,37426,38331,38394,40075,40962,41122,42275,42564,42620,42794,43921,44907,45731,46779,47033,48233,49317,51462,52158,52858,53587,54541,56289,57589,59512,61505,61783,62667,63491,64222,64477,64807,64926,65153]},"geometry":{"type":"LineString","coordinates":[[113.9283,22.3059],[114.0413,22.3385],[114.0703,22.3261],[114.0865,22.2975],[114.0869,21.6414],[114.0231,21.4215],[113.8615,21.1957],[113.7201,21.0776],[113.6014,21.0268],[112.2632,20.5975],[112.0641,20.6051],[111.4985,20.8224],[111.3434,20.8421],[110.4599,20.5362],[110.275,20.4322],[109.7761,20.0682],[107.8437,18.579],[107.7422,18.5243],[107.6728,18.5143],[105.731,18.7276],[105.6012,18.7574],[102.1856,19.9077],[100.5049,20.7966],[100.179,20.895],[97.8255,21.5128],[97.0549,21.181],[96.9065,21.1779],[96.8483,21.3486],[94.4984,22.0716],[92.5259,22.2132],[90.9278,22.3939],[88.9241,22.5968],[88.4405,22.6764],[86.1538,22.8143],[84.0949,22.9737],[80.0205,23.1878],[78.6759,23.2227],[77.3413,23.2828],[75.968,23.1835],[74.1333,23.1462],[70.8238,22.8099],[68.3869,22.9573],[64.7619,22.9655],[61.1646,23.3183],[60.6643,23.3825],[59.1453,23.9248],[57.7811,24.5012],[56.5647,24.9576],[56.2405,25.1449],[55.8274,25.2503],[55.6985,25.2289],[55.5383,25.3192]]}},{"type":"Feature","properties":{"id":"39341829","callsign":"CRK252","maxalt":39000,"times":[33216,33377,33405,33507,33580,33603,34158,34205,34626,34705,34907,35001,35960,36024,36433,37089,37419]},"geometry":{"type":"LineString","coordinates":[[113.9305,22.3215],[114.0732,22.3985],[114.1093,22.396],[114.2622,22.3295],[114.3228,22.2299],[114.3566,22.206],[115.4951,21.7755],[115.6107,21.746],[116.7041,21.7358],[116.8956,21.7743],[117.3953,21.9542],[117.6194,22.0621],[119.7243,23.4458],[119.8299,23.5519],[120.3121,24.2429],[121.0301,24.9082],[121.2148,25.0541]]}},{"type":"Feature","properties":{"id":"393419ac","callsign":"LSI138","maxalt":36000,"times":[33431,33534,33572,33608,33689,33722,33810,33912,33957,34118,34151,34244,34267,34584,34970,35110,35137,35330,35570,36351,36471,36771,37368,37638,37848,38466,38692,38807,39076,39112,39332,39428,39658,39767,40090,40136,40685,40822,40854,41714,42284,42978,43128,43188,43368,43398,44148,44208,44447,44602,45560,46188,46937,47537,48021,49071,49167,49550,49611,50419,50929,51079,51349,51469,51949,52009,52718,53718,53808,54969,55792,56426,57664,57711,58250,58331,58362,58631,58670,58961,59401,60477,61377,61819,62603,63454,63495,63897,64793,65080,65650,66130,66159,66666,67208,68058,68562,69071,69915,71522,71806,72676,73418,73968,74741,75657,76518,76898,77689,78290,79207,79460,79523,80010,80036,80147,80189,80216,80434,80621]},"geometry":{"type":"LineString","coordinates":[[113.9299,22.3065],[114.0285,22.3375],[114.0672,22.3282],[114.0872,22.2931],[114.0892,22.1897],[114.1213,22.1596],[114.2489,22.152],[114.3949,22.1829],[114.4262,22.2352],[114.3745,22.4784],[114.333,22.5102],[114.1665,22.5394],[114.1279,22.5631],[113.8255,23.1146],[113.2579,23.652],[113.0063,23.7687],[112.9691,23.8119],[112.8376,24.2072],[112.503,24.5138],[110.8562,24.7485],[110.6534,24.9078],[110.1776,25.359],[109.0925,26.0008],[108.5282,26.1491],[108.1045,26.316],[106.8733,26.8434],[106.4758,27.1256],[106.2867,27.29],[105.8772,27.7072],[105.8079,27.7444],[105.3511,27.9027],[105.1631,27.9992],[104.8683,28.4156],[104.7607,28.6296],[104.3524,29.2087],[104.3103,29.3026],[104.5238,30.594],[104.4313,30.8889],[104.4262,30.96],[104.3325,32.9019],[104.332,34.1778],[104.2589,35.6847],[104.156,35.9844],[104.1333,36.1108],[104.1067,36.4978],[104.0682,36.5477],[102.5321,37.3127],[102.4039,37.365],[101.8429,37.4747],[101.4946,37.5862],[99.3925,38.4966],[97.9703,39.0898],[96.2857,39.7632],[94.9172,40.2868],[93.9286,40.8676],[91.8299,42.1795],[91.6481,42.3068],[91.0065,42.875],[90.886,42.9516],[89.0612,43.764],[87.8359,44.1575],[87.4964,43.9707],[86.8608,43.6716],[86.5587,43.6114],[85.2399,43.7345],[85.0734,43.7336],[83.4181,42.9472],[81.142,41.7832],[80.9239,41.6919],[77.6755,41.5749],[75.4196,41.4616],[73.7059,41.3539],[70.2969,41.1023],[70.1721,41.0742],[68.7944,40.5857],[68.5801,40.5285],[68.4929,40.5295],[67.7493,40.6529],[67.6381,40.652],[66.8428,40.5505],[65.6523,40.3598],[62.7445,39.8469],[60.2887,39.895],[59.1039,39.9017],[57.0397,39.8817],[54.8237,39.8315],[54.7185,39.8398],[53.7116,40.0578],[51.4753,40.4796],[50.7412,40.5342],[49.2412,40.6096],[47.9695,40.5872],[47.896,40.6139],[46.7461,41.2902],[45.2496,41.4919],[42.8634,41.671],[41.455,41.5506],[40.0233,41.6279],[37.6419,41.7181],[32.9815,41.7433],[32.2145,41.9358],[29.7986,42.4734],[27.6526,42.8066],[26.08,43.0184],[23.836,43.2854],[21.3158,43.8438],[18.8682,44.329],[17.7916,44.561],[15.5398,45.0005],[13.8103,45.3049],[11.1099,45.639],[10.3677,45.6548],[10.1897,45.6381],[9.1364,45.4322],[9.1085,45.4081],[9.0642,45.2791],[9.0056,45.2583],[8.9658,45.2738],[8.7795,45.4633],[8.7381,45.6109]]}},{"type":"Feature","properties":{"id":"39341b6d","callsign":"CPA759","maxalt":39025,"times":[33806,33927,33967,33994,34098,34300,34747,34971,36140,36381,36767,37823,38677,41392,42297,43628,43662,44201,44247,44609,45061,45405,45511,45607,45680,45772,46048]},"geometry":{"type":"LineString","coordinates":[[113.9241,22.3048],[114.0301,22.3381],[114.0717,22.3253],[114.0875,22.2957],[114.0957,22.1455],[114.0892,21.7984],[113.9935,20.9014],[113.8734,20.4395],[113.0425,18.1076],[112.8039,17.6661],[112.3024,17.0244],[110.9514,15.2283],[109.9181,13.7053],[106.6264,8.7325],[105.5633,7.0095],[104.5716,4.2489],[104.5609,4.1783],[104.6637,3.0727],[104.6199,2.9886],[104.1095,2.5012],[104.1063,1.7494],[104.0781,1.2927],[104.0473,1.1869],[103.9896,1.1185],[103.9256,1.1011],[103.9055,1.1753],[103.9783,1.351]]}},{"type":"Feature","properties":{"id":"39341cec","callsign":"CRK608","maxalt":39025,"times":[34146,34304,34331,34453,34526,34589,35114,35146,35571,35633,35887,36907,37510,37794,38777,39566,40137,40778,41315,42175,42745,43097,43381,43980,44665,44700,44924,45011,45262,45365,45399,45570,46017]},"geometry":{"type":"LineString","coordinates":[[113.9334,22.3224],[114.0718,22.3983],[114.1025,22.3973],[114.2656,22.3279],[114.3242,22.2277],[114.3992,22.1484],[115.5302,21.7607],[115.6112,21.7446],[116.7167,21.7392],[116.8809,21.7708],[117.5141,22.0024],[119.8915,23.35],[121.0479,24.4316],[121.6775,24.8868],[123.834,26.5351],[125.6334,27.8662],[126.9921,28.8446],[128.5694,29.9414],[129.935,30.8547],[132.3601,32.1074],[134.0816,32.8215],[135.2387,33.1082],[136.1821,33.3138],[138.1194,33.8913],[140.1794,34.4756],[140.25,34.523],[140.5281,34.8608],[140.5916,34.9899],[140.6493,35.3146],[140.694,35.4027],[140.6887,35.4284],[140.5801,35.5251],[140.3927,35.7851]]}},{"type":"Feature","properties":{"id":"39342305","callsign":"BOX582","maxalt":37000,"times":[34446,34548,34586,34619,34726,34839,34997,35033,35340,35465,35615,35674,35712,35757,35861,36213,37168,37231,37735,38021,38950,39888,40360,40882,41228,41648,42151,42278,42535,43018,43334,43617,44095,44571,45235,51499,52047,52556,52632,53216,53782,54367,55519,56668,60744,61888,62422,63008,63572,64333,64976,65874,66472,67058,68792,69623,70121,70627,70815,71257,71766,72336,72869,73410,73568,74102,74952,75613,76179,76809,77567,78264,78673,79178,79937,80608,81274,82100,82163,82228,82274,82561,82784,82825,82982,83359,83765,83795,84006,84037,84130,84402]},"geometry":{"type":"LineString","coordinates":[[113.9314,22.307],[114.0292,22.3378],[114.0686,22.327],[114.0869,22.2951],[114.0988,22.159],[114.2594,22.0753],[114.4369,21.8609],[114.5049,21.8302],[115.1991,21.7461],[115.5136,21.7391],[115.9026,21.6324],[116.0663,21.6043],[116.1719,21.6019],[116.2996,21.6249],[116.1473,21.6007],[117.5261,22.0086],[119.8725,23.335],[120.0104,23.4466],[121.0271,24.4134],[121.7018,24.9038],[123.8771,26.567],[126.1792,28.2628],[127.3894,29.1244],[128.7414,30.0577],[129.7039,30.6253],[130.9083,31.3092],[132.3738,32.1112],[132.7688,32.282],[133.609,32.5759],[135.218,33.1006],[136.3228,33.3432],[137.327,33.5299],[138.9634,34.0067],[140.6777,34.2502],[143.1177,34.4102],[166.0396,34.7004],[168.1857,34.8767],[170.0568,35.0018],[170.3115,35.0409],[172.3735,35.5398],[174.3865,35.9846],[176.4686,36.3918],[180.5833,37.15],[184.8321,38.0821],[200.0253,41.0023],[204.1079,41.9339],[206.123,42.3353],[208.204,42.7065],[210.2105,43.0329],[212.3854,43.5005],[215.0287,44.0073],[218.1753,44.6594],[220.2275,45.0526],[222.0958,45.7073],[227.9408,47.474],[230.9864,48.0575],[232.8546,48.1744],[234.765,48.262],[235.4761,48.2853],[237.146,48.2887],[239.0582,48.2641],[241.1556,48.2004],[243.0255,48.1111],[244.8782,47.9922],[245.4089,47.9106],[247.1705,47.58],[249.9645,46.9913],[252.1654,46.6719],[254.0471,46.362],[256.0156,45.7853],[258.3197,45.0516],[260.4426,44.4882],[261.6766,44.1267],[263.1854,43.6609],[265.5569,43.1446],[267.6328,42.6486],[269.7064,42.1069],[272.2129,41.4059],[272.3781,41.3209],[272.5312,41.2208],[272.6246,41.1378],[272.9557,40.5163],[273.2365,40.069],[273.2981,39.9965],[273.6488,39.8107],[274.5364,39.5062],[275.1891,39.1456],[275.2082,39.1108],[275.197,38.8595],[275.2191,38.8297],[275.3322,38.8409],[275.3313,39.0466]]}},{"type":"Feature","properties":{"id":"39342071","callsign":"HKE674","maxalt":39050,"times":[34646,34817,34845,34954,35019,35193,35232,35589,35654,36012,36083,36376,37396,37459,37744,38381,38664,39654,40214,40273,41287,41993,42101,42543,43080,43176,43605,43857]},"geometry":{"type":"LineString","coordinates":[[113.9222,22.3187],[114.0671,22.3948],[114.1073,22.3946],[114.2696,22.3223],[114.3241,22.2276],[114.5424,21.9688],[114.6238,21.9406],[115.5037,21.759],[115.6799,21.7425],[116.6393,21.7358],[116.8253,21.7571],[117.5424,22.0166],[119.8434,23.3191],[119.9767,23.4162],[120.4971,23.9216],[121.5116,25.16],[122.0885,25.6364],[123.6706,27.6213],[124.6663,28.7423],[124.7393,28.8677],[125.6599,31.1207],[126.3266,32.6955],[126.4412,32.9334],[127.3321,33.7798],[128.3885,34.5542],[128.5416,34.6377],[128.9558,34.9693],[128.9414,35.1452]]}},{"type":"Feature","properties":{"id":"39342379","callsign":"CPA619","maxalt":40025,"times":[34664,34794,34827,34856,35231,35366,35535,35614,35720,36738,37099,38276,38521,39254,39317,40557,40906,41445,42334,42727,42947,43101,43128,43156,43207,43334,43362,43396,43546,43785]},"geometry":{"type":"LineString","coordinates":[[113.9262,22.3053],[114.0429,22.3383],[114.0747,22.3215],[114.0878,22.2882],[114.0882,21.6668],[114.033,21.4164],[114.0093,21.0742],[113.9627,20.9153],[113.8372,20.7299],[112.5555,19.0738],[112.0555,18.542],[110.0087,17.2292],[109.5261,17.0386],[108.2412,16.2014],[108.1259,16.1402],[105.6239,15.4264],[104.9059,15.2548],[103.7603,15.1447],[101.962,14.5771],[101.2849,14.306],[101.072,14.0549],[101.0138,13.8453],[100.9936,13.8167],[100.959,13.8149],[100.9012,13.8419],[100.923,13.9875],[100.9027,14.0135],[100.8669,14.008],[100.7854,13.8768],[100.7391,13.7028]]}},{"type":"Feature","properties":{"id":"39342238","callsign":"CPA777","maxalt":37025,"times":[34765,34879,34916,34950,35046,35162,35316,35504,35722,36759,38273,39217,39705,41413,41525,41899,42229,43803,43867,44023,44119,44252,44597,44788,44851,45012,45234,45549,45674,46992,47307,47414,47573,47667,47714,47796,48182,48905,49722,49878,50241,50803]},"geometry":{"type":"LineString","coordinates":[[113.9291,22.3063],[114.0296,22.3377],[114.0681,22.3281],[114.0867,22.2945],[114.0964,22.1624],[114.2645,22.073],[114.435,21.8616],[114.8268,21.7411],[115.1686,21.3895],[115.8056,19.1276],[117.1639,16.1298],[116.9056,14.1409],[116.4572,13.2018],[116.4305,9.9505],[116.4941,9.717],[116.2972,8.9235],[116.0809,8.2278],[114.9168,4.9656],[114.8867,4.8304],[114.8599,4.4971],[114.7739,4.3039],[114.5595,4.1004],[113.9529,3.6185],[113.6434,3.3243],[113.5597,3.212],[113.3738,2.9024],[113.1845,2.4449],[112.7948,1.8454],[112.658,1.5998],[110.8307,-0.752],[110.2824,-1.1932],[110.0554,-1.2759],[109.6995,-1.3569],[109.4956,-1.4301],[109.4074,-1.4828],[109.2855,-1.6156],[108.9334,-2.3937],[108.1241,-3.7935],[107.7482,-5.4848],[107.5592,-5.6897],[107.1025,-5.9606],[106.6624,-6.1351]]}},{"type":"Feature","properties":{"id":"3934213f","callsign":"UAL153","maxalt":39000,"times":[35088,35249,35374,35455,35632,35772,35808,36473,36523,36755,37771,38371,38656,39778,40668,41424,42100,42635,43017,43587,43936,44252,44379,44504,45010,45418,46021,46637,46910,54133,55166,55733,58620,59827,60354,61504,62070,62655,63808,64371,64957,65543,66108,66709,67258,68423,68995,70168,70747,71175,71693,72298,73088,73741,74188,74884,75488,75711,76434,76558,76689,76912,76953,76996,77192]},"geometry":{"type":"LineString","coordinates":[[113.9378,22.3237],[114.0851,22.4002],[114.2567,22.333],[114.3276,22.2238],[114.5477,21.9552],[114.81,21.7705],[114.8966,21.7444],[116.7441,21.7362],[116.8691,21.7644],[117.4732,21.9835],[119.8868,23.3437],[121.0601,24.4402],[121.7053,24.9072],[124.226,26.8275],[126.3145,28.3603],[128.1625,29.6621],[129.8478,30.7999],[131.3304,31.5855],[132.4044,32.1273],[134.1035,32.828],[135.2925,33.1199],[136.4151,33.3627],[136.8682,33.446],[137.3024,33.5774],[138.9903,34.1912],[140.3539,34.663],[142.4078,35.2893],[144.5091,35.8856],[145.4457,36.1357],[170.2334,41.0503],[173.6891,41.8555],[175.6361,42.2548],[185.6706,43.6831],[190.023,44.0035],[191.9136,44.2529],[196.0962,44.7233],[198.1455,44.8893],[200.2894,45.0209],[204.619,45.1173],[206.6975,45.106],[208.8904,45.0499],[210.9749,44.9555],[213.0985,44.7885],[215.2175,44.5949],[217.1933,44.3793],[221.1925,43.8147],[223.1141,43.491],[226.8538,42.7386],[228.5716,42.3525],[230.0241,41.9878],[231.4236,41.3646],[232.9948,40.6289],[235.0492,39.7844],[236.7108,39.0549],[237.5318,38.228],[238.8047,36.8737],[239.8527,35.7108],[240.1789,35.2882],[241.2035,34.1521],[241.3539,34.0286],[241.5456,34.0113],[241.8138,34.0346],[241.819,33.9982],[241.783,33.9714],[241.5976,33.9521]]}},{"type":"Feature","properties":{"id":"3934281a","callsign":"CRK640","maxalt":41025,"times":[35852,36031,36136,36162,36228,36420,36681,36745,37227,37307,37541,37604,38595,38658,38820,39196,39514,40302,41250,41855,42539,43326,43361,43722,43785,44325,44356,44385,44418,44452,44515,44540,44567,44939,45027,45085,45142,45741,45795,45849]},"geometry":{"type":"LineString","coordinates":[[113.9246,22.3195],[114.0864,22.4017],[114.2398,22.3413],[114.2747,22.3183],[114.3262,22.224],[114.5644,21.9422],[115.1591,21.7622],[115.3129,21.7434],[116.6237,21.7355],[116.8383,21.7598],[117.423,21.964],[117.5726,22.0317],[119.8644,23.3312],[119.9977,23.4319],[120.2962,23.7307],[121.0249,24.4123],[121.7305,24.9246],[123.4301,26.2314],[125.5406,27.7976],[126.9382,28.806],[128.5887,29.9608],[129.7916,31.6943],[129.8341,31.7754],[130.053,32.5849],[130.0454,32.7057],[129.8447,33.4866],[129.8571,33.5197],[129.9013,33.5266],[129.9463,33.5048],[129.9589,33.4678],[129.9275,33.4077],[129.8989,33.4091],[129.8835,33.4329],[129.8829,33.8221],[129.9103,33.9006],[129.9504,33.9431],[130.0139,33.9414],[130.432,33.5239],[130.4728,33.5282],[130.4706,33.5567]]}},{"type":"Feature","properties":{"id":"39342b34","callsign":"CPA830","maxalt":37025,"times":[36006,36162,36281,36484,36820,36869,37117,37640,37727,38674,39249,39538,40270,41167,41810,42350,42508,42860,43657,43880,44242,44558,44971,45541,46084,46148,46590,46787,47210,47413,53567,54133,54679,55285,55869,57009,57526,57604,59886,61642,62207,62967,63942,64508,65757,66810,67394,68008,68673,69718,70299,70847,71870,72100,72971,73731,74527,75061,75599,76392,77026,77498,78040,78611,79149,79907,80694,81296,82023,82437,82912,84094,84760,85460,86222,86888,87623,87975,88318,88354,88537,88631,88760,88802,88941,89049,89255]},"geometry":{"type":"LineString","coordinates":[[113.9373,22.3237],[114.0858,22.4009],[114.2487,22.3371],[114.4528,22.0815],[115.1448,21.7742],[115.2626,21.7438],[115.9238,21.7494],[117.3827,21.9739],[117.6074,22.0529],[119.8878,23.3447],[121.0477,24.4302],[121.7211,24.9179],[123.4223,26.2256],[125.582,27.8285],[127.1899,28.9842],[128.6009,29.9626],[129.0221,30.2318],[130.0102,30.8032],[132.2918,32.069],[132.9787,32.3712],[134.12,32.8324],[135.2048,33.1001],[136.6394,33.4172],[138.5191,34.0684],[140.3268,34.6588],[140.5334,34.7368],[141.905,35.3449],[142.5767,35.5107],[144.0327,35.8347],[144.7298,35.9866],[166.0992,37.1007],[168.1206,37.0922],[170.008,37.0156],[172.1455,37.2434],[174.1422,37.5015],[178.1833,37.8833],[180.0,38],[180.25,38.0667],[188.6,39.7833],[195.0167,41.1333],[197.1666,41.5391],[199.996,42.0086],[203.5407,42.8132],[205.6274,43.2531],[209.9685,43.9984],[213.692,44.8619],[215.68,45.2618],[217.6529,45.6271],[220.0103,46.0106],[223.5808,46.9259],[225.5674,47.4043],[227.535,47.8231],[231.3168,48.2777],[232.1658,48.334],[235.441,48.3045],[238.2728,48.4453],[241.2014,48.5175],[243.1056,48.5245],[244.9677,48.501],[247.6793,48.527],[249.8847,48.5024],[251.5659,48.3806],[253.4808,48.2044],[255.4373,47.9822],[257.2499,47.7448],[259.8027,47.3575],[262.3922,46.8997],[264.3645,46.4938],[266.7012,45.9511],[268.0197,45.6188],[269.5233,45.2161],[273.2223,44.1522],[275.276,43.5265],[277.3962,42.8276],[279.8635,42.3515],[282.0182,41.8939],[284.2701,41.2843],[285.1143,41.0029],[285.8586,40.9132],[285.9104,40.8716],[286.0101,40.5901],[286.0811,40.457],[286.2834,40.3606],[286.3483,40.3711],[286.4344,40.4891],[286.3985,40.5703],[286.2534,40.638]]}},{"type":"Feature","properties":{"id":"39343362","callsign":"CPA615","maxalt":40000,"times":[36746,36871,36900,36928,37320,37364,38838,39077,39228,40304,40515,40895,41906,43049,43553,44472,44857,45070,45239,45268,45299,45328,45596,45625,45669,45772,46247]},"geometry":{"type":"LineString","coordinates":[[113.9281,22.3059],[114.0385,22.3384],[114.0687,22.3276],[114.0864,22.299],[114.0882,21.6667],[114.0703,21.5869],[112.5315,19.0527],[112.2463,18.6743],[111.9962,18.5043],[110.164,17.3308],[109.7504,17.1829],[109.0894,16.7579],[107.2184,15.7863],[104.8723,15.248],[103.8006,15.1536],[101.9392,14.5701],[101.2844,14.3056],[101.0715,14.055],[101.0128,13.842],[100.9879,13.8158],[100.9516,13.8197],[100.9365,13.85],[100.9947,14.1509],[100.9727,14.1761],[100.9247,14.1748],[100.8433,14.0963],[100.739,13.7024]]}},{"type":"Feature","properties":{"id":"39343780","callsign":"CPA785","maxalt":40025,"times":[37092,37198,37238,37267,37342,37369,37475,37600,37822,37853,37880,37997,38317,39097,40616,41787,41954,42165,42212,43611,44251,44391,44511,45425,46280,47816,47859,48001,48056,48222,48456,48565,48723,48913,49132,49289,49571,49728,49916,51408,51833,52090,52305,52348,52708,53039]},"geometry":{"type":"LineString","coordinates":[[113.9304,22.3067],[114.0263,22.3369],[114.0674,22.3275],[114.0869,22.2979],[114.0866,22.1907],[114.1016,22.1569],[114.2623,22.0746],[114.408,21.9022],[114.8348,21.6882],[114.8917,21.6534],[114.9273,21.6068],[115.0114,21.3698],[115.1942,20.7063],[115.8014,19.1012],[117.1594,16.0946],[116.8448,13.623],[116.7208,13.2846],[116.5985,12.8491],[116.5576,12.7559],[116.3712,9.8005],[116.2118,8.4051],[116.1418,8.1046],[116.1712,7.848],[116.0298,5.8688],[115.78,4.0492],[115.1586,0.7613],[115.1786,0.6746],[115.2981,0.4079],[115.3053,0.3127],[115.222,-0.0584],[115.1893,-0.5642],[115.2074,-0.798],[115.1692,-1.143],[114.9728,-1.5243],[114.7856,-1.9778],[114.6271,-2.2941],[114.5582,-2.9081],[114.5752,-3.2469],[114.5592,-3.6576],[115.0827,-6.8174],[115.584,-7.5803],[115.6477,-8.0629],[115.7679,-8.42],[115.7433,-8.484],[115.4,-8.7372],[115.1661,-8.7485]]}},{"type":"Feature","properties":{"id":"39343eb3","callsign":"VJT536","maxalt":39025,"times":[37378,37554,37666,37806,38196,38244,39087,39177,39310,39351,40370,40419,40479,41154,41882,42860,43812,44476,45048,46187,46886,47646,47842,48352,48860,49370,49407,50023,50774,51505,51649,51832,51911,52506]},"geometry":{"type":"LineString","coordinates":[[113.9208,22.3182],[114.084,22.3984],[114.2506,22.3365],[114.3901,22.1546],[115.1384,21.7814],[115.246,21.744],[117.4296,21.9843],[117.6498,22.0773],[117.9566,22.2429],[118.0714,22.2642],[120.6859,21.9485],[120.8129,21.9479],[120.9548,22.002],[122.4052,22.9437],[124.0036,23.9556],[125.7619,25.7103],[127.5875,27.463],[128.7338,28.7822],[129.7623,29.9371],[131.2245,32.4329],[132.4426,33.904],[133.8024,35.4649],[134.3047,35.7787],[135.6496,36.559],[137.0005,37.3122],[138.358,38.0399],[138.4385,38.1038],[139.4482,39.3107],[140.7123,40.7554],[141.3159,41.9621],[141.5402,42.0829],[141.7468,42.2357],[141.772,42.3088],[141.6968,42.7601]]}},{"type":"Feature","properties":{"id":"39343d4f","callsign":"CPA348","maxalt":39100,"times":[37555,37735,37843,37868,37930,38040,38269,38530,38671,38706,38751,38789,38831,38930,38994,39072,39137,39304,39398,39561,39781,40035,40642,40707,40770,40866,40960,41488,41598,41694,42300,42502,42756,42777,42831,43044,43518,43788]},"geometry":{"type":"LineString","coordinates":[[113.9252,22.3198],[114.0852,22.4008],[114.2419,22.3403],[114.2755,22.3163],[114.3203,22.2315],[114.4453,22.0826],[114.9175,21.8873],[115.5755,21.9043],[115.9477,21.9709],[116.0359,22.0054],[116.1212,22.0781],[116.1678,22.1613],[116.1832,22.2521],[116.1777,22.4817],[116.1981,22.6309],[116.2651,22.8084],[116.3551,22.9432],[116.691,23.232],[116.8654,23.4114],[117.188,23.6952],[117.5961,24.1046],[118.1226,24.5423],[119.3715,25.6265],[119.4724,25.7663],[119.5365,25.9065],[119.5608,26.1293],[119.6412,26.3446],[120.4473,27.4943],[120.5956,27.7397],[120.6503,27.9592],[120.7855,29.2979],[120.845,29.637],[121.2787,29.9288],[121.2905,29.9669],[121.2814,30.0482],[121.4186,30.3781],[121.3499,30.9465],[121.3386,31.1548]]}},{"type":"Feature","properties":{"id":"39343e8a","callsign":"CPA954","maxalt":39100,"times":[37831,38009,38116,38144,38205,38276,38504,38547,38808,39002,39131,39176,39250,39509,39605,39642,40173,40806,40871,41156,42151,42646,42718,42801,42861,43073,43136,43704,43806,44861,45119,46581,47121,47240,47268]},"geometry":{"type":"LineString","coordinates":[[113.9292,22.321],[114.0849,22.4019],[114.2374,22.3421],[114.2762,22.3177],[114.3242,22.2267],[114.407,22.1297],[114.8428,21.9175],[114.941,21.8853],[115.6227,21.9085],[116.1516,22.0108],[116.5052,22.0286],[116.6227,22.0595],[116.7562,22.1885],[117.1684,22.7092],[117.2998,22.9129],[117.365,22.9818],[118.4652,23.8808],[119.8221,24.9534],[119.9465,25.0775],[120.4241,25.6663],[121.7576,27.8778],[122.4073,28.9891],[122.4665,29.1497],[122.4869,29.3381],[122.4729,29.4616],[122.376,29.8817],[122.3685,30.0146],[122.4405,31.283],[122.4225,31.4982],[121.6043,33.2874],[121.398,33.6849],[120.3576,35.8425],[120.0918,36.4813],[120.0265,36.5617],[120.0051,36.5507]]}},{"type":"Feature","properties":{"id":"39343b04","callsign":"UAL862","maxalt":38000,"times":[38304,38458,38483,38592,38702,38841,39159,39964,40069,41055,41756,41807,41860,42191,42638,42683,43631,43757,43819,43913,44386,44956,45453,56473,57624,58189,59340,61075,62246,63376,65115,65425,65639,66265,66829,67414,68586,69156,70302,70866,72031,72642,73188,74961,75489,76676,77851,78420,79290,79952,80003,80058,80289]},"geometry":{"type":"LineString","coordinates":[[113.9328,22.322],[114.0725,22.3973],[114.1047,22.3966],[114.2589,22.3313],[114.3617,22.1866],[114.6046,22.0591],[115.2966,21.8398],[117.4914,21.9995],[117.7484,22.1399],[120.0852,23.6556],[121.682,24.8946],[121.8112,24.9709],[121.9711,25.0056],[122.9878,25.034],[124.3223,24.8964],[124.4674,24.9067],[127.1865,25.9358],[127.5549,26.0712],[127.7432,26.1173],[128.0385,26.1058],[129.5015,25.9687],[131.2591,25.8635],[132.7327,26.3278],[170.1401,31.0007],[174.1603,31.0983],[176.1658,31.0906],[180.1333,31],[186.113,31.0965],[190.0574,31.0003],[193.7389,30.7197],[199.1902,30.114],[200.031,29.9999],[200.7211,30.0202],[202.6365,30.2059],[204.3335,30.3303],[206.0173,30.429],[209.3923,30.5499],[211.038,30.5809],[214.3477,30.5695],[215.9974,30.536],[219.29,30.4135],[220.701,30.9752],[222.0488,31.587],[226.479,33.3211],[227.7733,33.7822],[230.7145,34.775],[233.8724,35.7225],[235.2086,36.1717],[236.8462,37.181],[237.8781,37.4313],[237.9012,37.4767],[237.8596,37.5212],[237.6531,37.6093]]}},{"type":"Feature","properties":{"id":"39344403","callsign":"JAL736","maxalt":41000,"times":[38427,38608,38716,38958,39093,39137,39325,39490,39626,40043,40099,41063,41633,41952,42866,43626,44144,44740,45281,45662,46140,46677,47026,47436,47941,48476,48538,48725,48772,49081,49311,49872]},"geometry":{"type":"LineString","coordinates":[[113.9267,22.3202],[114.0863,22.3988],[114.252,22.3343],[114.5386,21.9636],[114.7955,21.7793],[114.9016,21.7436],[115.41,21.743],[115.8744,21.6953],[116.255,21.7143],[117.406,21.9708],[117.553,22.0221],[119.8954,23.3492],[121.0265,24.4132],[121.7525,24.9433],[123.8375,26.5374],[125.645,27.8745],[126.916,28.7905],[128.4485,29.8586],[129.8753,30.8171],[130.9823,31.4058],[132.3942,32.1224],[134.0851,32.8219],[135.2765,33.1163],[136.6932,33.4181],[138.3842,33.9419],[140.058,34.4335],[140.22,34.496],[140.639,34.7133],[140.6829,34.7862],[140.7128,35.194],[140.6399,35.4238],[140.3954,35.7813]]}},{"type":"Feature","properties":{"id":"39344da4","callsign":"HKE870","maxalt":37075,"times":[39121,39286,39312,39414,39482,39517,40003,40724,40822,41837,42409,42728,43680,44500,45090,45693,46265,46647,47158,47732,48111,48491,48823,49679,49719,49965,49990,50086,50495,50899]},"geometry":{"type":"LineString","coordinates":[[113.926,22.32],[114.0699,22.3961],[114.1054,22.3965],[114.2619,22.3291],[114.3223,22.2284],[114.3745,22.1865],[115.4606,21.7987],[117.3573,21.9801],[117.6047,22.0545],[119.939,23.3842],[121.0187,24.4081],[121.7071,24.9078],[123.7524,26.4739],[125.6014,27.8427],[126.9819,28.8374],[128.4481,29.8586],[129.8787,30.8205],[130.9361,31.3818],[132.3795,32.1167],[134.0778,32.8207],[135.2954,33.1209],[136.5394,33.3854],[137.658,33.4394],[140.1451,34.4581],[140.2295,34.5103],[140.5656,34.9011],[140.5896,34.9364],[140.6285,35.0759],[140.5727,35.5356],[140.3921,35.7859]]}},{"type":"Feature","properties":{"id":"39344bdc","callsign":"CPA828","maxalt":39025,"times":[39184,39291,39334,39361,39457,39571,39741,39932,40019,40728,40949,41029,41885,41949,42459,42748,43449,44338,44918,45501,45724,46200,47090,47570,48043,48107,48203,48405,48724,48786,49231,49453,49612,50119,50501,50594,50668,51149,51656,52167,52625,58303,59766,60272,60331,60584,60877,61423,62086,62496,62906,63276,63510,64368,64858,65534,65851,66314,66769,67083,67555,67995,68497,69006,69505,70008,70478,70946,71354,71833,72023,72558,73095,75070,75577,76145,76555,77121,77692,78223,78474,79037,79636,80144,80679,81433,81781,82131,82701,83273,83682,84068,84482,84862,85522,86215,86942,87578,88063,88170,88452,88492,88530,88769]},"geometry":{"type":"LineString","coordinates":[[113.928,22.306],[114.0291,22.3378],[114.0729,22.325],[114.0881,22.296],[114.0976,22.1622],[114.2643,22.0734],[114.4489,21.8494],[114.8532,21.7439],[115.0617,21.7437],[116.9314,21.9369],[117.5188,22.0205],[117.7164,22.1149],[119.8393,23.3166],[119.9888,23.4273],[121.0439,24.4284],[121.738,24.9304],[123.4,26.2088],[125.5812,27.8276],[127.0067,28.8546],[128.5889,29.9543],[129.2515,30.3019],[130.6933,31.0209],[133.4586,32.3359],[134.7743,33.247],[136.0978,34.1302],[136.2552,34.262],[136.462,34.4731],[137.0773,34.7887],[137.7027,35.4865],[137.863,35.6038],[139.2956,36.1626],[139.9263,36.5232],[140.3954,36.7597],[142.0391,37.3297],[143.2824,37.7358],[143.5568,37.8635],[143.7422,38.0001],[144.807,38.9452],[145.9554,39.9235],[147.113,40.8707],[148.1355,41.6761],[163.137,50.375],[167.7622,52.1448],[169.4055,52.7029],[169.6064,52.7586],[170.3966,53.0453],[171.2535,53.4586],[172.8735,54.2796],[175.1133,55.1125],[176.5877,55.6149],[178.0667,56.0833],[179.0833,56.5833],[180.0,57],[183.15,58.1833],[185.0202,58.8068],[187.6928,59.6242],[188.989,59.9881],[190.9387,60.4974],[192.9129,60.9692],[194.3104,61.274],[196.5211,61.6149],[198.6159,61.9017],[201.064,62.1906],[203.5715,62.4369],[206.0569,62.6332],[208.6175,62.7873],[211.0505,62.8894],[213.4798,62.949],[215.6014,62.9668],[218.1074,62.9473],[219.1033,62.9542],[221.875,62.7966],[224.6472,62.5824],[234.6853,61.6305],[237.2424,61.3562],[240.0666,60.9904],[242.053,60.6688],[244.7245,60.1791],[247.337,59.6321],[249.7108,59.0723],[250.7817,58.7764],[253.1192,58.0615],[255.4943,57.2587],[257.4296,56.5431],[259.3838,55.7601],[262.0156,54.6472],[263.1503,54.1356],[264.2659,53.6094],[266.0368,52.7241],[267.7513,51.8049],[268.9169,51.1431],[269.9831,50.5102],[271.1755,49.8663],[272.2492,49.2619],[274.05,48.1906],[275.8697,47.0308],[277.702,45.7789],[279.1338,44.7025],[279.9809,44.0324],[280.1,43.9063],[280.5326,43.855],[280.5683,43.8236],[280.5623,43.7891],[280.3954,43.6703]]}},{"type":"Feature","properties":{"id":"39345559","callsign":"CPA163","maxalt":37000,"times":[40245,40340,40376,40411,40512,40628,40772,41100,41459,41511,41906,43135,43175,43373,44513,44879,44992,45453,45989,46406,46952,47418,47795,49277,49328,49693,49762,50077,50353,50932,50996,51939,52087,52222,52416,52732,53659,54982,55985,56263,57386,57428,58015,58088,58159,58246,58341,59564,59612,59919,60015,60076,60202,60707,62128,62633,62982,63579,64238,64581,65281,66320,66636,67717,68572,69367,70253,70315,70584,70772,70829,70904,71129]},"geometry":{"type":"LineString","coordinates":[[113.9381,22.3092],[114.0298,22.3379],[114.0672,22.3285],[114.0872,22.2948],[114.0966,22.1614],[114.2665,22.0697],[114.4438,21.8542],[115.1655,21.5115],[115.8818,20.9037],[115.9784,20.8115],[116.6245,20.0557],[118.9222,18.0254],[118.9822,17.9519],[119.2205,17.5413],[120.5484,15.2095],[121.0135,14.5117],[121.0745,14.2665],[121.5495,13.3443],[121.9673,12.2128],[122.0628,11.2816],[122.4775,10.1297],[122.9943,9.2276],[123.2957,8.4357],[124.7023,5.4067],[124.7678,5.3155],[125.3938,4.8151],[125.4675,4.6807],[125.6302,3.9923],[125.8221,3.404],[125.9991,2.0893],[126.031,1.9502],[126.7918,-0.0161],[126.8232,-0.3441],[126.9346,-0.6214],[127.1393,-1.0033],[127.4216,-1.6475],[128.1831,-3.6102],[129.044,-6.4844],[130.1472,-8.3985],[130.3298,-9.0006],[130.8494,-11.5188],[130.915,-11.5837],[132.1259,-12.1675],[132.2593,-12.2655],[132.3592,-12.3907],[132.4126,-12.5801],[132.447,-12.7902],[132.74,-15.5951],[132.7408,-15.7073],[132.6199,-16.3986],[132.6204,-16.6214],[132.6445,-16.7596],[132.7152,-17.042],[133.054,-18.1569],[134.031,-21.2842],[134.4989,-22.3393],[134.8359,-23.0722],[135.4625,-24.3086],[136.1652,-25.6639],[136.5557,-26.3597],[137.3653,-27.7686],[138.7134,-29.8134],[139.1357,-30.4284],[140.7753,-32.4504],[142.2342,-33.9778],[143.3823,-35.4878],[144.6488,-37.0677],[144.7031,-37.1678],[144.7373,-37.5775],[144.731,-37.8096],[144.785,-37.8424],[144.8617,-37.8277],[144.8391,-37.6759]]}},{"type":"Feature","properties":{"id":"39345f80","callsign":"CRK618","maxalt":39000,"times":[41634,41804,41938,42198,42385,42864,43392,43423,44419,44482,45055,45343,46356,47326,48085,48811,49475,50048,50779,50799,50894,51192,51766,51948,52023,52204]},"geometry":{"type":"LineString","coordinates":[[113.9302,22.3214],[114.0845,22.4013],[114.2576,22.333],[114.5224,21.9767],[114.858,21.7477],[116.0589,21.747],[117.4491,21.991],[117.5275,22.0181],[119.8499,23.3229],[119.9832,23.4217],[121.07,24.4481],[121.7066,24.9085],[123.9365,26.6116],[126.1694,28.256],[128.015,29.5605],[129.8477,30.8002],[131.6998,31.7855],[133.0407,32.7895],[134.4019,33.8385],[134.418,33.8653],[134.4309,33.9917],[134.7144,34.2709],[135.2001,34.6038],[135.3759,34.5927],[135.3622,34.5357],[135.2534,34.4602]]}},{"type":"Feature","properties":{"id":"39346219","callsign":"CRK658","maxalt":41025,"times":[41798,41964,42082,42161,42349,42500,42522,42849,43543,43605,44595,44659,45198,45580,45619,45661,45703,46824,46852,47624,48027,48227,48429]},"geometry":{"type":"LineString","coordinates":[[113.926,22.32],[114.0852,22.4004],[114.2558,22.3339],[114.3261,22.2253],[114.5522,21.9506],[114.8267,21.7597],[114.8764,21.7447],[115.6679,21.743],[117.4625,21.9963],[117.6144,22.0575],[119.8764,23.3395],[120.0061,23.443],[121.0228,24.4114],[121.8614,25.0297],[121.9538,25.0816],[122.0656,25.1126],[122.1843,25.1159],[125.2934,24.7899],[125.3656,24.8173],[126.9259,25.6882],[127.515,25.9103],[127.6362,26.0448],[127.6341,26.1678]]}},{"type":"Feature","properties":{"id":"3934630a","callsign":"CPA239","maxalt":40000,"times":[41948,42119,42250,42276,42334,42387,42548,42832,42895,43236,43302,43368,43425,43484,43668,43878,44447,44662,44687,44717,44932,45047,45377,45466,45947,46718,46870,46937,47004,47528,47597,47849,47911,47967,48917,48982,49109,49151,49249,49312,49437,49495,49544,51648,51738,51768,51858,52248,52548,52908,54469,55191,55971,56420,56570,57409,57889,58970,59030,59090,59180,59540,59600,60050,60110,60170,60230,60369,60470,60531,60764,61650,62410,62953,63459,63935,64854,65838,66819,67764,69060,69743,70470,71206,71968,72393,73217,74012,74673,75396,75586,76095,76726,77390,77455,77646,77741,78799,79954,80833,81558,82061,83095,83657,84256,84913,85542,86046,86677,87276,87841,88496,89001,89549,89896,89931,89968,90265,91114,91145,91221,91282,91412,91717]},"geometry":{"type":"LineString","coordinates":[[113.932,22.3221],[114.0846,22.4019],[114.2477,22.3383],[114.2845,22.3382],[114.3482,22.3916],[114.3361,22.4642],[114.1265,22.557],[113.8812,23.0319],[113.8098,23.1298],[113.312,23.6033],[113.2081,23.6784],[113.0819,23.7382],[112.9916,23.8167],[112.9307,23.9267],[112.799,24.3022],[112.4299,24.5204],[111.2521,24.6297],[110.8123,24.6947],[110.765,24.7161],[110.71,24.7475],[110.3781,25.0584],[110.2359,25.2546],[109.7348,25.7313],[109.5802,25.8302],[108.6367,26.0856],[107.168,26.624],[106.8842,26.7428],[106.7666,26.8102],[106.6644,26.9057],[105.9042,27.6742],[105.7737,27.7492],[105.2844,27.9346],[105.1777,28.0077],[105.0935,28.0968],[104.4359,30.0936],[104.4308,30.242],[104.4711,30.5392],[104.464,30.6359],[104.4047,30.8409],[104.387,30.9821],[104.382,31.2692],[104.4174,31.409],[104.423,31.5221],[104.1853,36.3011],[104.1245,36.4851],[104.0872,36.5394],[103.9339,36.674],[103.1256,37.0758],[102.4811,37.3412],[101.6415,37.5242],[98.2592,38.9717],[96.6245,39.6302],[94.8454,40.3198],[93.9123,40.8775],[93.6446,41.1118],[91.8775,42.2152],[90.927,42.9291],[88.2644,44.1108],[88.0972,44.1496],[87.921,44.1482],[87.6801,44.0716],[86.808,43.6502],[86.6451,43.6166],[85.3635,43.7261],[85.1924,43.7255],[85.023,43.6971],[84.8664,43.6426],[84.5195,43.4835],[84.2354,43.4237],[84.0838,43.4223],[83.3714,43.4823],[80.7533,43.551],[78.5162,43.6455],[76.9245,43.6846],[75.4512,43.701],[74.0867,43.6967],[71.5184,43.4886],[68.7985,43.2062],[66.0742,42.8541],[63.5593,42.301],[60.2055,41.476],[58.395,41.2625],[56.504,41.0082],[54.5847,40.9726],[52.6146,40.9031],[51.5402,40.7347],[49.3337,40.8874],[47.2015,41.2296],[45.395,41.4805],[43.3756,41.636],[42.8323,41.668],[41.3989,41.5521],[39.612,41.6423],[37.7262,41.7101],[37.5469,41.7458],[37.0315,41.8994],[36.7562,41.9235],[33.6873,41.9585],[30.4318,42.5844],[28.3586,43.6933],[26.6259,44.5617],[25.2699,45.0374],[22.5562,46.1856],[20.9026,46.6175],[19.1102,47.0506],[17.207,47.6127],[15.4018,48.1731],[13.9525,48.5933],[12.1227,49.1634],[10.3441,49.6777],[8.68,50.1249],[6.7386,50.6106],[5.2052,50.9721],[3.5106,51.3453],[2.6247,51.8153],[2.5254,51.8507],[2.4077,51.8531],[1.5797,51.7454],[0.0196,51.6474],[-0.0056,51.6287],[0.0413,51.5618],[0.029,51.516],[-0.0957,51.4789],[-0.4097,51.4778]]}},{"type":"Feature","properties":{"id":"39346777","callsign":"HKE898","maxalt":37025,"times":[42526,42704,42814,42957,43284,43327,44151,44214,44277,45199,45295,45838,46159,47111,48123,48863,49649,50315,51568,51705,51798,51819,51843,51951,51982,52125,52673,52831,52857,52931,53111]},"geometry":{"type":"LineString","coordinates":[[113.9248,22.3197],[114.0841,22.3992],[114.2469,22.3381],[114.4045,22.1375],[115.0705,21.8142],[115.1761,21.785],[117.3606,21.9817],[117.5224,22.0219],[117.6756,22.0914],[119.8064,23.2979],[120.0107,23.4472],[121.0334,24.4206],[121.7332,24.9273],[123.8007,26.5104],[126.1066,28.2106],[127.8831,29.4693],[129.8532,30.8038],[131.7112,31.7851],[134.3788,33.8174],[134.6365,33.8811],[134.7765,33.9538],[134.7906,33.9777],[134.7845,34.0044],[134.6936,34.092],[134.6842,34.1248],[134.7248,34.2799],[135.2018,34.6048],[135.3584,34.6032],[135.3769,34.5903],[135.3618,34.5347],[135.2529,34.46]]}},{"type":"Feature","properties":{"id":"39346998","callsign":"AFL213","maxalt":38100,"times":[42664,42859,42988,43015,43070,43139,43167,43261,43287,43639,43999,44061,44117,44201,44263,45442,45497,45682,46335,46430,47030,47943,47991,48650,48710,48977,49044,49105,50181,50246,50412,50571,51678,52032,52848,53118,53208,53268,54018,54318,54467,56032,56841,57531,57981,58161,59090,59595,60797,61157,61937,62661,62871,63987,64839,65726,66517,67177,67872,68122,69031,69767,70452,70705,71310,72196,72514,73083,73776,74571,74948,75458,75815,76594,77202,77463,77904,78199,78404,78456,78465,78469,78486,78521,78523,78564,78584,78607,78718,78769,78832,78845,78923,79081,79123,79164]},"geometry":{"type":"LineString","coordinates":[[113.928,22.3207],[114.0847,22.402],[114.2467,22.3386],[114.2856,22.3396],[114.3452,22.3939],[114.3323,22.4912],[114.3008,22.5154],[114.1631,22.5395],[114.1272,22.5616],[113.8252,23.1122],[113.3173,23.5985],[113.2213,23.6717],[113.1232,23.7174],[112.9925,23.8135],[112.8803,23.8597],[110.8313,24.6509],[110.7444,24.7039],[110.5281,24.9784],[109.6422,25.8056],[109.4885,25.8612],[108.4164,26.1454],[106.8588,26.8119],[106.7812,26.8651],[105.9088,27.7423],[105.8134,27.793],[105.3559,27.9007],[105.2464,27.9531],[105.1591,28.0255],[104.4365,30.0884],[104.4285,30.2276],[104.4727,30.5838],[104.3922,30.9026],[104.2744,33.2885],[104.3373,34.0613],[104.2533,35.8061],[104.1479,36.3452],[104.0581,36.5021],[103.9655,36.5897],[102.4855,37.3354],[101.8256,37.4782],[101.5073,37.5812],[98.2227,38.9869],[96.4378,39.7039],[94.894,40.2966],[94.0029,40.8242],[93.6985,41.0774],[91.8707,42.2196],[90.9206,42.9333],[88.1342,44.1673],[87.3308,44.5913],[85.5915,45.5629],[83.9132,46.446],[83.4119,46.6986],[80.6423,47.9737],[78.4896,48.8938],[76.2047,49.7922],[73.9934,50.3767],[72.2811,51.0061],[70.4377,51.6385],[69.7633,51.8584],[67.2974,52.6132],[65.3115,53.2845],[63.4003,53.8796],[62.6723,54.0953],[60.8956,54.5752],[58.1809,55.2371],[57.1188,55.3086],[55.1877,55.3952],[52.7644,55.4114],[49.9146,55.3895],[48.5462,55.4518],[46.6256,55.5814],[45.2599,55.6538],[42.2623,55.7615],[39.911,55.7963],[39.0779,55.7479],[37.9782,56.0038],[37.7069,56.304],[37.4047,56.4282],[37.3117,56.4315],[37.287,56.4472],[37.2861,56.4347],[37.2491,56.4428],[37.1881,56.4319],[37.1904,56.4191],[37.1134,56.4124],[37.0963,56.3857],[37.113,56.3589],[37.2811,56.2581],[37.3168,56.2007],[37.4799,56.1418],[37.4417,56.1761],[37.5959,56.1898],[37.7714,56.0841],[37.9006,56.0924],[37.8391,56.0504]]}},{"type":"Feature","properties":{"id":"39347247","callsign":"HKE112","maxalt":37025,"times":[44121,44284,44313,44417,44480,44529,44776,44818,45711,45809,46728,46877,47028,47061,47400,47561,47736,48187,48217,48251,48360,48401,48440,48526,48552,48579,48605,48635,48739,48760,48820,48941,49464]},"geometry":{"type":"LineString","coordinates":[[113.9256,22.3199],[114.0693,22.397],[114.1097,22.3955],[114.2665,22.3257],[114.3221,22.2295],[114.3851,22.1612],[114.8741,21.9158],[114.9719,21.8852],[117.3366,21.9875],[117.585,22.0489],[119.571,23.1667],[119.743,23.4043],[120.0472,23.5225],[120.0798,23.5734],[120.2181,24.1085],[120.3512,24.3069],[120.4486,24.5226],[120.8767,24.9475],[120.8742,24.9806],[120.8393,24.9961],[120.722,24.9413],[120.7242,24.8955],[120.7727,24.8827],[120.8764,24.9344],[120.8837,24.9629],[120.866,24.9889],[120.8369,24.9965],[120.8034,24.9835],[120.7145,24.8996],[120.7087,24.8758],[120.7492,24.8218],[120.8914,24.8233],[121.2068,25.0657]]}},{"type":"Feature","properties":{"id":"39347337","callsign":"CPA157","maxalt":37025,"times":[44264,44365,44400,44438,44545,44668,44816,45078,45128,45189,45504,45637,46566,47208,47548,48586,48963,50044,51183,52789,53576,53735,53828,53932,55772,56517,56634,56822,56949,57216,57405,57449,57513,57669,57703,57789,57906,58070,58162,58475,61910,63139,64282,65676,67480,68646,69845,70601,70885,71330,72222,72397,72630,72665,72945]},"geometry":{"type":"LineString","coordinates":[[113.9303,22.3067],[114.028,22.3376],[114.0647,22.3301],[114.0869,22.296],[114.0957,22.1615],[114.2628,22.0724],[114.4339,21.8646],[114.9825,21.6062],[115.0886,21.5419],[115.1992,21.4396],[115.7277,20.8295],[115.9553,20.5909],[117.7338,19.0777],[118.9352,18.0121],[119.3511,17.3149],[120.567,15.1792],[121.0543,14.4615],[122.4817,12.4649],[123.9843,10.3167],[125.6744,7.1059],[126.7461,5.7289],[126.9257,5.4198],[127.0806,5.2832],[127.2071,5.1344],[129.7176,1.8455],[130.8454,0.6328],[131.0353,0.4629],[131.3105,0.1563],[131.4563,-0.0751],[131.7365,-0.5869],[132.0445,-0.8569],[132.107,-0.9282],[132.1522,-1.0613],[132.2011,-1.4068],[132.2347,-1.4725],[132.3581,-1.6198],[132.5547,-1.786],[132.7875,-2.0655],[132.9471,-2.188],[133.3794,-2.7254],[138.0551,-8.8423],[140.0443,-10.8346],[141.9263,-12.6792],[144.1012,-15.0854],[146.4842,-18.6167],[148.0276,-20.8198],[149.6469,-23.0511],[150.5589,-24.4767],[150.9303,-24.9868],[151.5291,-25.7825],[152.7468,-26.9867],[152.9592,-27.0724],[153.235,-27.1145],[153.2425,-27.1446],[153.1266,-27.3486]]}},{"type":"Feature","properties":{"id":"3934726e","callsign":"AXM139","maxalt":35050,"times":[44409,44540,44567,44596,44884,45109,45379,45858,45948,46932,49340,51042,52310,54427,54960,54998,55037,55379,55409,55584,55816,55940,56025,56183,56214,56249,56317,56627,56710,56831,56901,56984,57008,57035,57063,57139,57170,57200,57284,57316,57359,57438,57470,57500,57586,57617,57649,57740,57763,57786,57831,58075,58225,58248,58350,58648]},"geometry":{"type":"LineString","coordinates":[[113.9299,22.3065],[114.043,22.3384],[114.072,22.3238],[114.0867,22.2907],[114.0861,21.8586],[114.0362,21.4484],[113.9961,20.9162],[113.7671,19.9256],[113.7124,19.7453],[112.9687,17.8955],[109.9996,13.965],[108.0822,10.9436],[106.6073,8.7019],[104.2683,4.9107],[103.7125,3.9168],[103.6505,3.8639],[103.5724,3.8348],[102.8362,3.7631],[102.7762,3.7635],[102.4351,3.8433],[102.0398,3.6187],[101.8667,3.4584],[101.7082,3.446],[101.422,3.4676],[101.3705,3.4552],[101.3311,3.4152],[101.2781,3.3133],[101.2473,2.8168],[101.3109,2.7311],[101.3037,2.5794],[101.3384,2.498],[101.4153,2.4297],[101.443,2.4339],[101.4562,2.4605],[101.4425,2.4872],[101.3665,2.5255],[101.3358,2.5127],[101.3328,2.4799],[101.4154,2.4297],[101.4493,2.4404],[101.4455,2.484],[101.3671,2.5245],[101.3361,2.5114],[101.3335,2.479],[101.416,2.4296],[101.448,2.4406],[101.4498,2.4748],[101.3641,2.5219],[101.3407,2.5127],[101.3324,2.4885],[101.3673,2.4558],[101.6469,2.4038],[101.8038,2.4169],[101.8168,2.4364],[101.8146,2.5297],[101.7001,2.7045]]}},{"type":"Feature","properties":{"id":"39347581","callsign":"MPH9442","maxalt":38025,"times":[44613,44719,44750,44783,44877,44904,44934,45014,45072,45099,45322,45446,45587,45638,46395,46431,46697,46813,47289,47781,47871,47961,48201,48620,48800,48950,49190,49378,49513,49964,50925,50986,51040,51138,52278,53268,53538,53674,54091,54421,54453,55486,57092,58545,58831,60003,61045,63160,63956,64525,65128,66425,67791,69061,70922,72896,73178,74055,75415,75856,76311,76471,76719]},"geometry":{"type":"LineString","coordinates":[[113.9324,22.3074],[114.0341,22.3398],[114.0665,22.3288],[114.0834,22.2952],[114.0877,22.1767],[114.1019,22.1431],[114.1364,22.1132],[114.2662,22.0704],[114.3282,21.9922],[114.3347,21.9485],[114.0991,21.6555],[114.0162,21.4131],[113.8391,21.1621],[113.7569,21.0808],[112.1924,20.5639],[112.1172,20.567],[111.5803,20.8076],[111.3435,20.8829],[110.3395,21.1347],[109.3949,21.6136],[109.2564,21.7442],[109.1528,21.9074],[108.7919,22.2597],[108.1022,22.8103],[107.8197,23.0605],[107.6067,23.2949],[107.2077,23.6013],[106.8495,23.7852],[106.6268,23.9655],[105.7055,24.1544],[103.7716,24.5885],[103.6555,24.6357],[103.5614,24.6956],[103.3631,24.7365],[101.1773,24.1093],[99.285,23.5418],[98.7709,23.3796],[98.5269,23.262],[97.7382,22.9972],[97.0677,22.9111],[97.0131,22.9189],[94.9591,22.6836],[91.8133,22.277],[88.9629,22.6087],[88.4086,22.6955],[86.1462,22.8318],[84.1268,22.9886],[79.94,23.2081],[78.3532,23.21],[77.2137,23.0966],[76.0311,23.1754],[73.4751,23.0159],[70.8049,22.8101],[68.3536,22.958],[64.8135,22.96],[61.1489,23.3205],[60.6334,23.3891],[59.1326,23.9294],[56.8439,24.6449],[56.1998,24.8121],[55.545,24.7814],[55.3554,24.7943],[55.1778,24.8874]]}},{"type":"Feature","properties":{"id":"393461dd","callsign":"DKH1296","maxalt":35150,"times":[44739,44918,45049,45273,45327,45501,45606,45627,46105,46213,46318,46383,46513,46703,46893,47181,47308,47435,47815,47887,48049,48114,48733,48800,48878,49761,49843,50061,50571,50811,50930,51170]},"geometry":{"type":"LineString","coordinates":[[113.9243,22.3193],[114.0845,22.4005],[114.2604,22.3316],[114.4815,22.0287],[114.563,21.9592],[114.9539,21.8853],[115.2126,21.8984],[115.2573,21.9162],[116.1165,22.6731],[116.3003,22.8692],[116.5293,23.0231],[116.6482,23.1365],[116.8645,23.3865],[117.2315,23.7133],[117.5698,24.0581],[118.15,24.5451],[118.3563,24.7931],[118.6354,24.9949],[119.41,25.6589],[119.5024,25.813],[119.5551,26.178],[119.6216,26.3233],[120.5204,27.5971],[120.6035,27.7376],[120.6446,27.9042],[120.8169,29.5741],[120.9413,29.6716],[121.3364,29.9042],[121.7912,30.6029],[121.9584,30.83],[121.9074,30.9178],[121.8443,31.0857]]}},{"type":"Feature","properties":{"id":"39347776","callsign":"CEB5263","maxalt":37050,"times":[44907,45017,45050,45083,45187,45292,45436,45772,46193,46753,47598,48106,48614,49745,50115,50215,50533,50597,51911,51974,52092,52637,52675,52745,52793,53356,53383,53409,53691,53982,54859,54902,55318,55547,55615,55642,55873]},"geometry":{"type":"LineString","coordinates":[[113.9251,22.305],[114.0278,22.3375],[114.0659,22.3291],[114.0864,22.2965],[114.0967,22.1626],[114.2624,22.0731],[114.4383,21.8594],[115.1511,21.5204],[115.9088,20.8807],[116.7271,19.9524],[118.1263,18.7323],[118.9493,17.993],[119.4734,17.1021],[120.5685,15.1752],[120.9704,14.5783],[121.0134,14.3981],[121.2248,13.8491],[121.2928,13.7491],[123.2112,12.1709],[123.2974,12.0845],[123.4222,11.8973],[124.4264,11.5567],[124.4832,11.5148],[124.5476,11.396],[124.5429,11.3066],[124.0621,10.3149],[124.0436,10.2672],[124.0451,10.216],[124.2991,9.7467],[124.7294,9.4393],[125.5529,8.0107],[125.5691,7.9431],[125.3959,7.3351],[125.4508,7.0728],[125.4952,7.0187],[125.5192,7.0164],[125.6426,7.1228]]}},{"type":"Feature","properties":{"id":"39347a1f","callsign":"SIA875","maxalt":39025,"times":[45671,45808,45837,45869,46276,46403,46617,47566,47691,47869,48017,48251,48377,48801,50530,52215,53386,54275,55663,56194,56235,56612,57221,57356,57536,57700,57772,57821,58117]},"geometry":{"type":"LineString","coordinates":[[113.9278,22.3059],[114.0445,22.3386],[114.0736,22.3231],[114.0876,22.29],[114.0878,21.6484],[114.0331,21.416],[114.0044,20.9818],[113.5605,19.0236],[113.5225,18.7722],[113.4015,18.4397],[113.2202,18.2042],[112.9041,17.866],[112.6987,17.6988],[112.1442,16.9872],[109.9167,14.0251],[107.9496,10.9251],[106.5342,8.7758],[105.5041,7.1045],[104.5613,4.2094],[104.6619,3.0603],[104.6204,2.9886],[104.1093,2.4986],[104.1068,1.6232],[104.1289,1.4566],[104.0565,1.263],[103.9808,1.121],[103.9202,1.1349],[103.9069,1.1732],[103.9802,1.3555]]}},{"type":"Feature","properties":{"id":"39347fdf","callsign":"KAL172","maxalt":37000,"times":[46266,46424,46454,46576,46643,46814,47057,47922,47957,48883,48948,49201,49774,50055,50957,51480,51522,52680,52873,53163,53187,53224,53525,53568,53637,55072,55372,55573,55647,55728,55897,55988,56186,56591]},"geometry":{"type":"LineString","coordinates":[[113.9292,22.321],[114.0711,22.3973],[114.1056,22.396],[114.2701,22.3201],[114.3296,22.2211],[114.5412,21.9678],[115.101,21.853],[117.4762,21.9957],[117.5694,22.031],[119.8488,23.3212],[119.9943,23.4307],[120.4954,23.9203],[121.4935,25.1406],[122.1159,25.6647],[123.6888,27.6423],[124.6845,28.7578],[124.7374,28.8573],[125.8538,31.5841],[125.8746,32.0169],[125.8775,32.6724],[125.8913,32.7255],[125.9476,32.8049],[126.5982,33.3668],[126.6569,33.4588],[126.704,33.6109],[127.0022,36.3745],[126.9912,36.8247],[127.2145,37.0392],[127.2544,37.1181],[127.2087,37.1839],[127.0021,37.1411],[126.891,37.1505],[126.6848,37.2058],[126.4763,37.4369]]}},{"type":"Feature","properties":{"id":"39348315","callsign":"HKE638","maxalt":37025,"times":[46831,47005,47032,47147,47216,47330,47575,48442,48511,48577,49570,50175,50464,51257,52242,52847,53580,53616,54331,55099,55429,55517,55564,55599,55701,55826,55925,55971,56022]},"geometry":{"type":"LineString","coordinates":[[113.9243,22.3196],[114.0715,22.3976],[114.1037,22.3967],[114.2659,22.3257],[114.322,22.2299],[114.4615,22.0664],[114.985,21.9172],[117.279,21.9863],[117.4624,22.0039],[117.6281,22.0652],[119.9031,23.3576],[121.0451,24.4293],[121.6761,24.8855],[123.3916,26.2028],[125.5944,27.8377],[127.0003,28.8503],[128.7705,30.088],[128.8308,30.1629],[129.82,31.7268],[129.9216,33.1662],[130.0424,33.6601],[130.0328,33.7614],[130.0911,33.7957],[130.1442,33.7984],[130.2451,33.7009],[130.3803,33.6023],[130.439,33.5214],[130.4766,33.5257],[130.4721,33.5545]]}},{"type":"Feature","properties":{"id":"39348514","callsign":"HKE646","maxalt":35050,"times":[47173,47344,47365,47481,47551,47661,47688,48099,48161,48533,48604,48843,48909,49934,50509,50827,51963,52700,53250,53932,54411,55141,55677,56252,56535,56598,56663,57044,57108,57172,57272,57516,57673,57704,57735,57855,57917,57986,58153,58398,58506,58529,58607,58639,58994,59421]},"geometry":{"type":"LineString","coordinates":[[113.9273,22.3203],[114.0742,22.3997],[114.0998,22.4001],[114.2691,22.3255],[114.3272,22.2229],[114.4555,22.062],[114.4987,22.0283],[115.4548,21.7764],[115.6184,21.7459],[116.6146,21.7359],[116.8067,21.7535],[117.4045,21.9579],[117.564,22.0285],[119.924,23.373],[121.0127,24.4035],[121.7077,24.9085],[124.1945,26.8043],[125.8578,28.0303],[127.1394,28.949],[128.7875,30.0901],[129.994,30.887],[132.02,31.9309],[133.6598,32.4834],[135.4569,33.0575],[136.3512,33.3312],[136.555,33.3807],[136.7741,33.4006],[138.0679,33.4408],[138.283,33.4753],[138.4829,33.5375],[138.779,33.6737],[139.5871,33.8485],[140.0511,34.0072],[140.1112,34.0598],[140.1477,34.1215],[140.1756,34.3422],[140.2273,34.4468],[140.3342,34.5514],[140.6655,34.7338],[140.7191,35.0703],[140.8462,35.1598],[140.857,35.1843],[140.869,35.2678],[140.8551,35.2976],[140.5782,35.5282],[140.3943,35.7829]]}},{"type":"Feature","properties":{"id":"39348645","callsign":"CPA725","maxalt":40000,"times":[47271,47386,47426,47456,47556,47664,47687,47718,47920,48019,48262,48335,49820,49874,50419,52261,53997,55251,57356,57801,57894,57990,58673,58728,58754,58780,58808,58834,58860,58886,58927,58967,59008,59048,59102,59280,59310,59343,59475,59762,59787,59825,60014,60039,60064,60286,60320,60363,60387,60769]},"geometry":{"type":"LineString","coordinates":[[113.9273,22.3056],[114.0309,22.3379],[114.0714,22.3248],[114.087,22.2947],[114.0919,22.1676],[114.2461,22.0783],[114.2643,22.0441],[114.2661,21.9898],[114.0985,21.6649],[114.0456,21.4803],[114.004,20.9781],[113.9706,20.825],[112.9827,17.9407],[112.937,17.842],[112.2623,16.9726],[110.004,13.9718],[108.058,10.9056],[106.5951,8.6836],[104.2511,4.883],[103.7833,4.0466],[103.6347,3.9062],[103.4414,3.8252],[101.9314,3.6713],[101.8421,3.5981],[101.8236,3.5467],[101.8254,3.4931],[101.8489,3.4411],[101.8894,3.4035],[101.9402,3.3844],[101.9946,3.3855],[102.07,3.4272],[102.1105,3.502],[102.1025,3.5861],[102.0482,3.6469],[101.9407,3.6621],[101.6154,3.5976],[101.5853,3.5605],[101.5848,3.5096],[101.7059,3.3432],[102.0567,3.0702],[102.073,3.0347],[102.0524,2.9803],[101.823,2.8282],[101.8037,2.8018],[101.8087,2.7698],[101.9576,2.5446],[101.9465,2.5138],[101.9114,2.4911],[101.8906,2.4979],[101.7148,2.7592]]}},{"type":"Feature","properties":{"id":"39348396","callsign":"APJ64","maxalt":37025,"times":[47519,47687,47708,47823,47888,47962,48292,48481,48626,49115,49227,50177,50273,50814,51131,52149,53102,53966,54688,55470,55999,56731,56759,56785,56814,56845,56927,56953,57004,57049,57137,57176,57219,57319,57355,57394,57934,58302]},"geometry":{"type":"LineString","coordinates":[[113.9234,22.3192],[114.0724,22.3988],[114.0988,22.3995],[114.2672,22.326],[114.3218,22.2297],[114.414,22.1283],[115.1618,21.8897],[115.6607,21.9129],[116.0147,21.8189],[117.3299,21.9729],[117.613,22.0584],[119.8207,23.3062],[120.0191,23.4555],[121.0299,24.4178],[121.7138,24.9129],[123.9187,26.5984],[126.0671,28.1821],[128.1174,29.6313],[129.9101,30.8404],[132.0821,31.9749],[133.2473,32.9505],[134.5135,33.9231],[134.5525,33.9363],[134.588,33.9218],[134.6017,33.8886],[134.5844,33.8581],[134.5079,33.804],[134.4784,33.8004],[134.4352,33.831],[134.4475,33.877],[134.5542,33.9353],[134.5965,33.9042],[134.5813,33.8601],[134.4842,33.8033],[134.4542,33.8232],[134.4723,33.862],[134.938,34.2474],[135.1921,34.4192]]}},{"type":"Feature","properties":{"id":"3934708b","callsign":"THA601","maxalt":40125,"times":[47791,47911,47967,48357,48481,48630,48713,48792,49439,49501,49567,49801,49876,49950,50269,50466,51124,51980,52911,53611,54631,54782,54827,55251,55627,55829,55949,55983,56093,56151,56493]},"geometry":{"type":"LineString","coordinates":[[113.9267,22.3056],[114.0402,22.3389],[114.0862,22.3002],[114.0878,21.6503],[114.0241,21.4225],[113.8547,21.1894],[113.7273,21.0839],[113.5806,21.0201],[112.2878,20.6033],[112.1563,20.5963],[112.0146,20.6195],[111.5397,20.8058],[111.3821,20.8333],[111.2281,20.8052],[110.5934,20.5916],[110.2749,20.4362],[109.1349,19.5825],[107.7213,18.4824],[106.0776,17.3631],[104.7794,16.5693],[103.1006,15.1223],[102.8833,14.8795],[102.7958,14.8348],[101.9201,14.564],[101.2871,14.3082],[101.0787,14.0657],[101.0214,13.9144],[100.9811,13.9051],[100.8799,13.9641],[100.8301,13.935],[100.7622,13.6958]]}},{"type":"Feature","properties":{"id":"39349272","callsign":"GTI612","maxalt":37025,"times":[48659,48763,48802,48835,48917,48940,49046,49151,49546,49793,50328,51293,51357,51892,52180,53077,53804,54343,54970,55481,55991,56341,56592,57162,57201,57976,58353,58384,58831,59210,59399,60001,60645,61289,67062,67880,68561,68991,69584,70459,74735,74781,75305,76028,76584,76971,77489,78032,78536,79137,79479,80181,80352,80591,80648,81000]},"geometry":{"type":"LineString","coordinates":[[113.9319,22.3072],[114.0302,22.338],[114.0695,22.327],[114.0872,22.2948],[114.0866,22.1872],[114.1003,22.1542],[114.255,22.0768],[114.3906,21.9417],[115.3004,21.7948],[115.9737,21.8217],[117.4908,21.9981],[119.8449,23.3191],[119.9881,23.425],[121.0641,24.4429],[121.7411,24.9333],[123.8466,26.5442],[125.6085,27.8478],[126.9484,28.8134],[128.5649,29.9381],[129.9235,30.8462],[131.4192,31.631],[132.4788,32.1603],[133.2765,32.4907],[135.1767,33.1029],[135.2728,33.178],[136.819,34.8674],[137.7657,35.568],[137.8578,35.6146],[139.2538,36.1435],[140.3184,36.7254],[140.9056,36.9457],[142.6354,37.8043],[144.4929,38.6838],[145.9018,39.8789],[160.0484,49.0179],[162.3364,50.0381],[164.3741,50.8792],[165.7987,51.4286],[167.6359,52.1009],[170.332,53.0359],[185.3262,58.0298],[185.5127,58.0721],[187.6163,58.533],[190.6034,59.1508],[192.9501,59.5893],[194.6382,59.8764],[197.0083,60.0924],[199.5234,60.2715],[201.8503,60.3933],[204.6158,60.4951],[206.1327,60.6542],[208.5095,60.8764],[208.9124,60.9547],[209.3056,61.1513],[209.4139,61.1658],[209.9855,61.1679]]}},{"type":"Feature","properties":{"id":"39349046","callsign":"AAR722","maxalt":39000,"times":[48672,48857,48983,49140,49422,49449,49474,49727,50050,50453,51426,51522,51778,52377,52664,53603,54122,54175,55243,56377,56670,57725,57948,58024,58166,58288,58486,58518,58668,58689,58734,59041]},"geometry":{"type":"LineString","coordinates":[[113.9294,22.3211],[114.085,22.4017],[114.2601,22.3307],[114.4161,22.1161],[114.8311,21.7449],[114.8834,21.7164],[114.945,21.7054],[115.5895,21.7424],[116.4623,21.7452],[117.5127,22.0062],[119.8084,23.2988],[120.0151,23.4512],[120.5016,23.926],[121.4956,25.1426],[122.1035,25.6527],[123.6913,27.6466],[124.6486,28.7187],[124.7247,28.8392],[125.7173,31.2574],[126.7828,33.7301],[126.7766,34.3008],[127.0021,36.3716],[127.0016,36.7556],[126.9357,36.8486],[126.718,36.8865],[126.5811,36.9541],[126.4448,37.0976],[126.4526,37.1242],[126.6093,37.2043],[126.6167,37.2212],[126.6025,37.2557],[126.4555,37.4215]]}},{"type":"Feature","properties":{"id":"393495ae","callsign":"HKE700","maxalt":36050,"times":[49173,49294,49324,49353,49728,49861,50028,50061,51470,51560,51650,51740,53233,54439,55587,55766,56062,57391,57431,57634,57840,57901,57931,58096,58161,58195,58272,58724]},"geometry":{"type":"LineString","coordinates":[[113.9252,22.305],[114.0416,22.3386],[114.0734,22.3242],[114.0885,22.2899],[114.0883,21.6592],[114.0333,21.4147],[114.0086,21.0715],[113.9849,21.0057],[112.3272,18.7737],[112.2046,18.6434],[112.0277,18.6004],[111.8578,18.5358],[109.316,16.9057],[107.1841,15.7722],[104.8689,15.2469],[104.4963,15.2113],[103.8959,15.0629],[101.3355,14.3242],[101.2751,14.2972],[101.0725,14.0565],[100.995,13.817],[100.9194,13.8265],[100.8959,13.8528],[100.9477,14.0219],[100.9406,14.0881],[100.9083,14.0989],[100.8393,14.0553],[100.7363,13.6921]]}},{"type":"Feature","properties":{"id":"393496ad","callsign":"CPA346","maxalt":35100,"times":[49614,49792,49897,49923,49982,50147,50172,50286,50330,50467,50664,50722,50754,50785,50997,51074,51133,51267,51397,51587,51809,52667,52760,52948,53368,53598,53662,53729,54317,54562,54855,54982,55062,55097,55881]},"geometry":{"type":"LineString","coordinates":[[113.9212,22.3184],[114.0845,22.4007],[114.2399,22.3411],[114.2762,22.3168],[114.3225,22.2285],[114.5261,21.9798],[114.578,21.9551],[114.8401,21.899],[114.9487,21.8843],[115.3012,21.8967],[115.8264,21.9842],[115.9673,22.0271],[116.0286,22.0782],[116.0698,22.1458],[116.1568,22.6131],[116.2303,22.7798],[116.3209,22.8966],[116.5998,23.1098],[116.8166,23.362],[117.1904,23.6975],[117.601,24.1088],[119.3613,25.6142],[119.497,25.8102],[119.6704,26.2355],[120.2924,27.1192],[120.5592,27.617],[120.6186,27.7575],[120.6448,27.901],[120.7722,29.1654],[120.8479,29.6441],[121.1276,30.105],[121.2577,30.2774],[121.3822,30.3478],[121.4156,30.3867],[121.3396,31.1375]]}},{"type":"Feature","properties":{"id":"39349ccb","callsign":"CPA420","maxalt":35000,"times":[50482,50524,50560,50651,50676,50778,50897,50918,51372,51712,52101,52164,52324,53153,53901,54156,54309,54665]},"geometry":{"type":"LineString","coordinates":[[114.0045,22.3305],[114.0489,22.3375],[114.0805,22.3126],[114.0876,22.1895],[114.1053,22.1562],[114.2649,22.0724],[114.409,21.8943],[114.4453,21.8729],[115.5443,21.7467],[116.4552,21.7413],[117.4574,21.9857],[117.6092,22.0539],[117.9732,22.2608],[119.7756,23.4791],[120.6111,24.6727],[120.8538,24.9],[121.0104,24.9139],[121.2069,25.0659]]}},{"type":"Feature","properties":{"id":"39349f60","callsign":"HKE650","maxalt":37050,"times":[50574,50685,50712,50742,50831,50907,51447,51516,51724,52173,52267,53288,53894,54213,55191,56018,56601,57236,57839,58344,58725,59355,60470,61232,61530,61652,62014,62447]},"geometry":{"type":"LineString","coordinates":[[113.9265,22.3055],[114.0325,22.3412],[114.0657,22.3341],[114.0867,22.3017],[114.099,22.17],[114.2219,22.104],[115.4785,21.7695],[115.6614,21.7426],[116.2052,21.7448],[117.3526,21.9636],[117.5835,22.0401],[119.8995,23.3543],[121.0323,24.4172],[121.7123,24.9102],[123.7871,26.5004],[125.605,27.8438],[126.9306,28.7985],[128.4368,29.8515],[129.9326,30.8529],[131.3136,31.5754],[132.366,32.1025],[134.321,32.7248],[137.8435,33.7974],[140.1742,34.4753],[140.5841,34.9282],[140.6396,35.1173],[140.5731,35.5306],[140.3948,35.7823]]}},{"type":"Feature","properties":{"id":"3934a1dc","callsign":"CPA253","maxalt":40000,"times":[51191,51294,51333,51369,51458,51492,51591,51626,51660,51845,52162,52542,52902,52973,53035,53838,53898,54591,54738,55188,55308,56091,56366,56696,56772,57044,57110,57171,57826,58426,59454,59863,60559,60709,60859,60919,60949,61039,61758,62057,62206,62689,62864,63620,64341,64881,65001,65210,65715,66709,67157,68061,68211,68271,68331,68391,68780,68840,68900,69170,69350,69440,69620,69724,70012,70866,71781,72450,73153,73344,74004,75181,75870,76657,77321,78143,78527,79128,79727,80514,81212,81689,82100,82529,82881,83774,83964,84653,84874,85233,85284,85887,86619,86681,86865,87579,88289,89181,89275,90201,90675,90802,91749,92702,93176,93649,94749,95378,96192,96819,97477,98132,98726,98881,99257,99620,99808,100213,100603]},"geometry":{"type":"LineString","coordinates":[[113.9323,22.3073],[114.028,22.3379],[114.0666,22.3293],[114.087,22.2963],[114.0885,22.1862],[114.1258,22.158],[114.2823,22.1591],[114.3211,22.2021],[114.3178,22.258],[114.1351,22.5403],[113.847,23.0847],[113.3006,23.6071],[112.6389,23.8902],[112.5088,23.9546],[112.4136,24.0408],[110.8627,24.6919],[110.7578,24.7619],[109.6937,25.7649],[109.4188,25.8794],[108.5364,26.1121],[108.3065,26.1919],[106.8539,26.8158],[106.4101,27.1709],[105.9268,27.656],[105.7998,27.7379],[105.2934,27.9293],[105.1807,28.0044],[105.0922,28.0973],[104.63,29.4834],[104.3966,30.8336],[104.279,33.19],[104.3349,34.1053],[104.2594,35.6699],[104.1519,35.9748],[104.1231,36.3009],[104.0876,36.427],[104.0577,36.4804],[103.9142,36.6224],[102.4318,37.355],[101.7463,37.4932],[101.4303,37.6135],[100.416,38.0519],[100.009,38.1388],[98.4036,38.8176],[96.8183,39.4593],[95.6203,39.9946],[95.3799,40.1556],[94.8963,40.354],[93.8376,40.9856],[91.7803,42.2761],[90.9025,42.9425],[88.6941,43.9251],[88.3169,44.0885],[88.1596,44.1401],[87.9852,44.1533],[87.8125,44.1259],[86.8547,43.6688],[86.693,43.622],[86.5204,43.6166],[85.7383,43.6979],[85.2101,43.7257],[84.96,43.6779],[84.5061,43.479],[84.2147,43.4226],[83.3688,43.4823],[80.8666,43.5487],[78.1873,43.6574],[76.2523,43.6955],[74.239,43.7003],[73.6988,43.6939],[71.8284,43.5841],[68.5215,43.3201],[66.6314,42.9671],[64.4989,42.5148],[62.7363,42.1051],[60.6387,41.5746],[59.6604,41.3443],[58.0784,41.1853],[56.5415,41.0108],[54.5189,40.9708],[52.6898,40.907],[51.4791,40.7245],[50.3957,40.6893],[49.2593,40.8997],[48.3173,41.0553],[45.8703,41.417],[45.3448,41.485],[43.4054,41.6337],[42.7762,41.6641],[41.7641,41.5769],[41.6844,41.529],[39.9149,41.6288],[37.7941,41.7052],[37.6148,41.7286],[37.1208,41.8757],[35.0549,42.142],[32.9939,42.3754],[30.3583,42.6125],[30.1102,42.6999],[27.9372,43.8866],[26.7975,44.4745],[26.4852,44.6192],[23.8699,45.461],[21.1717,46.2464],[19.8606,46.6988],[18.52,47.1378],[15.3909,48.1281],[13.5876,48.667],[11.172,49.3279],[9.34,49.8534],[7.3859,50.3804],[5.3974,50.8802],[3.5399,51.3078],[3.1044,51.4874],[1.925,51.706],[0.9518,51.7028],[0.5337,51.6739],[-0.0161,51.4809],[-0.4394,51.4777]]}},{"type":"Feature","properties":{"id":"3934a57c","callsign":"CPA418","maxalt":39000,"times":[51438,51554,51589,51623,51718,51817,52406,52471,52634,53119,53182,54150,54244,54500,55102,55389,56342,56880,56935,57663,57894,57961,58717,58754,58963,59014,59068,59155,59186,59218,60596,60743,61041,61087,61160,61198,61261,61380,61673]},"geometry":{"type":"LineString","coordinates":[[113.9263,22.3055],[114.0296,22.3379],[114.0664,22.3295],[114.0874,22.2972],[114.0965,22.1632],[114.2434,22.0903],[115.5112,21.7614],[115.674,21.742],[116.0936,21.7422],[117.3702,21.9696],[117.5348,22.0203],[119.8184,23.3044],[120.0176,23.4538],[120.4974,23.9213],[121.49,25.1364],[122.0944,25.6427],[123.688,27.6427],[124.6711,28.7496],[124.7423,28.8742],[125.4104,30.5191],[125.782,30.9928],[125.8711,31.1341],[126.5619,32.7618],[126.5548,32.8352],[126.3905,33.2121],[126.3761,33.3148],[126.4305,33.4332],[126.6351,33.5703],[126.6837,33.6342],[126.7086,33.7029],[127.0033,36.3889],[126.9887,36.6353],[126.7189,36.9866],[126.6806,37.0271],[126.6016,37.0707],[126.5844,37.1044],[126.6045,37.1639],[126.5949,37.2611],[126.4549,37.4222]]}},{"type":"Feature","properties":{"id":"3934abf4","callsign":"AWQ401","maxalt":36050,"times":[51756,51868,51900,51979,52262,52558,52612,53824,55473,56912,57001,58486,58553,59202,59407,60104,60132,60508,61219,61660,62450,62576,63273,63425,63588,63830,63870,63908,64041,64569,64611,65977,66200,66599,67248,68209,68471]},"geometry":{"type":"LineString","coordinates":[[113.9304,22.3067],[114.0276,22.3378],[114.0633,22.3311],[114.1012,22.2453],[114.3925,21.9164],[114.9364,21.638],[115.0188,21.5563],[115.8091,19.1005],[117.1385,15.9292],[116.763,12.9671],[116.7567,12.7835],[116.3649,9.7462],[116.3314,9.6133],[115.8801,8.3612],[115.7949,7.9448],[115.9576,6.5369],[115.9531,6.4802],[115.6426,5.7709],[114.8034,4.5962],[114.608,3.7333],[113.4759,2.4891],[113.3216,2.2696],[112.6983,0.9425],[112.6273,0.6442],[112.7167,0.3258],[112.8908,-0.1287],[112.8945,-0.212],[112.8629,-0.2851],[112.6255,-0.4566],[111.5218,-0.8224],[111.4364,-0.8623],[109.1916,-2.8427],[108.7802,-3.1141],[108.1847,-3.7628],[107.6662,-5.0284],[106.8266,-6.0373],[106.6635,-6.1063]]}},{"type":"Feature","properties":{"id":"3934ad52","callsign":"JJA2102","maxalt":35000,"times":[52125,52243,52281,52313,52405,52546,52941,53767,53844,54907,55190,55829,56081,56112,57031,57576,58377,59891,59950,61310,61469,61712,61841,61901,61958,62125,62445]},"geometry":{"type":"LineString","coordinates":[[113.9285,22.3062],[114.0281,22.3376],[114.0678,22.3273],[114.0859,22.2975],[114.0961,22.1699],[114.2801,22.01],[115.137,21.8364],[117.3109,21.9801],[117.5174,22.007],[119.9487,23.3883],[120.4799,23.9011],[121.5242,25.1746],[122.0593,25.6037],[122.1145,25.6634],[123.5991,27.5332],[124.5415,28.5943],[125.3272,30.3188],[126.6815,33.517],[126.7068,33.6377],[127.0013,36.3663],[126.9946,36.636],[126.9447,36.9962],[126.9452,37.1521],[126.8974,37.2008],[126.8247,37.1946],[126.6545,37.2419],[126.4768,37.4363]]}},{"type":"Feature","properties":{"id":"3934aa03","callsign":"IGO1708","maxalt":36125,"times":[52207,52318,52340,52365,52776,52889,53046,53097,53199,53855,53950,54013,54292,54896,55400,55460,55520,55610,55640,56270,56986,57076,57261,57329,57790,58806,59449,59539,59629,60229,61399,61459,61549,62018,62448,63580,64911,66158,67621,68035,68861,70225,71670,71766,72534,73632,73719,73885,74438]},"geometry":{"type":"LineString","coordinates":[[113.9262,22.3053],[114.0411,22.3386],[114.0686,22.3283],[114.0861,22.3],[114.0857,21.6349],[114.0281,21.4289],[113.8531,21.1866],[113.7783,21.117],[113.5988,21.026],[112.3549,20.6168],[112.1717,20.5888],[112.0454,20.6065],[111.5282,20.8308],[110.361,21.1291],[109.4594,21.5734],[109.3616,21.6418],[109.2829,21.7336],[109.2148,21.9083],[109.18,21.959],[108.185,22.7377],[107.1033,23.677],[106.9437,23.7461],[106.6596,23.9742],[106.5387,24.0211],[105.6742,24.1958],[103.8042,24.6152],[102.698,25.096],[102.5388,25.1293],[102.3813,25.1061],[101.4352,24.6543],[99.604,23.7263],[99.5111,23.6764],[99.394,23.5793],[98.6035,23.3226],[97.8915,23.0395],[95.846,23.2436],[93.4376,23.4556],[91.2498,23.8883],[88.613,24.4423],[87.8713,24.7494],[86.3315,25.2239],[83.7584,25.9772],[80.9717,26.7387],[80.8093,26.824],[79.6492,27.6967],[77.7993,28.3624],[77.6951,28.4236],[77.5814,28.5566],[77.1086,28.5701]]}},{"type":"Feature","properties":{"id":"3934af34","callsign":"CQH8716","maxalt":35125,"times":[52743,52877,52904,52946,53028,53143,53462,53734,53894,53925,53972,54019,54230,54279,54333,54495,54654,54846,55036,55955,56051,56179,56242,56623,56742,57271,57768,57829,57889,58128,58547,58607,58761,58847,58972,59027,59330]},"geometry":{"type":"LineString","coordinates":[[113.9233,22.3043],[114.0321,22.3392],[114.062,22.3318],[114.0856,22.2895],[114.0951,22.1818],[114.2416,22.0506],[114.9136,21.8904],[115.59,21.9051],[115.9706,21.977],[116.043,22.0098],[116.1241,22.0817],[116.1722,22.1755],[116.1923,22.6286],[116.2245,22.7335],[116.2852,22.8365],[116.5954,23.1005],[116.8473,23.3945],[117.2161,23.7219],[117.5513,24.0643],[119.3724,25.6248],[119.5045,25.8229],[119.6059,26.1047],[119.6741,26.2423],[120.2193,27.019],[120.3513,27.2683],[120.6831,28.3979],[120.7937,29.3762],[120.8217,29.4888],[120.8859,29.5995],[121.351,29.9222],[121.7442,30.5269],[121.7642,30.5978],[121.7076,30.7503],[121.7354,30.8072],[121.8628,30.8329],[121.8814,30.8759],[121.8079,31.0899]]}},{"type":"Feature","properties":{"id":"3934af10","callsign":"CPA735","maxalt":40050,"times":[52997,53122,53152,53181,53571,53692,53914,54769,54949,55069,55423,55609,55668,56149,57671,59256,61358,62708,63241,63288,63653,64222,64357,64637,64748,64771,65064]},"geometry":{"type":"LineString","coordinates":[[113.9286,22.3062],[114.0426,22.3386],[114.072,22.3249],[114.0864,22.2941],[114.0879,21.6497],[114.0335,21.4227],[114.002,20.9553],[113.5877,19.1435],[113.5199,18.754],[113.4417,18.5023],[112.9751,17.8845],[112.6551,17.6302],[112.5684,17.5322],[111.9216,16.6927],[109.8933,13.9902],[108.0026,11.0081],[105.5745,7.0316],[104.5627,4.214],[104.6628,3.0682],[104.62,2.9892],[104.1122,2.5],[104.1067,1.6275],[104.1286,1.4547],[104.0147,1.1663],[103.9174,1.159],[103.9027,1.1708],[103.9807,1.3567]]}},{"type":"Feature","properties":{"id":"3934b090","callsign":"CPA919","maxalt":37000,"times":[53090,53198,53235,53267,53317,53403,53978,54738,56120,56186,56407,57542,58186,58222,58255,58344,58386,58428,58581,58610,58798,58823,58902,58933,59006,59553]},"geometry":{"type":"LineString","coordinates":[[113.9308,22.3067],[114.0271,22.3374],[114.065,22.3299],[114.0853,22.3023],[114.0937,22.2406],[114.1808,22.159],[115.1765,21.5049],[116.4791,20.1964],[118.9279,18.0159],[119.0158,17.8943],[119.2634,17.4664],[120.4369,15.4014],[120.6902,14.5996],[120.6799,14.5586],[120.6399,14.5519],[120.5792,14.6427],[120.5964,14.6849],[120.6423,14.6839],[120.7321,14.5294],[120.7172,14.4991],[120.5172,14.3775],[120.5119,14.3517],[120.5431,14.2845],[120.566,14.2717],[120.6236,14.2888],[121.0009,14.4983]]}},{"type":"Feature","properties":{"id":"3934b1d8","callsign":"ANA860","maxalt":41000,"times":[53539,53640,53668,53707,53816,53950,53988,54522,54589,55170,55234,56232,56772,57088,58013,58777,59311,59914,60416,60797,61239,61774,62124,62786,62850,63423,63706,63729,63752,63778,63802,63856,63880,63902,64056,64158,64375,64422,64673,64788,64919,64961,65102]},"geometry":{"type":"LineString","coordinates":[[113.9306,22.3068],[114.028,22.3376],[114.057,22.3291],[114.0858,22.2951],[114.0999,22.1635],[114.269,22.0079],[114.3311,21.9706],[115.6002,21.7442],[115.7841,21.7506],[117.3846,21.9761],[117.552,22.0215],[119.9437,23.3849],[121.0162,24.4045],[121.739,24.9327],[123.8724,26.5634],[125.7108,27.9225],[127.0302,28.8714],[128.5618,29.936],[129.8946,30.8289],[131.0015,31.4156],[132.3214,32.0877],[134.0263,32.8019],[135.2287,33.1055],[137.5319,33.5944],[137.7433,33.668],[139.1886,34.3066],[139.7317,34.4913],[139.7725,34.4866],[139.8023,34.4638],[139.8088,34.4322],[139.79,34.4113],[139.7249,34.4093],[139.7065,34.4292],[139.7069,34.4564],[139.8277,34.6337],[139.9276,34.7398],[140.0164,34.9821],[139.9943,35.0282],[139.8102,35.2165],[139.7808,35.3155],[139.8481,35.4064],[139.8515,35.4378],[139.7935,35.5256]]}},{"type":"Feature","properties":{"id":"393479b0","callsign":"CRK612","maxalt":35025,"times":[53859,53963,54001,54035,54115,54244,54769,54800,55489,55553,55618,56572,56667,57208,57528,58479,59535,59981,60924,61621,62006,62070,62357,63016,63302,63453,63547,63731,64112]},"geometry":{"type":"LineString","coordinates":[[113.9303,22.3066],[114.0287,22.338],[114.0686,22.3283],[114.0873,22.2956],[114.0929,22.1911],[114.2503,22.047],[115.4057,21.7833],[115.4859,21.7797],[117.3063,21.9724],[117.4745,22.0045],[117.6298,22.0662],[119.8041,23.2961],[120.0054,23.4415],[121.0215,24.4101],[121.7214,24.9181],[123.7828,26.4964],[126.1215,28.221],[127.1398,28.9481],[129.4801,30.4525],[131.3055,31.5671],[132.3642,32.123],[132.5022,32.2381],[133.0306,32.782],[134.2617,33.733],[134.4443,34.0828],[134.6395,34.1504],[134.7529,34.1633],[134.9396,34.2491],[135.1934,34.42]]}},{"type":"Feature","properties":{"id":"3934b574","callsign":"CCA112","maxalt":37100,"times":[54322,54456,54485,54528,54562,54668,54710,54737,54839,55150,55568,55608,55708,56438,56877,57119,57249,57589,57739,58247,58338,59271,61071,61191,61906,61943,62157,62241,62490,63050,63508,63977,71178,71366,71383,71421,71701,71728,71761,71834,71991,72081,72422,72591,73011,73250,74090,74169,74209,74540,74570,75008,75560,75890,76242,76614,76732,76774,76879]},"geometry":{"type":"LineString","coordinates":[[113.9271,22.3057],[114.0453,22.3375],[114.0743,22.3219],[114.1002,22.2797],[114.1433,22.2746],[114.2537,22.379],[114.2808,22.4353],[114.2621,22.471],[114.1215,22.5667],[113.8455,23.1049],[113.5263,23.9112],[113.5003,23.997],[113.4711,24.2155],[113.5178,25.8859],[113.4798,26.8714],[113.4087,27.3938],[113.4171,27.6868],[113.4769,28.4522],[113.4442,28.7706],[113.5344,29.9057],[113.5826,30.0968],[114.3519,32.2479],[114.7275,36.1441],[114.7661,36.3998],[115.569,37.7652],[115.5862,37.8273],[115.5628,38.173],[115.5784,38.3048],[115.8175,38.6742],[116.4999,39.3329],[116.6662,39.7346],[116.6148,40.0769],[116.5998,40.0579],[116.5767,40.1969],[116.5602,40.2145],[116.5043,40.2165],[116.0662,40.0288],[116.0495,39.9825],[116.0706,39.9231],[116.1505,39.7908],[116.3623,39.5161],[116.4393,39.3376],[116.6592,38.6375],[116.6354,38.2666],[116.9934,37.3143],[117.2357,36.767],[117.7997,34.8374],[117.8099,34.6607],[117.834,34.5669],[118.1029,33.822],[118.142,33.7562],[118.8613,32.8883],[119.7096,31.9474],[120.3322,31.587],[120.9597,31.3936],[121.226,31.0415],[121.3279,31.0556],[121.3418,31.083],[121.3388,31.1532]]}},{"type":"Feature","properties":{"id":"3934b9db","callsign":"CPA773","maxalt":40000,"times":[54629,54744,54783,54816,54919,55017,55058,55085,55312,55432,55599,55937,56958,57019,57078,57199,58661,59843,60955,61495,61546,61582,62725,62853,62967,64184,64246,64373,64746,65123,65486,65770,66142,66439]},"geometry":{"type":"LineString","coordinates":[[113.9254,22.3051],[114.029,22.3374],[114.0686,22.3277],[114.0876,22.2947],[114.0945,22.1635],[114.24,22.0847],[114.2727,22.024],[114.264,21.9785],[114.0841,21.6301],[114.0332,21.4174],[114.004,21.0923],[113.5341,20.5844],[112.3615,18.8374],[112.2786,18.746],[112.1743,18.6822],[111.9391,18.5879],[109.3706,16.9383],[107.1883,15.7747],[104.8945,15.2521],[103.7475,15.1491],[103.6401,15.1308],[103.575,15.0927],[102.0854,13.2861],[101.8866,13.1066],[101.6796,12.9789],[99.8199,11.1922],[99.7504,11.0832],[99.6645,10.8423],[99.3554,10.1321],[99.3512,9.3723],[99.289,8.7279],[98.9833,8.3652],[98.5612,8.138],[98.3178,8.1133]]}},{"type":"Feature","properties":{"id":"3934bab0","callsign":"HGB344","maxalt":37025,"times":[54781,54887,54918,54952,55061,55195,55583,56488,56532,57538,57602,58170,58488,59643,60529,60886,61585,62313,62947,62988,63183,63402,63913,64571,64946]},"geometry":{"type":"LineString","coordinates":[[113.9317,22.3069],[114.0292,22.3379],[114.0646,22.3301],[114.0859,22.2974],[114.0981,22.1605],[114.3001,22.0529],[115.1157,21.864],[117.4439,21.9896],[117.5565,22.0244],[119.8278,23.3098],[119.9655,23.4037],[121.0199,24.4094],[121.701,24.9038],[124.1829,26.7953],[126.161,28.2498],[126.9888,28.8393],[128.7312,29.946],[130.6506,31.1125],[132.3445,32.0965],[132.4387,32.171],[132.8022,32.5493],[133.2604,32.927],[134.1888,33.6746],[134.9152,34.2324],[135.1935,34.4201]]}},{"type":"Feature","properties":{"id":"3934bc18","callsign":"CPA751","maxalt":38025,"times":[54950,55072,55102,55136,55525,55663,55839,55865,56271,57287,57498,58955,60068,61525,62605,62971,63176,63330,63426,63514,63582,63672,63996]},"geometry":{"type":"LineString","coordinates":[[113.9319,22.3073],[114.0428,22.3379],[114.0717,22.3245],[114.0873,22.2897],[114.0882,21.6734],[114.0327,21.4134],[114.0063,21.0565],[113.9911,21.0071],[113.5212,20.2947],[112.2342,18.664],[111.8205,18.5127],[109.2566,16.8646],[107.1955,15.7773],[104.1526,15.0906],[101.8976,14.5554],[101.2856,14.3064],[101.0764,14.0629],[101.0199,13.9018],[100.9242,13.9129],[100.9213,13.9895],[100.8602,14.0007],[100.8012,13.9382],[100.7353,13.6883]]}},{"type":"Feature","properties":{"id":"3934bea9","callsign":"CRK610","maxalt":39025,"times":[55129,55238,55278,55310,55418,55532,55695,55866,55911,56604,56669,56924,57936,58000,58537,58824,59553,60191,60893,61556,62187,62818,63108,63740,64409,64474,64529,64754,64794,64835,65937,65963,66030,66086,66144,66331,67082]},"geometry":{"type":"LineString","coordinates":[[113.9276,22.3058],[114.029,22.3376],[114.0695,22.3263],[114.0867,22.2945],[114.0967,22.1612],[114.263,22.0735],[114.4493,21.85],[114.8092,21.7532],[114.9163,21.7437],[116.7102,21.7392],[116.8789,21.7706],[117.5183,22.0044],[119.8876,23.3476],[120.0183,23.4548],[121.0604,24.4408],[121.7034,24.9059],[123.308,26.1397],[124.7805,27.2287],[126.4505,28.4046],[128.0786,29.5074],[129.6882,30.5554],[131.3471,31.5919],[132.1798,32.0074],[134.1949,32.6696],[136.3647,33.336],[136.5804,33.3841],[136.7742,33.3985],[137.5064,33.2391],[137.6465,33.2377],[137.7783,33.276],[140.6534,34.7231],[140.6785,34.7631],[140.6958,34.8706],[140.7484,34.9495],[140.7726,35.0293],[140.7976,35.2523],[140.3938,35.7835]]}},{"type":"Feature","properties":{"id":"3934c0ef","callsign":"HKE652","maxalt":37025,"times":[55351,55456,55490,55524,55597,55627,55729,55883,55965,57018,57080,57147,58127,58730,59047,60031,60857,61434,62066,62611,63055,63373,63881,64422,65245,66006,66244,66383,66493,66593,66665,67000,67470]},"geometry":{"type":"LineString","coordinates":[[113.929,22.3063],[114.0291,22.3379],[114.066,22.33],[114.0871,22.2976],[114.087,22.1951],[114.1068,22.1543],[114.2673,22.0705],[114.4474,21.8518],[114.623,21.8048],[117.3563,21.9857],[117.5146,22.0214],[117.6723,22.0899],[119.8983,23.3542],[121.0429,24.4283],[121.7333,24.9273],[123.8683,26.5607],[125.7151,27.926],[127.0558,28.8898],[128.5763,29.9463],[129.9361,30.8557],[131.1499,31.4929],[132.0329,31.9361],[133.5963,32.4627],[135.276,33.0016],[137.8604,33.796],[140.1732,34.4739],[140.656,34.7227],[140.829,34.8898],[140.9012,35.0375],[140.8962,35.1634],[140.8561,35.2397],[140.5951,35.505],[140.393,35.7848]]}},{"type":"Feature","properties":{"id":"3934c10e","callsign":"CPA171","maxalt":40025,"times":[55434,55543,55579,55608,55711,55823,55997,56270,56333,56475,56526,57368,61639,62078,62354,62435,62531,62595,63109,63232,63483,63632,64297,64944,65008,65122,65347,65441,65789,66077,66140,66394,66521,66665,67044,68972,69257,69542,69734,69859,69887,70969,71324,71386,75486,79592,79656,79717,80605,80825]},"geometry":{"type":"LineString","coordinates":[[113.9291,22.3063],[114.0298,22.338],[114.068,22.3287],[114.0869,22.2973],[114.0987,22.1589],[114.2655,22.0721],[114.4653,21.8364],[115.0361,21.5808],[115.1701,21.5058],[115.4319,21.2868],[115.4913,21.1743],[115.7982,19.2771],[116.397,10.0114],[116.272,9.0142],[115.9626,8.4527],[115.8868,8.2796],[115.8197,8.0673],[115.7957,7.9185],[115.9252,6.7578],[115.8606,6.4754],[115.6995,5.9204],[115.6524,5.5816],[115.7798,4.0781],[115.5049,2.6054],[115.4894,2.4596],[115.5044,2.2039],[115.5824,1.6946],[115.5794,1.4803],[115.477,0.6788],[115.3518,0.0158],[115.3378,-0.1287],[115.3849,-0.7078],[115.3895,-0.9982],[115.4673,-1.3101],[115.2969,-2.194],[115.5571,-6.5804],[115.5379,-7.234],[115.6356,-7.8809],[115.6721,-8.3263],[115.7893,-8.5837],[115.7995,-8.6479],[115.8424,-11.1522],[116.0709,-11.9274],[116.0988,-12.0665],[116.8658,-21.2185],[116.6342,-30.4712],[116.613,-30.5985],[116.5687,-30.7098],[116.0123,-31.7876],[115.97,-31.9233]]}},{"type":"Feature","properties":{"id":"3934c41c","callsign":"CPA779","maxalt":41000,"times":[55851,55963,55999,56037,56120,56145,56244,56309,56729,57049,57080,57123,57980,62273,63009,63644,63927,63969,64147,64212,64592,65167,66025,66436,66531,66993,67502,67595,68698,68790,69473,70118,70335,70528,71006,71353]},"geometry":{"type":"LineString","coordinates":[[113.9267,22.3056],[114.0266,22.3373],[114.064,22.3308],[114.0868,22.2955],[114.0883,22.1796],[114.1104,22.1498],[114.2613,22.0752],[114.3391,21.9887],[115.1434,21.529],[115.7457,21.0151],[115.796,20.9553],[115.8372,20.8636],[115.8504,19.0594],[116.4117,10.1309],[116.2243,8.5842],[116.1278,7.235],[116.0614,6.6215],[116.0333,6.5348],[115.8054,6.2073],[115.7557,6.0735],[115.6631,5.2733],[115.7788,4.0631],[115.4378,2.2382],[115.5712,1.3893],[115.5746,1.1915],[115.3828,0.2156],[114.8971,-0.7959],[114.8359,-0.9879],[114.7296,-3.3747],[114.6658,-3.5695],[113.9806,-4.9566],[113.8319,-6.3553],[113.5922,-6.6756],[113.3502,-6.8778],[113.0352,-7.4186],[112.7936,-7.3809]]}},{"type":"Feature","properties":{"id":"3934c81d","callsign":"CPA500","maxalt":37025,"times":[56192,56301,56338,56370,56466,56578,56644,57213,57899,57996,58961,59023,59537,59855,60806,61567,62142,62774,63319,64176,64713,65064,65447,65957,66622,66720,67023,67093,67425,67827]},"geometry":{"type":"LineString","coordinates":[[113.9297,22.3066],[114.0294,22.3376],[114.0678,22.3281],[114.0868,22.2965],[114.0976,22.161],[114.263,22.0742],[114.344,21.9941],[115.5754,21.7474],[117.3614,21.9755],[117.6105,22.0566],[119.8864,23.3462],[120.0167,23.4529],[121.0118,24.4019],[121.7237,24.92],[123.845,26.5431],[125.6004,27.842],[126.968,28.8274],[128.5315,29.9154],[129.9336,30.8537],[132.3651,32.1097],[134.0102,32.7964],[135.1678,33.0912],[136.4559,33.3767],[138.115,33.8804],[140.1686,34.4726],[140.3804,34.5932],[140.6969,35.0555],[140.702,35.1605],[140.5802,35.5208],[140.3955,35.7811]]}},{"type":"Feature","properties":{"id":"3934c8dd","callsign":"CPA621","maxalt":40000,"times":[56489,56605,56645,56673,56751,56810,57062,57195,57429,57514,57737,58160,58275,58967,59539,61274,62092,62246,62811,63525,63967,65698,65997,66642,66886,67078,67780,67811,67906,68161]},"geometry":{"type":"LineString","coordinates":[[113.9267,22.3055],[114.0298,22.3378],[114.0718,22.3251],[114.0871,22.2939],[114.0878,22.181],[114.1269,22.1039],[114.0898,21.6708],[114.0332,21.4187],[113.9995,20.9376],[113.967,20.757],[113.9217,20.2636],[113.7236,19.3476],[113.6594,19.1139],[112.957,17.8639],[112.225,16.9233],[110.0082,13.9774],[109.0561,12.4935],[108.8124,12.2572],[108.165,11.2376],[107.1582,10.0797],[106.4569,9.4308],[103.6026,6.9531],[103.0439,6.6095],[102.0179,5.6655],[101.5575,5.4195],[101.1823,5.3438],[100.2148,5.0463],[100.1826,5.0571],[100.1427,5.143],[100.2588,5.2772]]}},{"type":"Feature","properties":{"id":"3934c8f8","callsign":"JAL26","maxalt":41025,"times":[56580,56686,56722,56973,57011,57538,57850,57981,58255,59245,59782,60103,60999,61828,62338,62911,63451,63857,64301,64802,64866,65146,65685,66282,66650,66687,66850,66906,66964,67125,67348,67474,67636,67677,67804]},"geometry":{"type":"LineString","coordinates":[[113.9316,22.3071],[114.0307,22.3382],[114.0682,22.3278],[114.3041,22.0231],[114.3606,21.9823],[115.5896,21.7456],[116.4701,21.737],[116.8343,21.7527],[117.5407,22.0154],[119.9361,23.3788],[121.0094,24.3986],[121.7473,24.9391],[123.7715,26.488],[125.7384,27.9428],[126.9974,28.8482],[128.4577,29.8648],[129.8801,30.8201],[131.0577,31.4448],[132.3798,32.1158],[133.9646,32.778],[134.1762,32.8481],[135.1448,33.0881],[136.9713,33.6427],[138.8577,34.1817],[139.6933,34.4823],[139.745,34.5249],[139.8836,34.7123],[139.951,34.7669],[139.9921,34.834],[139.971,35.013],[139.82,35.1981],[139.7819,35.3055],[139.8514,35.4176],[139.8488,35.4472],[139.7943,35.5245]]}},{"type":"Feature","properties":{"id":"3934cd35","callsign":"MXD606","maxalt":36025,"times":[56723,56848,56877,56902,57293,57434,57676,58639,58881,58909,59413,59536,59596,59689,61751,63493,63930,65411,66338,66381,66990,67176,67207,67358,67389,67835,68341,68383,68598,68726,68794,68819,68861,69077,69103,69315,69348,69388,69412,69781]},"geometry":{"type":"LineString","coordinates":[[113.9229,22.3042],[114.0403,22.3386],[114.072,22.3244],[114.0876,22.2941],[114.0875,21.6535],[114.0332,21.4112],[113.9983,20.9268],[113.5626,19.0337],[113.4912,18.572],[113.4664,18.5245],[112.8579,17.7352],[112.6876,17.5653],[112.5729,17.528],[112.4525,17.3849],[109.9207,14.031],[107.9851,10.9802],[107.4913,10.2434],[105.3673,7.9989],[103.662,6.9829],[103.5906,6.9275],[103.221,5.7469],[103.0897,5.3899],[103.0425,5.346],[102.7472,5.225],[102.6942,5.188],[102.2619,4.3819],[101.5376,3.6739],[101.5456,3.598],[101.7577,3.2794],[101.9216,3.1422],[102.0177,3.0974],[102.0369,3.0645],[102.0219,3.006],[101.8047,2.7985],[101.8104,2.7665],[101.9547,2.5494],[101.9476,2.5155],[101.9117,2.4924],[101.8902,2.499],[101.7206,2.7507]]}},{"type":"Feature","properties":{"id":"3934cd8b","callsign":"HKE862","maxalt":37050,"times":[57097,57206,57239,57466,57495,57867,58737,58832,59801,59866,60436,60753,61713,62726,63412,63978,64677,64996,65930,66341,66657,66754,67077]},"geometry":{"type":"LineString","coordinates":[[113.9267,22.3056],[114.0303,22.3375],[114.0698,22.3278],[114.2807,22.052],[114.3264,22.0185],[115.1562,21.8409],[117.4262,21.997],[117.6573,22.0814],[119.8537,23.3248],[119.9867,23.4245],[121.0641,24.4441],[121.7549,24.9442],[123.8356,26.5363],[126.1136,28.2156],[127.7233,29.3582],[129.1065,30.3026],[130.9706,31.3812],[131.8321,31.8483],[133.8733,33.4342],[134.5233,33.9302],[134.8787,34.1793],[134.9461,34.253],[135.1886,34.4168]]}},{"type":"Feature","properties":{"id":"3934d0fe","callsign":"HKE792","maxalt":38050,"times":[57625,57738,57774,57807,57883,57938,57961,58320,58541,58579,59988,60048,60317,61751,62924,62988,63840,64761,64807,65140,65270,66129,66384,66425,66466,66508,66551,66811,66850,67191,67432]},"geometry":{"type":"LineString","coordinates":[[113.9225,22.3042],[114.0277,22.3373],[114.0692,22.3266],[114.0885,22.2859],[114.091,22.1745],[114.1643,22.1183],[114.1797,22.0828],[114.039,21.4518],[114.0044,20.9969],[113.9817,20.9231],[112.2854,18.7159],[112.1968,18.6328],[111.7052,18.4395],[109.2935,16.8884],[107.2206,15.7878],[107.0979,15.7484],[105.3958,15.3734],[103.5175,15.1161],[103.4263,15.1137],[102.7976,15.2601],[102.55,15.2683],[101.2308,14.5023],[100.9144,14.4511],[100.8829,14.4803],[100.9096,14.5154],[100.9477,14.4929],[100.929,14.4537],[100.6295,14.4018],[100.6158,14.3657],[100.6954,14.0775],[100.6104,13.9228]]}},{"type":"Feature","properties":{"id":"3934d0e0","callsign":"HKE826","maxalt":37025,"times":[57722,57828,57862,58088,58121,58670,59043,59111,59208,59447,59509,59561,60650,60713,60777,60872,61699,62712,63379,64127,64178,64335,64522]},"geometry":{"type":"LineString","coordinates":[[113.927,22.3055],[114.029,22.3378],[114.067,22.3291],[114.2821,22.0513],[114.3323,22.014],[115.5947,21.7461],[116.5912,21.7359],[116.7708,21.7467],[117.0139,21.817],[117.6011,22.0249],[117.7561,21.9953],[117.8933,21.9882],[120.7464,21.9307],[120.9109,21.9406],[121.0768,21.972],[121.2986,22.074],[123.0124,23.3308],[125.2752,24.7663],[126.6292,25.5211],[127.7042,25.8897],[127.7118,25.9333],[127.6409,26.0482],[127.6342,26.1634]]}},{"type":"Feature","properties":{"id":"3934d09d","callsign":"CPA719","maxalt":40025,"times":[57813,57922,57957,57995,58089,58201,58301,58708,58869,58926,59863,59936,61847,64593,64789,64983,65116,65159,66945,67482,67801,68494,68758,68919,69457,69551,69616,69654,69856,70046,70139,70355,70472,70534,71295,71326,71440,71490,71695,71933,72503,72625,72688,72866,72941,73488,73616,73880]},"geometry":{"type":"LineString","coordinates":[[113.9311,22.307],[114.0297,22.3382],[114.0658,22.3298],[114.0881,22.2929],[114.0958,22.1632],[114.2602,22.0765],[114.3715,21.9418],[115.1601,21.5159],[115.4564,21.2669],[115.5442,21.1614],[115.8273,19.1176],[115.8626,18.9657],[117.0321,15.1007],[116.3023,9.2602],[116.1058,8.8799],[115.8696,8.5231],[115.68,8.2939],[115.6297,8.2113],[114.3137,4.524],[113.8242,3.4575],[113.4156,2.8895],[112.6405,1.5792],[112.2856,1.1233],[111.9635,0.9506],[110.8417,0.4897],[110.6637,0.3726],[110.568,0.2639],[110.5337,0.1873],[110.4264,-0.2464],[110.2904,-0.6479],[110.254,-0.8541],[110.2404,-1.3298],[110.1521,-1.5797],[110.0895,-1.7063],[109.0144,-3.0468],[108.9544,-3.0887],[108.7105,-3.1898],[108.6296,-3.2717],[108.452,-3.6938],[108.157,-4.1516],[107.6093,-5.1865],[107.4189,-5.2688],[107.3176,-5.2463],[107.0403,-5.2482],[106.9453,-5.3029],[106.892,-5.9591],[106.8204,-6.0429],[106.6571,-6.1089]]}},{"type":"Feature","properties":{"id":"3934cf97","callsign":"SIA893","maxalt":36000,"times":[58036,58147,58179,58210,58593,58700,58858,60437,60587,60767,60951,62718,64430,66396,67689,68576,69170,69299,69467,69593,69640,69684,69945]},"geometry":{"type":"LineString","coordinates":[[113.9334,22.3077],[114.0414,22.338],[114.0722,22.3239],[114.0878,22.2912],[114.0847,21.6396],[114.0342,21.4199],[114.0065,21.064],[112.9636,17.8872],[112.7741,17.632],[112.4957,17.3621],[112.2269,17.0661],[109.9106,13.985],[107.8716,10.7662],[105.5799,7.0409],[104.6124,4.3534],[104.1095,2.519],[104.1067,1.6276],[104.1267,1.4532],[104.0479,1.2674],[103.9657,1.1488],[103.9233,1.151],[103.911,1.1845],[103.9778,1.3499]]}},{"type":"Feature","properties":{"id":"3934d6dc","callsign":"CPA605","maxalt":40000,"times":[58618,58729,58769,58798,58889,58960,58987,59090,59364,60978,61038,61278,62685,63261,63356,63451,64248,64285,64315,64649,66509,66790]},"geometry":{"type":"LineString","coordinates":[[113.9288,22.3062],[114.0293,22.3379],[114.0704,22.3263],[114.087,22.2955],[114.0929,22.1693],[114.1938,22.1063],[114.2154,22.0652],[114.1687,21.896],[114.0761,21.3909],[112.2798,18.7174],[112.1951,18.6332],[111.7365,18.4585],[109.3047,16.8957],[108.3508,16.1634],[108.2399,16.0013],[108.1935,15.814],[108.1578,14.1993],[108.1516,14.126],[108.1244,14.071],[107.5334,13.6845],[104.9989,11.6941],[104.8442,11.5466]]}},{"type":"Feature","properties":{"id":"3934db62","callsign":"CPA701","maxalt":38025,"times":[58718,58821,58859,58889,58987,59104,59181,59761,61038,61176,61367,62819,63861,64928,65085,65537,66683,66713,66743,66771,66803,66843,66884,66927,66970,67057,67268,67425,67459,67490,67613,67638,67667,67768,68145]},"geometry":{"type":"LineString","coordinates":[[113.9309,22.3068],[114.0305,22.3381],[114.0701,22.327],[114.0879,22.2936],[114.0933,22.1648],[114.263,22.0722],[114.3343,21.9654],[113.9858,20.9202],[112.36,18.8145],[112.1401,18.6354],[111.7667,18.4801],[109.1568,16.8048],[107.1851,15.771],[104.9166,15.2573],[104.5723,15.2143],[103.6142,14.9586],[101.3953,14.3401],[101.3616,14.3085],[101.3574,14.2601],[101.3861,14.224],[101.4383,14.2164],[101.4914,14.2552],[101.4988,14.3198],[101.4549,14.3693],[101.3913,14.3727],[101.28,14.3008],[101.0798,14.0668],[101.0041,13.8559],[100.9573,13.8477],[100.925,13.8769],[100.9359,14.0249],[100.9257,14.0466],[100.8963,14.0482],[100.8176,13.9857],[100.7374,13.696]]}},{"type":"Feature","properties":{"id":"3934dac6","callsign":"CPA925","maxalt":37000,"times":[58916,59028,59062,59095,59177,59201,59300,59373,59789,60236,60272,60626,61996,62312,63233,64280,65870,65906,66419,66698,66972]},"geometry":{"type":"LineString","coordinates":[[113.9285,22.3061],[114.0304,22.3377],[114.0675,22.3281],[114.0878,22.2935],[114.0885,22.1812],[114.108,22.1514],[114.2619,22.0754],[114.3522,21.9777],[115.1714,21.5081],[116.02,20.825],[116.082,20.7668],[116.5722,20.1299],[118.9564,17.9823],[119.3225,17.3753],[120.5128,15.7168],[121.8278,13.845],[123.8265,11.1636],[123.8357,11.103],[123.6298,10.3513],[123.818,10.1595],[123.9674,10.2955]]}},{"type":"Feature","properties":{"id":"3934ddf9","callsign":"","maxalt":38100,"times":[59219,59318,59349,59383,59467,59510,59547,59611,59630,60046,60123,61371,61486,61761,61880,62391,62571,62751,63081,64083,64154,64725,64791,65071,65168,65772,65838,65900,65967,66586,67608,67667,67756,68207,70039,72317,73128,73911,74902,75832,76582,77182,77237,77851,78263,78361,78805,79378,79697,80064,80132,80235,80255,80293,80347,80431,80640]},"geometry":{"type":"LineString","coordinates":[[113.9319,22.3072],[114.0283,22.3381],[114.0666,22.3287],[114.0869,22.2942],[114.0894,22.1849],[114.1409,22.1567],[114.1876,22.1821],[114.239,22.2741],[114.2421,22.3072],[113.8944,23.0069],[113.8058,23.1253],[111.5497,24.2856],[111.3552,24.4209],[110.8505,24.6724],[110.6613,24.8283],[109.8945,25.5561],[109.6164,25.7941],[109.2938,25.9479],[108.6689,26.1135],[106.8308,26.7747],[106.7152,26.8546],[105.9053,27.6747],[105.7945,27.7416],[105.2871,27.9324],[105.1326,28.0479],[104.415,29.0569],[104.3489,29.1782],[104.3096,29.3073],[104.2984,29.4584],[104.3907,30.9043],[104.2726,33.152],[104.225,33.2685],[104.1029,33.4103],[103.2542,33.9023],[99.4072,35.5431],[94.4164,37.5278],[92.5944,38.2241],[90.7429,38.7606],[88.3424,39.5029],[86.0474,40.1584],[84.3795,41.0189],[83.0053,41.6977],[82.8895,41.7714],[81.7951,42.7728],[81.0014,43.4113],[80.7787,43.5332],[79.5844,43.8443],[78.0791,43.662],[77.4002,43.7884],[76.7399,43.5575],[76.6851,43.4783],[76.6576,43.3478],[76.6587,43.3237],[76.6892,43.2891],[76.75,43.259],[76.8553,43.2645],[77.0369,43.3509]]}},{"type":"Feature","properties":{"id":"3934e2ca","callsign":"CPA542","maxalt":35000,"times":[59835,59935,59971,60000,60104,60222,60346,60515,61462,61501,61533,62499,63071,63388,64115,65369,65916,66393,66773,67242,68097,68160,68319,68764,68857,69363,69676,69929,70058,70181,70226,70517,70648,70785,70827,70979]},"geometry":{"type":"LineString","coordinates":[[113.9296,22.3065],[114.0288,22.3376],[114.0692,22.3267],[114.087,22.2954],[114.0972,22.1609],[114.2608,22.0744],[114.4182,21.9026],[114.7929,21.8517],[117.3669,21.9856],[117.4716,21.9949],[117.5597,22.0259],[119.8931,23.3481],[121.0333,24.4186],[121.7621,24.95],[123.4231,26.2262],[126.4092,28.4285],[127.7831,29.3994],[129.0159,30.2432],[130.1022,30.8297],[131.4636,31.5365],[133.9914,32.7832],[134.1942,32.8522],[134.729,32.9847],[136.2535,33.3284],[136.5692,33.415],[138.2398,33.9014],[139.0058,34.2324],[139.5102,34.5023],[139.7132,34.6503],[139.8312,34.8146],[139.8413,34.8751],[139.8143,35.1979],[139.7812,35.3129],[139.848,35.4061],[139.8516,35.4365],[139.7927,35.5267]]}},{"type":"Feature","properties":{"id":"3934e5c2","callsign":"HKE702","maxalt":38050,"times":[60389,60495,60531,60560,60648,60728,60762,61026,61123,61391,62689,62838,63019,63794,63932,64498,65700,67443,68650,68893,69069,69100,69165,69197,69459,69501,69601,70075]},"geometry":{"type":"LineString","coordinates":[[113.9286,22.3062],[114.0293,22.3376],[114.0689,22.3271],[114.087,22.2936],[114.0952,22.1662],[114.2124,22.0976],[114.2362,22.0498],[114.0832,21.6258],[114.0396,21.4573],[113.9878,20.9258],[112.3994,18.8667],[112.2091,18.6393],[111.8672,18.5424],[110.5638,17.7078],[110.3068,17.6015],[109.3433,16.9816],[107.2004,15.7807],[103.67,14.9761],[101.3066,14.3156],[101.0738,14.0581],[101.0139,13.8471],[100.99,13.8187],[100.9174,13.8276],[100.8957,13.8548],[100.9419,14.1288],[100.8988,14.1389],[100.818,14.0644],[100.7359,13.6905]]}},{"type":"Feature","properties":{"id":"3934e979","callsign":"CPA603","maxalt":39671,"times":[61001,61112,61154,61185,61284,61393,61440,61948,62015,62078,62159,63137,63207,63788,64247,64337,64457,64487,64997,65297,65387,65966,66050,67281,68570,68630,68719,69980,70310,70758,70929,71238,72054,73144,73432,75653,75719,76099,77382,77443,78027,78350,78389,78439,78488,78636,78663,78689,78714,78743,78891,78916,78942,78994,79130,79173,79216,79354,79403,79453,79590,79612,79634,79675,79813,79863,79913,80052,80116,80190,80214,80256,80311,81024]},"geometry":{"type":"LineString","coordinates":[[113.9307,22.3067],[114.0301,22.338],[114.0707,22.3255],[114.0873,22.294],[114.0914,22.167],[114.2364,22.0857],[114.2576,22.017],[113.8576,21.2285],[113.7757,21.1316],[113.6783,21.0616],[113.5347,21.0098],[111.5979,20.852],[111.4517,20.8573],[110.3017,21.1518],[109.4246,21.5948],[109.2883,21.7216],[109.1345,21.9246],[109.0877,21.9642],[108.257,22.6123],[107.7849,23.0161],[107.6262,23.1077],[106.719,23.8918],[106.5712,23.9741],[104.1966,24.4925],[101.71,24.665],[101.5952,24.6649],[101.4384,24.6182],[99.3762,23.5716],[98.7903,23.3851],[98.0195,23.0827],[98.7331,23.342],[98.2268,23.1617],[95.5301,23.2428],[93.441,23.4674],[92.8936,23.5559],[88.6783,24.4266],[88.5547,24.4647],[87.8559,24.7593],[85.711,26.2885],[85.6282,26.3604],[85.0767,27.0465],[85.2357,27.4291],[85.2264,27.4725],[85.1734,27.4964],[85.1222,27.4685],[85.0468,27.302],[85.0544,27.2671],[85.0842,27.2438],[85.1229,27.2413],[85.158,27.2623],[85.2368,27.4288],[85.2312,27.4555],[85.2069,27.4739],[85.1504,27.4576],[85.0816,27.3075],[85.1106,27.2626],[85.1663,27.2784],[85.2371,27.4304],[85.2067,27.4736],[85.1514,27.4579],[85.0823,27.3073],[85.088,27.2811],[85.1132,27.2626],[85.1672,27.2797],[85.2372,27.4313],[85.2053,27.4745],[85.1504,27.4578],[85.0814,27.3074],[85.0978,27.2327],[85.0336,27.1759],[85.0271,27.1517],[85.066,27.1286],[85.1168,27.1637],[85.3581,27.6943]]}},{"type":"Feature","properties":{"id":"3934de91","callsign":"","maxalt":40000,"times":[61127,61232,61272,61306,61408,61526,61566,61822,61941,62131,62192,62433,62799,62842,62884,63439,63471,63519,63963,64107,64251,64882,65002,65695,66645,67844,68888,69334,69397,69749,69791,69849,70104,70491,70886,72132,72431,73644,73710,74346,75422,77955,78723,79196,79830,79910,79971,80009,80244]},"geometry":{"type":"LineString","coordinates":[[113.9326,22.3073],[114.0283,22.3376],[114.0682,22.3274],[114.0867,22.2953],[114.0943,22.1638],[114.2617,22.0747],[114.2875,22.0121],[114.0863,21.6364],[114.0274,21.4297],[113.8246,21.1412],[113.7391,21.0717],[113.2993,20.9273],[112.6879,20.5254],[112.6123,20.4922],[112.5328,20.498],[111.4543,20.8606],[111.3916,20.8615],[111.3008,20.8327],[110.4639,20.5389],[110.234,20.3737],[109.9778,20.2412],[108.9776,19.486],[108.7621,19.3802],[107.66,18.5193],[106.1052,17.3827],[104.0025,16.09],[102.1804,14.943],[101.3148,14.5692],[101.1982,14.5063],[100.6834,13.9844],[100.6128,13.9311],[100.4911,13.9049],[99.9387,13.9536],[99.1235,13.8417],[98.2687,13.7887],[95.752,12.9653],[95.1856,12.7428],[92.7856,11.6737],[92.6463,11.6648],[91.2794,11.8619],[88.9596,12.0778],[83.6213,12.6537],[82.0044,12.5638],[81.0829,12.7529],[80.1255,13.0342],[80.035,13.0043],[79.9855,12.9628],[79.9937,12.936],[80.1508,12.9833]]}},{"type":"Feature","properties":{"id":"3934f21b","callsign":"CPA416","maxalt":41025,"times":[62076,62192,62220,62244,62313,62339,62442,62564,62795,62837,63699,63763,63826,64717,64782,65037,65611,65899,66828,67332,67413,68269,69445,70907,71082,71114,71347,71437,71551,71582,71636,71931,72035,72104,72455,72764]},"geometry":{"type":"LineString","coordinates":[[113.9201,22.3034],[114.034,22.3369],[114.0696,22.328],[114.0874,22.2975],[114.0875,22.1962],[114.1034,22.1615],[114.2636,22.0728],[114.4195,21.8985],[114.9493,21.8263],[115.0507,21.8201],[117.3895,21.9913],[117.5608,22.0392],[117.7135,22.1131],[119.8616,23.3299],[120.0018,23.4386],[120.5005,23.9245],[121.4847,25.1304],[122.1137,25.6642],[123.693,27.6486],[124.628,28.6917],[124.7417,28.8731],[125.5401,30.8331],[126.6891,33.5481],[127.0036,36.3894],[126.9962,36.643],[127.0309,36.6853],[127.4154,36.9365],[127.5145,37.0609],[127.563,37.2228],[127.5434,37.2588],[127.4738,37.2824],[127.0693,37.2027],[126.9597,37.1408],[126.8915,37.1274],[126.5995,37.2618],[126.4535,37.4237]]}},{"type":"Feature","properties":{"id":"3934cb76","callsign":"BKP806","maxalt":38050,"times":[62475,62586,62639,63043,63160,63378,63929,64580,64643,65060,65210,65360,66786,67577,68372,68656,69388,69902,71713,71753,71842,71878,72189,72631,72787,72896]},"geometry":{"type":"LineString","coordinates":[[113.9306,22.3067],[114.0379,22.3387],[114.0856,22.3001],[114.0863,21.6419],[114.0259,21.4285],[113.7723,21.0886],[112.7275,20.7426],[111.4235,20.8488],[111.3003,20.8292],[110.4874,20.5502],[110.2354,20.3733],[109.9625,20.2291],[107.6091,18.4166],[106.1798,17.5421],[104.7867,16.5758],[104.3493,16.2007],[103.3425,15.1504],[102.7486,14.3119],[101.1781,11.0402],[101.1479,10.9657],[101.1242,10.781],[101.0918,10.71],[100.68,10.2028],[100.1385,9.7615],[100.0563,9.6269],[100.0616,9.5577]]}},{"type":"Feature","properties":{"id":"3935054d","callsign":"CPA685","maxalt":36000,"times":[64710,64813,64848,64877,64966,65057,65097,65301,65425,65586,65637,65672,66798,67184,67309,67459,68793,68823,68847,68912,69138,69774,71426,72317,72602,73760,74857,75329,76675,78185,79264,80338,81003,81034,81115,81154,82338,83291,84403,86076,86291,86504,86639,86677,86715,86867,86893,86959,87392]},"geometry":{"type":"LineString","coordinates":[[113.9316,22.307],[114.0317,22.3384],[114.0701,22.3263],[114.0873,22.294],[114.0946,22.1672],[114.222,22.0904],[114.2442,22.0287],[114.1004,21.6749],[114.0252,21.4293],[113.826,21.1435],[113.7431,21.0719],[113.6687,21.0512],[111.2704,20.8161],[110.4952,20.5576],[110.2748,20.4045],[109.9956,20.2543],[107.7294,18.5096],[107.6769,18.4732],[107.6256,18.4603],[107.4818,18.4764],[106.9825,18.4802],[105.6023,18.757],[102.1925,19.9048],[100.495,20.8014],[99.9173,20.9654],[97.588,21.573],[96.8659,21.362],[96.0625,22.0003],[91.8002,22.257],[88.9005,22.5996],[86.8749,22.3247],[84.8506,22.0238],[83.5977,21.8244],[83.5398,21.8096],[83.4074,21.7264],[83.3361,21.7044],[81.0662,21.3816],[79.2265,20.908],[77.0607,20.3164],[73.9152,19.4326],[73.6209,19.2933],[73.3341,19.2757],[73.1576,19.2822],[73.1283,19.2487],[73.1517,19.2113],[73.3425,19.1979],[73.3548,19.1682],[73.3475,19.0981],[72.9281,19.0896]]}},{"type":"Feature","properties":{"id":"3935088c","callsign":"CDG4632","maxalt":35100,"times":[64844,64974,65006,65035,65119,65138,65232,65304,65537,65758,65940,65977,66231,66621,66906,66971,66992,67984,68016,68218,68345,68944,68969,68991,69348,69379,69498,69952,69982,70377,70799,71121,71157,72301,72585,73701,74328,74518]},"geometry":{"type":"LineString","coordinates":[[113.9229,22.3043],[114.0306,22.3379],[114.0666,22.3283],[114.0858,22.2975],[114.088,22.1858],[114.1017,22.1598],[114.254,22.0773],[114.3567,21.9852],[114.8841,21.8891],[115.4573,21.9019],[115.881,22.0918],[115.9337,22.1622],[116.1622,22.6985],[116.7631,23.4343],[117.2928,23.9207],[117.4548,23.9783],[117.5006,24.0085],[119.4469,25.6852],[119.4852,25.7526],[119.6398,26.1879],[119.8163,26.4461],[120.596,27.6946],[120.645,27.7391],[120.7023,27.7646],[121.7502,27.9837],[121.8289,28.0234],[122.0051,28.2608],[122.5404,29.192],[122.5408,29.2511],[122.3846,29.9656],[122.4312,30.802],[122.4479,31.4277],[122.4315,31.4905],[121.6091,33.2761],[121.3953,33.6902],[120.6168,35.3096],[120.1968,36.056],[120.1353,36.209]]}},{"type":"Feature","properties":{"id":"39350da5","callsign":"HKE622","maxalt":35050,"times":[65262,65392,65436,65525,65554,65661,65955,66861,66924,66988,67563,68264,68584,69476,70552,71449,72409,72854,73489,74093,74696,74747,74836,74882,74935,75049,75103,75412,75569,75690,75923,76182,76660,76824,76869,77014]},"geometry":{"type":"LineString","coordinates":[[113.9302,22.3068],[114.0575,22.3342],[114.0869,22.2964],[114.0887,22.1799],[114.1192,22.1434],[114.3023,22.0557],[114.9158,21.8539],[117.2938,21.9821],[117.457,22.0066],[117.6184,22.0628],[118.9214,22.8025],[120.4268,23.8656],[121.0427,24.4278],[122.9628,25.8904],[125.3652,27.6692],[127.4476,29.1654],[129.7567,30.7397],[130.962,31.3458],[132.8247,32.0647],[134.645,32.7313],[136.482,33.3672],[136.6514,33.3916],[136.9417,33.3513],[137.0946,33.379],[137.2353,33.4612],[137.4117,33.7053],[137.5487,33.794],[138.4975,34.0916],[138.9566,34.1352],[139.1862,34.3007],[139.7073,34.4864],[139.9867,34.8045],[139.7821,35.3053],[139.8514,35.4154],[139.8492,35.4455],[139.7933,35.526]]}},{"type":"Feature","properties":{"id":"39351472","callsign":"CPA502","maxalt":39025,"times":[66181,66300,66334,66368,66452,66482,66576,66684,66835,67811,67876,67938,68765,69435,69722,70802,71658,72327,73040,73291,73831,73885,73944,74484,75113,75144,75171,75205,75242,75328,75360,75413,75461,75598,75662,75992,76337]},"geometry":{"type":"LineString","coordinates":[[113.9234,22.3044],[114.0297,22.338],[114.0649,22.3307],[114.0862,22.2993],[114.0863,22.193],[114.1077,22.1522],[114.264,22.0728],[114.3973,21.9181],[114.7074,21.8072],[117.3287,21.983],[117.5072,22.0215],[117.6639,22.0856],[119.6498,23.2104],[121.0429,24.4282],[121.707,24.9074],[124.2139,26.8182],[126.2805,28.3357],[127.9545,29.5181],[129.8031,30.7733],[130.5107,31.1652],[131.999,31.9256],[132.1035,32.0247],[132.2552,32.1321],[133.4889,33.1284],[134.5051,33.9165],[134.5482,33.9379],[134.5895,33.9261],[134.6101,33.8889],[134.5929,33.8543],[134.5137,33.8001],[134.4786,33.7953],[134.4335,33.8259],[134.4436,33.8743],[134.647,33.9224],[134.7284,33.9625],[134.9431,34.25],[135.1897,34.4175]]}},{"type":"Feature","properties":{"id":"393509ba","callsign":"MAS6113","maxalt":39025,"times":[66273,66388,66426,66458,66560,66673,66696,66721,66856,67295,67700,68808,68867,68987,69108,71257,72846,72997,74234,75308,76650,76700,77321,77356,77487,77605,78019,78076,78103,78315,78338,78383,78419,78803]},"geometry":{"type":"LineString","coordinates":[[113.9329,22.3074],[114.0299,22.3381],[114.0695,22.326],[114.0868,22.2951],[114.094,22.1643],[114.2634,22.073],[114.2901,22.0401],[114.2932,21.9981],[114.18,21.7904],[114.0026,20.9437],[113.8025,20.0999],[112.9874,17.9462],[112.9097,17.8555],[112.7154,17.7029],[112.5551,17.5152],[109.9023,14.0032],[108.1412,11.2293],[108.0195,10.9389],[106.5659,8.7314],[105.3697,6.7956],[103.9432,4.3339],[103.8529,4.272],[102.5509,3.874],[102.4894,3.8442],[102.2904,3.6833],[102.1627,3.495],[101.8695,2.8636],[101.8073,2.8066],[101.8096,2.7688],[101.9567,2.5469],[101.9543,2.5209],[101.9161,2.4939],[101.8858,2.5067],[101.7142,2.7601]]}},{"type":"Feature","properties":{"id":"3935223a","callsign":"HGB283","maxalt":38025,"times":[67953,68058,68094,68130,68233,68339,68380,68465,68954,70429,70489,71504,71530,71590,71616,72212,73387,74190,75211,76351,76418,76605,76794,76820,76870,76894,77051,77092,77133,77551]},"geometry":{"type":"LineString","coordinates":[[113.9312,22.3071],[114.0311,22.3383],[114.0678,22.328],[114.0869,22.2945],[114.0959,22.1625],[114.2555,22.0768],[114.2922,22.0152],[114.2374,21.8816],[113.9983,20.9443],[112.2675,18.6916],[112.1786,18.62],[110.5055,17.5495],[110.456,17.5348],[110.335,17.5419],[110.2836,17.5255],[109.2899,16.8864],[107.212,15.7825],[105.622,15.4241],[103.587,15.0106],[101.3835,14.3411],[101.2763,14.2959],[101.0826,14.0701],[100.9935,13.819],[100.9605,13.8143],[100.9019,13.838],[100.8954,13.865],[100.9275,14.0266],[100.8929,14.0491],[100.8548,14.0282],[100.7623,13.6959]]}},{"type":"Feature","properties":{"id":"39351f44","callsign":"DHK001","maxalt":37000,"times":[68056,68161,68199,68235,68332,68408,68837,68909,69007,69628,69694,70679,71247,71532,72272,73169,73784,74382,74605,74948,75701,76301,76332,76428,76490,77158,77895,77943,78254]},"geometry":{"type":"LineString","coordinates":[[113.9299,22.3064],[114.0272,22.3378],[114.0663,22.3292],[114.0871,22.2956],[114.0949,22.1661],[114.2113,22.1009],[115.222,21.7494],[115.4205,21.7427],[115.6918,21.7662],[117.3877,21.9782],[117.5627,22.0275],[119.9229,23.3691],[121.0518,24.4335],[121.7029,24.9046],[123.3811,26.1945],[125.4972,27.7663],[126.9863,28.8402],[128.4997,29.8935],[129.1184,30.2529],[130.0906,30.7839],[132.2212,31.9011],[133.9795,32.7767],[134.0764,32.8174],[134.3889,32.9026],[134.5724,32.9824],[135.8683,33.9511],[136.8511,34.5785],[136.8634,34.6145],[136.8134,34.825]]}},{"type":"Feature","properties":{"id":"393523dd","callsign":"","maxalt":40025,"times":[68375,68519,68546,68573,68994,69124,69372,70279,70427,70520,70582,71480,72615,72798,73275,74824,76126,76994,77715,77749,77869,77908,77978,78103,78131,78470,78693,78888,78935,78972,79218,79517,80097,80212,80468,80519,80599,80655,80901]},"geometry":{"type":"LineString","coordinates":[[113.9225,22.3041],[114.0374,22.3385],[114.0686,22.3272],[114.0866,22.2985],[114.0881,21.6527],[114.0329,21.4178],[113.9975,20.9227],[113.5634,19.0367],[113.5165,18.7306],[113.4641,18.5423],[113.3966,18.4336],[112.2453,16.9504],[110.8233,15.0571],[110.6687,14.7144],[110.0699,13.9179],[108.2667,11.0829],[106.6008,8.6944],[105.5815,7.0428],[105.0439,5.5817],[104.9942,5.5297],[104.7627,5.4068],[104.6975,5.3512],[104.6089,5.23],[104.5301,4.9787],[104.5211,4.9203],[104.5582,4.2095],[104.6068,3.7295],[104.7865,3.4048],[104.8009,3.3175],[104.7682,3.2572],[104.4127,2.9566],[104.1095,2.5092],[104.1069,1.6157],[104.1283,1.4553],[104.0309,1.1576],[104.0047,1.1177],[103.9382,1.1254],[103.9227,1.1677],[103.9849,1.3287]]}},{"type":"Feature","properties":{"id":"393522fa","callsign":"CPA344","maxalt":37100,"times":[68589,68719,68897,68931,68970,69160,69472,70019,70052,70108,70790,71509,72019,72347,72620,72710,73040,73693,75587,75647,76311,76398,76606,76851,76908,77388,77440,77688,77827,78291]},"geometry":{"type":"LineString","coordinates":[[113.9265,22.3055],[114.0433,22.3379],[114.2569,22.2595],[114.3018,22.284],[114.3138,22.3398],[114.1273,22.5544],[113.8549,23.0828],[113.4402,24.1377],[113.4382,24.2056],[113.4744,24.333],[113.5183,25.8381],[113.4641,27.4196],[113.5421,28.5523],[113.5382,29.2596],[113.5914,29.8696],[113.6581,30.0709],[114.0372,30.8156],[114.3611,32.2811],[114.7523,36.3459],[114.8057,36.4702],[115.5574,37.7552],[115.5815,37.8967],[115.5613,38.1985],[115.7639,38.5879],[115.8151,38.6725],[116.4019,39.1923],[116.4516,39.2483],[116.6009,39.5204],[116.6611,39.6586],[116.6058,40.019]]}},{"type":"Feature","properties":{"id":"393529e3","callsign":"THA639","maxalt":40100,"times":[68769,68901,68933,68963,69369,69477,69598,69675,70107,70152,70181,70527,70592,70818,70909,71119,71403,71513,72169,73003,73956,74655,75452,76691,76902,77072,77100,77162,77187,77377,77414,77449,77499,77915]},"geometry":{"type":"LineString","coordinates":[[113.9269,22.3056],[114.0421,22.3391],[114.0725,22.3242],[114.0872,22.2941],[114.0861,21.6342],[114.0299,21.4324],[113.8952,21.241],[113.7902,21.1282],[113.0354,20.613],[112.9596,20.567],[112.9015,20.5525],[112.1883,20.5571],[112.0539,20.5946],[111.5997,20.7845],[111.4084,20.7956],[110.977,20.7213],[110.4205,20.5273],[110.2213,20.4191],[109.129,19.5993],[107.7459,18.5238],[106.0954,17.375],[104.8267,16.5943],[103.5692,15.4728],[101.2856,14.3074],[101.073,14.0574],[101.0131,13.8429],[100.9935,13.8155],[100.918,13.8266],[100.8957,13.8455],[100.95,14.0517],[100.9237,14.0806],[100.8852,14.0724],[100.8515,14.0323],[100.7617,13.6939]]}},{"type":"Feature","properties":{"id":"39352d04","callsign":"SIA7859","maxalt":36025,"times":[69286,69401,69441,69472,69588,69702,69747,69778,69807,69973,69997,70302,71178,71420,71778,71809,71898,71958,72377,74061,75499,77709,77803,79038,79576,79604,79946,79973,80045,80117,80850,81031,81141,81175,81291,81382,81674]},"geometry":{"type":"LineString","coordinates":[[113.9252,22.305],[114.0306,22.3379],[114.07,22.3265],[114.0868,22.2979],[114.0998,22.1533],[114.2681,22.0655],[114.319,22.0026],[114.328,21.9506],[114.3083,21.903],[114.1081,21.6628],[114.0939,21.6208],[114.0026,20.9534],[113.5703,19.0673],[113.4786,18.5455],[113.0105,17.9314],[112.9591,17.8898],[112.7851,17.8044],[112.7017,17.7041],[112.1413,16.9834],[109.9108,14.0156],[108.1928,11.3117],[105.5818,7.0435],[105.5001,6.8476],[104.5667,4.2251],[104.662,3.0508],[104.6305,2.9983],[104.1321,2.5318],[104.1063,2.4906],[104.1068,2.3726],[104.1453,2.2689],[104.2219,1.3154],[104.1519,1.1113],[104.0543,1.0379],[104.0184,1.0331],[103.9171,1.0881],[103.9013,1.1616],[103.9821,1.36]]}},{"type":"Feature","properties":{"id":"393538b8","callsign":"","maxalt":40025,"times":[70193,70306,70338,70381,70474,70531,71119,71184,71635,71660,71694,72289,72362,73818,75515,76832,76958,77083,77145,77292,77683,78733,78772,79091,79219,79409,79661,80283,81094,81388,81483,81968,82446,82509,83544,83715,84280,84723,85596,85829]},"geometry":{"type":"LineString","coordinates":[[113.9284,22.306],[114.0311,22.338],[114.0641,22.3314],[114.0888,22.2928],[114.0886,22.1736],[114.1419,22.1137],[115.19,21.4931],[115.3022,21.3906],[115.9848,20.5524],[116.0018,20.4976],[116.0004,20.4235],[115.8646,19.1666],[115.8702,19.0109],[117.1619,16.1145],[116.7074,12.5235],[116.5259,9.732],[116.5245,9.4647],[116.5433,9.1972],[116.5334,9.0629],[116.412,8.7637],[115.998,7.9978],[115.2218,5.85],[115.1659,5.7845],[114.6292,5.3006],[114.446,5.0768],[114.2088,4.723],[113.9694,4.2199],[113.5045,2.9508],[112.541,1.4415],[112.2426,0.8843],[112.1312,0.7116],[111.4391,-0.1197],[110.5175,-0.7391],[110.4112,-0.8398],[108.8877,-2.6699],[108.6896,-3.001],[108.1551,-4.1583],[107.6983,-5.0234],[106.8289,-6.0347],[106.6617,-6.107]]}},{"type":"Feature","properties":{"id":"39353bb1","callsign":"CEB237","maxalt":37050,"times":[70516,70629,70660,70691,70793,70902,71056,71385,71420,71818,72332,73656,74067,75241,75589,75652,76128,77774,77804,78343,78609,78881]},"geometry":{"type":"LineString","coordinates":[[113.9253,22.305],[114.0286,22.3379],[114.0648,22.3302],[114.086,22.2981],[114.0981,22.1627],[114.264,22.0722],[114.4424,21.8556],[115.1088,21.5479],[115.1787,21.5026],[115.903,20.8857],[116.6746,19.9999],[118.9455,17.9966],[119.381,17.2628],[120.564,15.1823],[120.972,14.5814],[121.0576,14.4811],[121.8279,13.8437],[123.8308,11.1547],[123.835,11.1027],[123.6307,10.3524],[123.8191,10.1603],[123.9691,10.2973]]}},{"type":"Feature","properties":{"id":"393558e3","callsign":"HKE748","maxalt":38050,"times":[73373,73490,73530,73560,73648,73712,73745,74077,74371,74747,75949,76067,76216,76278,77447,80163,81302,82066,83325,83798,84429,85016,85059,85149,85393]},"geometry":{"type":"LineString","coordinates":[[113.9246,22.3048],[114.0298,22.3378],[114.069,22.3271],[114.0865,22.296],[114.0938,22.1723],[114.1876,22.1072],[114.2096,22.0579],[114.0443,21.4751],[113.9839,20.8632],[113.8089,20.1156],[112.9662,17.8929],[112.8243,17.707],[112.5486,17.5835],[112.4578,17.5018],[111.0399,15.63],[108.0748,10.9321],[106.7516,8.9322],[105.3937,8.0117],[103.0836,6.6385],[102.3423,5.9726],[101.106,5.4482],[100.2255,5.0544],[100.1811,5.0642],[100.1428,5.139],[100.2557,5.2737]]}},{"type":"Feature","properties":{"id":"3935620b","callsign":"ACA8","maxalt":37000,"times":[74271,74372,74408,74445,74553,74661,74744,74764,75311,75773,76047,77021,77052,77590,77878,78823,79580,80144,80741,81245,82065,82600,82761,83172,83237,83745,84344,84881,85391,85965,93025,95856,98191,98693,101654,103938,104517,105087,105644,106242,106992,107944,108529,110099,110363,110453,110898,111264,111630,112236]},"geometry":{"type":"LineString","coordinates":[[113.9342,22.308],[114.0307,22.3383],[114.0668,22.3287],[114.0867,22.2958],[114.0979,22.1594],[114.2548,22.0781],[114.35,21.9701],[114.3851,21.9507],[115.5951,21.7441],[116.8015,21.7442],[117.5165,22.0032],[119.8855,23.343],[119.9543,23.3938],[121.029,24.4152],[121.6971,24.9011],[123.8756,26.5659],[125.7103,27.9223],[127.113,28.9298],[128.6511,29.9969],[129.974,30.8753],[132.3523,32.1026],[133.999,32.7917],[134.5415,32.9386],[135.964,33.2666],[136.1806,33.3312],[137.7964,33.9799],[139.7467,34.7187],[141.5139,35.3506],[143.2131,35.92],[145.2676,36.1251],[170.259,40.0318],[180.2167,41.05],[188.1835,42.7109],[189.9721,43.0018],[200.4075,45.0909],[208.5534,46.7749],[210.6445,47.1045],[212.7916,47.3743],[214.9405,47.621],[217.1315,47.8118],[219.9732,48.0025],[223.5848,48.5267],[225.7423,48.8199],[231.688,49.0656],[232.54,48.8741],[232.8389,48.8329],[234.2586,49.0411],[235.2019,49.0676],[235.9966,49.2905],[236.7892,49.2063]]}},{"type":"Feature","properties":{"id":"39356ca4","callsign":"","maxalt":40125,"times":[75865,75984,76025,76052,76140,76229,76277,76505,76620,76775,76849,76912,77616,77683,77747,77984,78080,78209,78536,78650,78830,80167,81125,82624,83706,85903,86528,86845,88213,89324,91792,93310,93930,94213,94286,94310,94334,94358,94381,94420,94462,94653,95316,95411,95474,95808]},"geometry":{"type":"LineString","coordinates":[[113.9234,22.3043],[114.0281,22.3377],[114.0714,22.3249],[114.0875,22.2932],[114.0948,22.1651],[114.2309,22.0875],[114.2569,22.011],[114.0882,21.643],[114.0281,21.4293],[113.8461,21.1771],[113.7412,21.0896],[113.6341,21.0375],[112.2978,20.6039],[112.1603,20.5947],[112.0239,20.6158],[111.547,20.8134],[111.3451,20.8316],[111.0888,20.7585],[110.4507,20.5312],[110.2551,20.3973],[109.9349,20.2095],[107.7375,18.5159],[106.095,17.3749],[103.3799,15.7018],[101.322,14.588],[96.6336,13.224],[95.3025,12.7951],[94.6641,12.5107],[91.5709,12.5945],[89.0869,12.6405],[83.5816,12.66],[80.1984,12.9837],[78.9134,13.2936],[78.4839,13.263],[78.3874,13.2707],[78.3619,13.253],[78.3551,13.2231],[78.3705,13.1938],[78.401,13.1814],[78.4412,13.2059],[78.4259,13.2497],[78.1988,13.3037],[77.466,13.3118],[77.4144,13.2355],[77.453,13.1971],[77.7034,13.1896]]}},{"type":"Feature","properties":{"id":"393577f9","callsign":"","maxalt":39025,"times":[76336,76445,76478,76506,76579,76604,76751,77086,77913,77958,78981,79975,80216,80237,80261,80338,80475,80576,80618,80649,80975,81292]},"geometry":{"type":"LineString","coordinates":[[113.9301,22.3065],[114.0307,22.3384],[114.0668,22.329],[114.086,22.2993],[114.0872,22.1942],[114.1027,22.1608],[114.3366,22.0165],[115.1139,21.8524],[117.4011,21.9864],[117.5193,22.007],[119.5773,23.1739],[120.6001,24.6578],[120.8652,24.9339],[120.8686,24.9623],[120.8482,24.9849],[120.7518,24.9828],[120.6149,24.8858],[120.5732,24.7709],[120.6128,24.7297],[120.6566,24.725],[121.0295,24.9092],[121.2135,25.053]]}}]}