iata,lat,lon,city,scheduled
AAA,-17.3526,-145.5100,Anaa,1
AAC,31.0553,33.8280,El Arish,1
AAE,36.8268,7.8133,Annaba,1
AAL,57.0948,9.8499,Aalborg,1
AAM,-24.8169,31.5441,Malamala,0
AAN,24.2617,55.6092,Al Ain,1
AAO,9.4302,-64.4707,Anaco,0
AAP,-0.3745,117.2501,Samarinda,1
AAQ,45.0021,37.3473,Krasnyi Kurgan,0
AAR,56.3033,10.6183,Aarhus,1
AAT,47.7499,88.0858,Altay,1
AAV,6.3679,124.7524,Surallah,0
AAX,-19.5632,-46.9604,Araxá,1
AAY,16.1933,52.1742,Al Ghaydah,1
ABA,53.7400,91.3850,Abakan,1
ABB,6.2042,6.6653,Asaba,1
ABC,38.9485,-1.8635,Albacete,0
ABD,30.3679,48.2301,Abadan,1
ABE,40.6518,-75.4428,Allentown/Bethlehem,1
ABI,32.4113,-99.6819,Abilene,1
ABJ,5.2614,-3.9263,Abidjan,1
ABK,6.7326,44.2413,Kebri Dahar,1
ABL,67.1055,-157.8553,Ambler,1
ABQ,35.0400,-106.6089,Albuquerque,1
ABR,45.4491,-98.4218,Aberdeen,1
ABS,22.3759,31.6117,Abu Simbel,1
ABT,20.2985,41.6362,Al-Baha,1
ABV,9.0068,7.2632,Abuja,1
ABX,-36.0668,146.9591,East Albury,1
ABY,31.5329,-84.1962,Albany,1
ABZ,57.2019,-2.1978,Aberdeen,1
ACA,16.7571,-99.7531,Acapulco,1
ACC,5.6052,-0.1668,Accra,1
ACE,28.9455,-13.6052,San Bartolomé,1
ACH,47.4850,9.5608,St. Gallen,1
ACI,49.7061,-2.2147,Saint Anne,1
ACJ,8.3015,80.4285,Anuradhapura,0
ACK,41.2531,-70.0602,Nantucket,1
ACN,29.3337,-101.1006,Ciudad Acuña,0
ACS,56.2692,90.5751,Achinsk,0
ACT,31.6113,-97.2305,Waco,1
ACV,40.9781,-124.1090,Arcata/Eureka,1
ACX,25.0834,104.9608,Xingyi,1
ACY,39.4562,-74.5775,Atlantic City,1
ACZ,31.0983,61.5439,Zabol,0
ADB,38.2924,27.1570,Gaziemir,1
ADD,8.9779,38.7993,Addis Ababa,1
ADE,12.8296,45.0300,Aden,1
ADF,37.7314,38.4689,Adıyaman,1
ADI,-22.4619,14.9793,Arandis,0
ADJ,31.9727,35.9916,Amman,1
ADK,51.8836,-176.6428,Adak,1
ADL,-34.9475,138.5334,Adelaide,1
ADP,7.3367,81.6239,Ampara,0
ADQ,57.7500,-152.4940,Kodiak,1
ADT,34.8052,-96.6720,Ada,0
ADU,38.3257,48.4244,Ardabil,1
ADW,38.8108,-76.8670,Camp Springs,0
ADX,56.3740,-2.8689,"Leuchars, Fife",0
ADZ,12.5836,-81.7112,San Andrés,1
AEB,23.7206,106.9600,Baise (Tianyang),1
AEG,1.4001,99.4305,Padang Sidempuan,0
AEH,13.8470,20.8443,Abeche,0
AEP,-34.5594,-58.4155,Buenos Aires,1
AER,43.4499,39.9566,Sochi,1
AES,62.5604,6.1108,Ålesund,1
AEU,25.8757,55.0330,Abu Musa,1
AEX,31.3258,-92.5467,Alexandria,1
AEY,65.6566,-18.0720,Akureyri,1
AFA,-34.5883,-68.4039,San Rafael,1
AFL,-9.8664,-56.1063,Alta Floresta,1
AFW,32.9904,-97.3195,Fort Worth,0
AFY,38.7264,30.6011,Afyonkarahisar,0
AFZ,36.1681,57.5952,Sabzevar,1
AGA,30.3225,-9.4120,Agadir (Temsia),1
AGB,48.4253,10.9317,Augsburg,0
AGC,40.3544,-79.9302,Pittsburgh,0
AGF,44.1742,0.5931,Agen,0
AGH,56.2961,12.8471,Ängelholm,1
AGP,36.6749,-4.4991,Málaga,1
AGR,27.1580,77.9610,Agra,1
AGS,33.3699,-81.9645,Augusta,1
AGT,-25.4572,-54.8395,Ciudad del Este,1
AGU,21.6996,-102.3184,Aguascalientes,1
AGV,9.5534,-69.2379,Acarigua,0
AGX,10.8237,72.1760,Agatti,1
AGZ,-29.2818,18.8139,Aggeneys,0
AHA,22.9875,83.1961,Ambikapur,1
AHB,18.2404,42.6566,Abha,1
AHE,-14.4281,-146.2570,Ahe Atoll,1
AHJ,32.5315,102.3522,Ngawa (Hongyuan),0
AHN,33.9488,-83.3256,Athens,0
AHO,40.6321,8.2908,Alghero,1
AHU,35.1771,-3.8395,Al Hoceima,1
AIA,42.0525,-102.8040,Alliance,1
AIN,70.6380,-159.9950,Wainwright,1
AJA,41.9236,8.8029,Ajaccio,1
AJF,29.7833,40.1009,Al-Jawf,1
AJI,39.6556,43.0257,Ağrı,1
AJL,23.8406,92.6197,Aizawl (Lengpui),1
AJN,-12.1310,44.4300,Ouani,1
AJR,65.5903,19.2819,Arvidsjaur,1
AJU,-10.9839,-37.0729,Aracaju,1
AJY,16.9660,8.0001,Agadez,0
AKC,41.0374,-81.4678,Akron,0
AKD,20.6989,77.0569,Akola,0
AKF,24.1787,23.3140,Kufra,1
AKH,24.0627,47.5805,Al Kharj,0
AKJ,43.6708,142.4470,Higashikagura,1
AKL,-37.0120,174.7863,Auckland,1
AKN,58.6778,-156.6520,King Salmon,1
AKP,68.1336,-151.7430,Anaktuvuk Pass,1
AKR,7.2467,5.3010,Akure,1
AKT,34.5904,32.9879,Akrotiri,0
AKU,41.2625,80.2917,Aksu (Onsu),1
AKW,30.7444,49.6772,Omidiyeh,0
AKX,50.2481,57.2041,Aktobe,1
AKY,20.1332,92.8707,Sittwe,1
ALA,43.3543,77.0428,Almaty,1
ALB,42.7483,-73.8017,Albany,1
ALC,38.2822,-0.5582,Alicante,1
ALF,69.9761,23.3717,Alta,1
ALG,36.6939,3.2145,Algiers,1
ALH,-34.9433,117.8089,Albany,1
ALI,27.7409,-98.0269,Alice,0
ALJ,-28.5750,16.5333,Alexander Bay,0
ALM,32.8378,-105.9931,Alamogordo,0
ALN,38.8903,-90.0460,Alton/St Louis,0
ALO,42.5571,-92.4003,Waterloo,1
ALP,36.1813,37.2269,Aleppo,1
ALR,-45.2105,169.3711,Alexandra,0
ALS,37.4349,-105.8670,Alamosa,1
ALW,46.0949,-118.2880,Walla Walla,1
AMA,35.2179,-101.7064,Amarillo,1
AMD,23.0772,72.6347,Ahmedabad,1
AMH,6.0394,37.5905,Arba Minch,1
AMM,31.7226,35.9932,Amman,1
AMQ,-3.7103,128.0890,Ambon,1
AMS,52.3086,4.7639,Amsterdam,1
AMV,69.7637,61.5567,Amderma,1
AMZ,-37.0297,174.9730,Manurewa,0
ANB,33.5882,-85.8581,Anniston,0
ANC,61.1790,-149.9926,Anchorage,1
AND,34.4946,-82.7094,Anderson,0
ANE,47.5603,-0.3122,Angers,0
ANF,-23.4453,-70.4452,Antofagasta,1
ANG,45.7292,0.2215,Angoulême,0
ANI,61.5816,-159.5430,Aniak,1
ANK,39.9498,32.6886,Ankara,0
ANM,-14.9994,50.3202,Antsirabe,0
ANN,55.0377,-131.5726,Metlakatla,0
ANR,51.1907,4.4632,Antwerp,1
ANU,17.1367,-61.7927,Osbourn,1
ANV,62.6467,-160.1910,Anvik,1
ANX,69.2952,16.1394,Andenes,1
AOC,50.9819,12.5064,Nobitz,0
AOE,39.8116,30.5193,Eskişehir,1
AOG,41.1053,122.8540,Anshan,1
AOI,43.6163,13.3623,Falconara Marittima (AN),1
AOJ,40.7338,140.6895,Aomori,1
AOK,35.4214,27.1460,Karpathos Island,1
AOL,-29.6894,-57.1521,Paso de los Libres,0
AOO,40.2964,-78.3200,Altoona,1
AOR,6.1897,100.3980,Alor Satar,1
AOT,45.7386,7.3683,Saint-Christophe (AO),0
APA,39.5701,-104.8490,Denver,0
APF,26.1526,-81.7753,Naples,0
APG,39.4662,-76.1688,Aberdeen,0
API,4.0761,-73.5627,Apiay,0
APJ,30.3979,81.1332,Burang Town,0
APL,-15.1056,39.2818,Nampula,1
APN,45.0781,-83.5603,Alpena,1
APO,7.8120,-76.7164,Carepa,1
APW,-13.8300,-172.0080,Apia,1
APZ,-38.9755,-70.1136,Zapala,0
AQA,-21.8120,-48.1330,Araraquara,1
AQG,30.5822,117.0500,Anqing,1
AQI,28.3357,46.1271,Qaisumah,1
AQJ,29.6116,35.0181,Aqaba,1
AQP,-16.3408,-71.5695,Arequipa,1
ARA,30.0378,-91.8839,New Iberia,0
ARC,68.1147,-145.5790,Arctic Village,1
ARE,18.4508,-66.6758,Arecibo,0
ARH,64.6003,40.7167,Archangelsk,1
ARI,-18.3485,-70.3387,Arica,1
ARK,-3.3678,36.6333,Arusha,1
ARM,-30.5281,151.6170,Armidale,1
ARN,59.6485,17.9288,Stockholm,1
ART,43.9919,-76.0217,Watertown,1
ARU,-21.1415,-50.4246,Araçatuba,1
ARW,46.1761,21.2643,Arad,1
ARX,-4.5689,-37.8051,Aracati,0
ARY,-37.3100,142.9887,Ararat,0
ASA,13.0718,42.6450,Assab,0
ASB,37.9868,58.3610,Ashgabat,1
ASD,24.6979,-77.7956,Andros Town,1
ASE,39.2232,-106.8690,Aspen,1
ASF,46.2828,48.0105,Astrakhan,1
ASI,-7.9702,-14.3927,Cat Hill,1
ASJ,28.4306,129.7130,Amami,1
ASK,6.9032,-5.3656,Yamoussoukro,0
ASM,15.2919,38.9107,Asmara,1
ASO,10.0185,34.5863,Asosa,1
ASP,-23.8066,133.9034,Alice Springs,1
ASR,38.7704,35.4954,Kayseri,1
AST,46.1580,-123.8790,Astoria,0
ASU,-25.2402,-57.5192,Asunción,1
ASV,-2.6448,37.2529,Ol Tukai,1
ASW,23.9611,32.8204,Aswan,1
ATA,-9.3474,-77.5984,Anta,0
ATC,24.6294,-75.6738,Arthur's Town,1
ATF,-1.2121,-78.5746,Ambato,0
ATG,33.8691,72.4009,Kamra,0
ATH,37.9364,23.9445,Spata-Artemida,1
ATK,70.4670,-157.4360,Atqasuk,1
ATL,33.6367,-84.4281,Atlanta,1
ATM,-3.2531,-52.2539,Altamira,1
ATQ,31.7096,74.7973,Amritsar,1
ATR,20.5058,-13.0437,Atar,0
ATW,44.2585,-88.5190,Appleton,1
ATY,44.9140,-97.1547,Watertown,1
ATZ,27.0460,31.0128,Asyut,1
AUA,12.5011,-70.0143,Oranjestad,1
AUC,7.0689,-70.7369,Arauca,1
AUF,47.8502,3.4971,Auxerre,0
AUG,44.3206,-69.7973,Augusta,1
AUH,24.4410,54.6492,Abu Dhabi,1
AUQ,-9.7688,-139.0110,Hiva Oa Island,1
AUR,44.8914,2.4219,Aurillac,1
AUS,30.1975,-97.6620,Austin,1
AUW,44.9262,-89.6266,Wausau,0
AUX,-7.2279,-48.2405,Araguaína,1
AVA,26.2606,105.8733,Anshun (Xixiu),1
AVB,46.0319,12.5965,Aviano (PN),0
AVI,22.0271,-78.7896,Ciro Redondo,0
AVK,46.2503,102.8020,Arvaikheer,1
AVL,35.4355,-82.5419,Asheville,1
AVN,43.9073,4.9018,Avignon,1
AVP,41.3371,-75.7242,Wilkes-Barre/Scranton,1
AVR,20.8146,77.7178,Amravati,1
AVV,-38.0403,144.4672,Geelong/Melbourne,1
AWA,7.1006,38.3965,Hawassa,1
AWK,19.2824,166.6366,Wake Island,1
AWZ,31.3364,48.7638,Ahvaz,1
AXA,18.2048,-63.0538,The Valley,1
AXD,40.8559,25.9563,Alexandroupolis,1
AXF,38.7483,105.5842,Bayanhot,1
AXJ,32.4825,130.1590,Amakusa,1
AXK,14.5513,46.8262,Ataq,0
AXM,4.4528,-75.7664,Armenia,1
AXN,45.8663,-95.3947,Alexandria,0
AXP,22.4418,-73.9709,Spring Point,1
AXR,-15.2483,-146.6170,Arutua Airport,1
AXT,39.6156,140.2190,Akita,1
AXU,14.1468,38.7728,Axum,1
AYJ,26.7477,82.1637,Faizabad,1
AYO,-27.3784,-56.8568,Ayolas,0
AYP,-13.1548,-74.2044,Ayacucho,1
AYQ,-25.1859,130.9770,Yulara,1
AYT,36.8987,30.8005,Antalya,1
AYX,-10.7291,-73.7665,Atalaya,0
AZA,33.3078,-111.6550,Mesa,1
AZD,31.9049,54.2765,Yazd,1
AZI,24.4271,54.4599,Abu Dhabi,0
AZN,40.7277,72.2940,Andijan,1
AZO,42.2321,-85.5496,Kalamazoo,1
AZR,27.8376,-0.1864,Adrar,1
AZS,19.2693,-69.7374,Samana,1
BAB,39.1361,-121.4370,Beale Air Force Base,0
BAD,32.5018,-93.6627,Bossier City,0
BAF,42.1578,-72.7156,Westfield,0
BAG,16.3750,120.6199,Baguio,0
BAH,26.2673,50.6376,Manama,1
BAI,9.1639,-83.3302,Punta Arenas,0
BAL,37.9290,41.1166,Batman,1
BAQ,10.8896,-74.7808,Barranquilla,1
BAR,19.1410,110.4528,Qionghai (Basuo),1
BAT,-20.5846,-48.5941,Barretos,0
BAV,40.5600,109.9970,Baotou,1
BAX,53.3613,83.5397,Barnaul,1
BAY,47.6584,23.4644,Tăuții-Măgherăuș,1
BBA,-45.9160,-71.6895,Balmaceda,1
BBD,31.1789,-99.3247,Brady,0
BBI,20.2510,85.8147,Bhubaneswar,1
BBK,-17.8317,25.1662,Kasane,1
BBM,13.0956,103.2240,Battambang,1
BBN,3.7346,115.4785,Bario,1
BBO,10.3850,44.9367,Berbera,1
BBQ,17.6212,-61.7983,Codrington,1
BBS,51.3239,-0.8475,"Camberley, Surrey",0
BBT,4.2216,15.7864,Berbérati,0
BBU,44.5031,26.1029,Bucharest,1
BCA,20.3653,-74.5062,Baracoa,1
BCD,10.7762,123.0189,Bacolod City,1
BCE,37.7064,-112.1450,Bryce Canyon,0
BCH,-8.4865,126.4000,Baucau,1
BCI,-23.5663,145.3021,Barcaldine,1
BCL,10.7687,-83.5856,Pococi,0
BCM,46.5219,26.9103,Bacău,1
BCN,41.2971,2.0785,Barcelona,1
BCO,5.7497,36.5602,Jinka,1
BCQ,27.6530,14.2720,Brak,0
BCT,26.3785,-80.1077,Boca Raton,0
BCU,10.4828,9.7440,Bauchi,1
BCW,-21.8533,35.4383,Benguera Island,0
BDA,32.3638,-64.6782,Hamilton,1
BDB,-24.9050,152.3226,Bundaberg,1
BDE,48.7284,-94.6122,Baudette,0
BDH,26.5323,54.8248,Bandar Lengeh,1
BDJ,-3.4401,114.7612,Banjarbaru,1
BDL,41.9386,-72.6880,Hartford,1
BDM,40.3180,27.9777,Bandırma,0
BDO,-6.9006,107.5760,Bandung,1
BDQ,22.3362,73.2263,Vadodara,1
BDR,41.1635,-73.1262,Bridgeport,0
BDS,40.6576,17.9470,Brindisi,1
BDT,4.2527,20.9753,Gbadolite,1
BDU,69.0558,18.5404,Målselv,1
BEB,57.4811,-7.3628,Balivanich,1
BED,42.4700,-71.2890,Bedford,1
BEF,11.9910,-83.7741,Bluefields,1
BEG,44.8184,20.3091,Belgrade,1
BEJ,2.1478,117.4307,Tanjung Redeb - Borneo Island,1
BEK,28.4221,79.4508,Bareilly,1
BEL,-1.3793,-48.4762,Belém,1
BEM,32.4019,-6.3159,Oulad Yaich,1
BEN,32.0968,20.2695,Benina,1
BEP,15.1628,76.8828,Bellary,0
BEQ,52.3426,0.7729,"Bury Saint Edmunds, Suffolk",0
BER,52.3617,13.5023,Berlin,1
BES,48.4479,-4.4185,Brest,1
BET,60.7798,-161.8380,Bethel,1
BEU,-24.3461,139.4600,Bedourie,1
BEW,-19.7964,34.9076,Beira,1
BEX,51.6144,-1.0960,"Wallingford, Oxfordshire",0
BEY,33.8198,35.4874,Beirut,1
BFD,41.8031,-78.6401,Bradford,1
BFE,51.9647,8.5444,Bielefeld,0
BFF,41.8740,-103.5960,Scottsbluff,1
BFH,-25.4051,-49.2320,Curitiba,0
BFI,47.5270,-122.2999,Seattle,1
BFJ,27.2671,105.4721,Bijie,1
BFK,39.7017,-104.7520,Aurora,0
BFL,35.4336,-119.0570,Bakersfield,1
BFM,30.6268,-88.0681,Mobile,0
BFN,-29.0927,26.3024,Bloemfontein,1
BFO,-21.0081,31.5786,Chiredzi,0
BFP,40.7725,-80.3914,Beaver Falls,0
BFS,54.6575,-6.2158,Belfast,1
BFU,32.8477,117.3202,Bengbu,0
BFV,15.2295,103.2530,Buriram,1
BFX,5.5369,10.3546,Bafoussam,0
BFY,33.1663,117.0583,Bengbu,1
BGA,7.1265,-73.1848,Bucaramanga,1
BGC,41.8578,-6.7071,Bragança,1
BGF,4.3985,18.5188,Bangui,1
BGG,38.8601,40.5945,Bingöl,1
BGI,13.0747,-59.4910,Bridgetown,1
BGM,42.2087,-75.9798,Binghamton,1
BGN,68.5562,146.2278,Belaya Gora,0
BGO,60.2934,5.2181,Bergen,1
BGR,44.8064,-68.8267,Bangor,1
BGW,33.2625,44.2346,Baghdad,1
BGX,-31.3905,-54.1122,Bagé,0
BGY,45.6694,9.7089,Orio al Serio (BG),1
BHB,44.4500,-68.3615,Bar Harbor,1
BHD,54.6181,-5.8725,Belfast,1
BHE,-41.5183,173.8700,Blenheim,1
BHH,19.9844,42.6209,Bisha,1
BHI,-38.7250,-62.1693,Bahía Blanca,1
BHJ,23.2878,69.6702,Bhuj,1
BHK,39.7753,64.4823,Bukhara,1
BHM,33.5629,-86.7507,Birmingham,1
BHO,23.2875,77.3374,Bhopal,1
BHQ,-32.0014,141.4720,Broken Hill,1
BHS,-33.4068,149.6512,Bathurst,1
BHU,21.7522,72.1852,Bhavnagar,1
BHV,29.3481,71.7180,Bahawalpur,1
BHX,52.4539,-1.7480,"Birmingham, West Midlands",1
BHY,21.5387,109.2937,Beihai,1
BIA,42.5527,9.4837,Bastia,1
BIF,31.8495,-106.3800,Fort Bliss/El Paso,0
BIG,63.9945,-145.7220,Delta Junction Ft Greely,0
BIH,37.3731,-118.3640,Bishop,1
BIK,-1.1900,136.1080,Biak,1
BIL,45.8089,-108.5412,Billings,1
BIM,25.6999,-79.2647,South Bimini,1
BIO,43.3011,-2.9106,Bilbao,1
BIQ,43.4684,-1.5232,Biarritz,1
BIR,26.4815,87.2640,Biratnagar,1
BIS,46.7727,-100.7469,Bismarck,1
BIU,65.6413,-23.5462,Bildudalur,0
BIX,30.4104,-88.9244,Biloxi,0
BIY,-32.8971,27.2791,Bisho,0
BJA,36.7125,5.0699,Béjaïa,1
BJB,37.4930,57.3082,Bojnord,1
BJC,39.9088,-105.1170,Denver,1
BJF,70.6003,29.6926,Båtsfjord,1
BJI,47.5094,-94.9337,Bemidji,0
BJL,13.3380,-16.6522,Banjul (Yundum),1
BJM,-3.3240,29.3185,Bujumbura,1
BJO,-22.7733,-64.3129,Bermejo,0
BJR,11.6081,37.3216,Bahir Dar,1
BJV,37.2493,27.6640,Bodrum,1
BJX,20.9927,-101.4803,Silao,1
BJY,44.9353,20.2575,Zemun,0
BJZ,38.8913,-6.8213,Badajoz,1
BKA,61.6767,96.3550,Baykit,0
BKB,28.0706,73.2072,Bikaner,0
BKE,44.8373,-117.8090,Baker City,0
BKG,36.5321,-93.2005,Branson,1
BKH,22.0228,-159.7850,Kekaha,0
BKI,5.9327,116.0493,Kota Kinabalu,1
BKK,13.6811,100.7470,Bangkok,1
BKL,41.5175,-81.6833,Cleveland,0
BKN,39.6811,54.2060,Balkanabat,1
BKO,12.5335,-7.9499,Bamako,1
BKQ,-24.4317,145.4297,Blackall,1
BKS,-3.8637,102.3390,Bengkulu,1
BKW,37.7873,-81.1242,Beaver,1
BKY,-2.3090,28.8088,Kamakombe,0
BLA,10.1111,-64.6922,Barcelona,1
BLD,35.9472,-114.8588,Boulder City,1
BLE,60.4220,15.5152,Borlange,1
BLF,37.2958,-81.2077,Bluefield,0
BLH,33.6192,-114.7170,Blythe,0
BLI,48.7928,-122.5380,Bellingham,1
BLJ,35.7521,6.3086,Batna,1
BLK,53.7717,-3.0286,Blackpool,0
BLL,55.7403,9.1570,Billund,1
BLN,-36.5519,146.0070,Benalla,0
BLQ,44.5354,11.2887,Bologna,1
BLR,13.1979,77.7063,Bengaluru,1
BLT,-23.6031,148.8070,Blackwater Airport,0
BLV,38.5452,-89.8352,Belleville,1
BLZ,-15.6772,34.9723,Blantyre,1
BMA,59.3544,17.9417,Stockholm,1
BME,-17.9492,122.2283,Broome,1
BMG,39.1460,-86.6167,Bloomington,0
BMI,40.4771,-88.9159,Bloomington/Normal,1
BMM,2.0756,11.4932,Bitam,0
BMU,-8.5372,118.6850,Bima,1
BMV,12.6683,108.1200,Buon Ma Thuot,1
BMW,21.3778,0.9270,Bordj Badji Mokhtar,1
BNA,36.1245,-86.6782,Nashville,1
BND,27.2183,56.3778,Bandar Abbas,1
BNE,-27.3842,153.1170,Brisbane,1
BNI,6.3170,5.5995,Benin,1
BNK,-28.8332,153.5615,Ballina,1
BNN,65.4611,12.2175,Brønnøy,1
BNO,43.5905,-118.9552,Burns,0
BNS,8.6150,-70.2142,Barinas,1
BNX,44.9414,17.2975,Mahovljani,1
BOB,-16.4444,-151.7510,Motu Mute,1
BOC,9.3408,-82.2508,Isla Colón,1
BOD,44.8287,-0.7154,Bordeaux,1
BOG,4.7016,-74.1469,Bogota,1
BOH,50.7805,-1.8396,Bournemouth,1
BOI,43.5644,-116.2230,Boise,1
BOJ,42.5699,27.5152,Burgas,1
BOM,19.0887,72.8679,Mumbai,1
BON,12.1310,-68.2685,Kralendijk,1
BOO,67.2692,14.3653,Bodø,1
BOR,20.3240,100.1654,Ton Phueng,1
BOS,42.3620,-71.0079,Boston,1
BOU,47.0602,2.3696,Bourges,0
BOY,11.1601,-4.3310,Bobo Dioulasso,1
BPC,6.0392,10.1226,Bamenda,0
BPE,39.6664,119.0614,Qinhuangdao (Changli),1
BPG,-15.8614,-52.3890,Barra do Garças,0
BPH,8.1951,126.3210,Bislig,0
BPI,42.5851,-110.1110,Big Piney,0
BPL,44.8955,82.3001,Bole,1
BPM,17.4531,78.4676,Hyderabad,0
BPN,-1.2683,116.8945,Balikpapan,1
BPS,-16.4384,-39.0806,Porto Seguro,1
BPT,29.9508,-94.0207,Beaumont/Port Arthur,1
BPX,30.5536,97.1083,Bangda,1
BPY,-16.7445,44.4825,Besalampy,1
BQA,15.7293,121.5000,Baler,0
BQH,51.3308,0.0325,London,0
BQK,31.2588,-81.4665,Brunswick,1
BQL,-22.9133,139.9000,Boulia Airport,1
BQN,18.4949,-67.1294,Aguadilla,1
BQS,50.4267,127.4155,Blagoveschensk,1
BQT,52.1081,23.8968,Brest,1
BQU,12.9884,-61.2620,Bequia,1
BRC,-41.1512,-71.1575,San Carlos de Bariloche,1
BRD,46.4029,-94.1297,Brainerd,1
BRE,53.0468,8.7893,Bremen,1
BRI,41.1389,16.7606,Bari,1
BRK,-30.0392,145.9520,Bourke Airport,1
BRL,40.7832,-91.1255,Burlington,1
BRM,10.0427,-69.3586,Barquisimeto,1
BRN,46.9127,7.4988,Bern,1
BRO,25.9072,-97.4252,Brownsville,1
BRQ,49.1513,16.6940,Brno,1
BRR,57.0228,-7.4431,Eoligarry,1
BRS,51.3823,-2.7165,Bristol,1
BRT,-11.7650,130.6158,Wurrumiyanga,0
BRU,50.9014,4.4844,Zaventem,1
BRW,71.2854,-156.7660,Utqiaġvik,1
BRX,18.2515,-71.1204,Barahona,1
BSA,11.2752,49.1392,Bosaso,1
BSB,-15.8692,-47.9208,Brasília,1
BSC,6.2029,-77.3947,Bahía Solano,1
BSD,25.0533,99.1683,Baoshan (Longyang),1
BSG,1.9055,9.8057,Bata,1
BSJ,-37.8875,147.5694,Bairnsdale,0
BSK,34.7932,5.7389,Biskra,1
BSL,47.6007,7.5211,Bâle / Mulhouse,1
BSO,20.4513,121.9800,Basco,1
BSR,30.5491,47.6621,Basra,1
BSZ,43.0613,74.4776,Bishkek,1
BTC,7.7051,81.6772,Batticaloa,1
BTH,1.1210,104.1190,Batam,1
BTI,70.1340,-143.5820,Barter Island,1
BTJ,5.5251,95.4200,Banda Aceh,1
BTK,56.3696,101.7018,Bratsk,1
BTL,42.3073,-85.2515,Battle Creek,0
BTM,45.9548,-112.4970,Butte,1
BTR,30.5332,-91.1496,Baton Rouge,1
BTS,48.1702,17.2127,Bratislava,1
BTU,3.1239,113.0200,Bintulu,1
BTV,44.4719,-73.1533,Burlington,1
BTZ,5.7900,101.1500,Betong,0
BUA,-5.4223,154.6727,Buka Island,1
BUD,47.4302,19.2624,Budapest,1
BUF,42.9405,-78.7322,Buffalo,1
BUG,-12.6090,13.4037,Benguela,0
BUJ,35.3325,4.2064,Ouled Sidi Brahim,0
BUN,3.8196,-76.9898,Buenaventura,1
BUP,30.2701,74.7558,Bhatinda Air Force Station,0
BUQ,-20.0163,28.6229,Bulawayo,1
BUR,34.2028,-118.3581,Burbank,1
BUS,41.6094,41.6003,Batumi,1
BUX,1.5657,30.2207,Bunia,1
BUZ,28.9448,50.8346,Bushehr,1
BVA,49.4544,2.1128,Beauvais,1
BVB,2.8462,-60.6906,Boa Vista,1
BVC,16.1365,-22.8889,Rabil,1
BVE,45.0397,1.4856,Brive,1
BVG,70.8715,29.0341,Berlevåg,1
BVH,-12.6944,-60.0983,Vilhena,1
BVI,-25.8975,139.3480,Birdsville Airport,1
BVJ,70.3153,68.3336,Bovanenkovo,1
BVY,42.5842,-70.9165,Beverly / Danvers,0
BWA,27.5046,83.4104,Siddharthanagar (Bhairahawa),1
BWE,52.3192,10.5561,Braunschweig,0
BWF,54.1286,-3.2675,Barrow-in-Furness,0
BWG,36.9645,-86.4197,Bowling Green,0
BWH,5.4659,100.3910,Butterworth,0
BWI,39.1754,-76.6683,Baltimore,1
BWK,43.2845,16.6784,Gornji Humac,1
BWN,4.9442,114.9280,Bandar Seri Begawan,1
BWO,51.8583,47.7456,Balakovo,1
BWQ,-29.9758,146.8144,Brewarrina Airport,0
BWT,-40.9970,145.7260,Burnie,1
BWU,-33.9236,150.9908,Sydney,0
BXB,-2.5322,133.4390,Babo,0
BXE,14.8473,-12.4683,Bakel,0
BXH,46.8942,75.0045,Balkhash,1
BXR,29.0842,58.4500,Bam,1
BXU,8.9515,125.4788,Butuan,1
BXY,45.6220,63.2108,Baikonur,1
BYC,-21.9609,-63.6517,Yacuíba,0
BYH,35.9643,-89.9440,Blytheville,0
BYI,42.5426,-113.7720,Burley,0
BYJ,38.0789,-7.9324,Beja,0
BYK,7.7388,-5.0737,Bouaké,1
BYM,20.3964,-76.6214,Bayamo,1
BYN,46.1633,100.7040,Bayankhongor,1
BYS,35.2805,-116.6300,Fort Irwin/Barstow,0
BYU,49.9850,11.6400,Bindlach,0
BZB,-21.5411,35.4729,Bazaruto Island,0
BZC,-22.7709,-41.9631,Cabo Frio,0
BZD,-34.6248,143.5771,Balranald Airport,0
BZE,17.5400,-88.3036,Belize City,1
BZG,53.0968,17.9777,Bydgoszcz,1
BZI,39.6193,27.9260,Balıkesir,1
BZK,53.2144,34.1760,Bryansk,0
BZL,22.8010,90.3012,Barisal,1
BZN,45.7789,-111.1537,Bozeman,1
BZO,46.4592,11.3261,Bolzano (BZ),1
BZR,43.3235,3.3539,Béziers,1
BZU,2.8181,24.7940,Buta,0
BZV,-4.2517,15.2530,Brazzaville,1
BZX,31.7384,106.6449,Bazhong,1
BZY,47.8377,27.7811,Bălți,0
BZZ,51.7500,-1.5836,"Carterton, Oxfordshire",0
CAB,-5.5984,12.1881,Cabinda,1
CAC,-25.0003,-53.5012,Cascavel,1
CAE,33.9382,-81.1230,Columbia,1
CAG,39.2515,9.0543,Cagliari,1
CAH,9.1777,105.1778,Ca Mau City,1
CAI,30.1115,31.3967,Cairo,1
CAJ,6.2320,-62.8548,Canaima,1
CAK,40.9161,-81.4422,Akron,1
CAL,55.4372,-5.6864,Campbeltown,1
CAN,23.3924,113.2990,Guangzhou (Huadu),1
CAP,19.7255,-72.2007,Cap Haitien,1
CAQ,7.9685,-75.1985,Caucasia,0
CAR,46.8715,-68.0179,Caribou,0
CAT,38.7250,-9.3552,Cascais,1
CAW,-21.6983,-41.3017,Campos dos Goytacazes,1
CAX,54.9375,-2.8092,"Carlisle, Cumbria",0
CAY,4.8200,-52.3613,Matoury,1
CAZ,-31.5383,145.7940,Cobar Airport,1
CBB,-17.4211,-66.1771,Cochabamba,1
CBD,9.1531,92.8193,IAF Camp,0
CBG,52.2050,0.1750,"Cambridge, Cambridgeshire",0
CBH,31.6457,-2.2699,Béchar,1
CBJ,17.9290,-71.6448,Cabo Rojo,0
CBL,8.1222,-63.5370,Ciudad Bolivar,0
CBM,33.6438,-88.4438,Columbus,0
CBO,7.1648,124.2099,Datu Odin Sinsuat,1
CBQ,4.9760,8.3472,Calabar,1
CBR,-35.3069,149.1950,Canberra,1
CBT,-12.4792,13.4869,Catumbela,1
CBV,15.4690,-90.4067,Coban,0
CCC,22.4610,-78.3284,Cayo Coco,1
CCE,30.0647,31.8400,New Cairo,1
CCF,43.2160,2.3063,Carcassonne,1
CCH,-46.5831,-71.6863,Chile Chico,0
CCJ,11.1360,75.9552,Calicut,1
CCK,-12.1922,96.8341,West Island,1
CCL,-26.7719,150.6176,Chinchilla,0
CCM,-28.7257,-49.4245,Criciúma,0
CCP,-36.7724,-73.0628,Concepcion,1
CCR,37.9897,-122.0570,Concord,1
CCS,10.6022,-66.9912,Maiquetía,1
CCU,22.6540,88.4476,Kolkata,1
CCY,43.0726,-92.6108,Charles City,0
CCZ,25.4171,-77.8809,Chub Cay,1
CDB,55.2079,-162.7250,Cold Bay,1
CDC,37.7010,-113.0990,Cedar City,1
CDE,41.1225,118.0739,Chengde,1
CDG,49.0090,2.5541,"Paris (Roissy-en-France, Val-d'Oise)",1
CDJ,-8.3483,-49.3015,Conceição do Araguaia,0
CDP,14.5132,78.7692,Kadapa,1
CDR,42.8376,-103.0950,Chadron,1
CDS,34.4338,-100.2880,Childress,0
CDT,40.2139,0.0733,Castellón de la Plana,1
CDU,-34.0383,150.6864,Cobbitty,0
CDV,60.4918,-145.4780,Cordova,1
CEB,10.3093,123.9797,Cebu City/Lapu-Lapu City,1
CEC,41.7789,-124.2364,Crescent City,1
CED,-32.1306,133.7100,Ceduna Airport,1
CEE,59.2736,38.0158,Cherepovets,1
CEF,42.1940,-72.5348,Chicopee,0
CEG,53.1781,-2.9778,Broughton,0
CEI,19.9523,99.8829,Chiang Rai,1
CEK,55.3031,61.5049,Chelyabinsk,1
CEN,27.3926,-109.8330,Ciudad Obregón,1
CEQ,43.5480,6.9552,Cannes,0
CER,49.6501,-1.4703,Cherbourg,0
CEW,30.7788,-86.5221,Crestview,0
CEZ,37.3030,-108.6280,Cortez,1
CFE,45.7867,3.1692,Clermont-Ferrand,1
CFG,22.1500,-80.4142,Cienfuegos,1
CFK,36.2166,1.3411,Chlef,1
CFN,55.0442,-8.3410,Donegal,1
CFR,49.1768,-0.4549,Caen,1
CFS,-30.3206,153.1160,Coffs Harbour,1
CFU,39.6014,19.9122,Kerkyra (Corfu),1
CGB,-15.6529,-56.1167,Cuiabá,1
CGD,28.9189,111.6400,Changde (Dingcheng),1
CGF,41.5651,-81.4864,Cleveland,0
CGH,-23.6277,-46.6546,São Paulo,1
CGI,37.2253,-89.5708,Cape Girardeau,1
CGJ,-12.5728,27.8939,Chingola,0
CGK,-6.1256,106.6560,Jakarta,1
CGM,9.2539,124.7091,Mambajao,1
CGN,50.8659,7.1427,Köln (Cologne),1
CGO,34.5265,113.8492,Zhengzhou,1
CGP,22.2496,91.8133,Chattogram (Chittagong),1
CGQ,43.9962,125.6850,Changchun,1
CGR,-20.4700,-54.6740,Campo Grande,1
CGY,8.6122,124.4565,Laguindingan,1
CHA,35.0353,-85.2038,Chattanooga,1
CHC,-43.4890,172.5321,Christchurch,1
CHG,41.5381,120.4350,"Shuangta, Chaoyang",1
CHH,-6.2019,-77.8562,Chachapoyas,1
CHM,-9.1496,-78.5238,Chimbote,1
CHO,38.1386,-78.4529,Charlottesville,1
CHQ,35.5312,24.1507,Souda,1
CHR,46.8602,1.7283,Châteauroux,0
CHS,32.8962,-80.0382,Charleston,1
CHT,-43.8119,-176.4651,Te One,1
CHX,9.4590,-82.5151,Changuinola,1
CIA,41.7988,12.5953,Rome,1
CID,41.8847,-91.7108,Cedar Rapids,1
CIF,42.1597,118.8410,Chifeng,1
CIJ,-11.0391,-68.7828,Cobija,1
CIO,-23.4416,-57.4270,Concepción,0
CIS,-2.7681,-171.7100,Abariringa,0
CIT,42.3650,69.4756,Shymkent,1
CIU,46.2420,-84.4621,Kincheloe,1
CIW,12.6990,-61.3424,Canouan,1
CIX,-6.7892,-79.8283,Chiclayo,1
CIY,36.9958,14.6089,Comiso,1
CJA,-7.1392,-78.4894,Cajamarca,1
CJB,11.0300,77.0434,Coimbatore,1
CJC,-22.4982,-68.9036,Calama,1
CJJ,36.7156,127.5003,Cheongju,1
CJL,35.8862,71.7999,Chitral,1
CJM,10.7112,99.3617,Chumphon,1
CJS,31.6367,-106.4285,Ciudad Juárez,1
CJU,33.5121,126.4925,Jeju City,1
CKB,39.2966,-80.2281,Bridgeport,1
CKC,49.4156,31.9953,Cherkasy,0
CKG,29.7123,106.6519,Chongqing,1
CKH,70.6231,147.9020,Chokurdah,1
CKL,55.8783,38.0617,Moscow,0
CKS,-6.1178,-50.0034,Parauapebas,1
CKT,36.5012,61.0649,Sarakhs,0
CKY,9.5769,-13.6120,Conakry,1
CKZ,40.1377,26.4268,Çanakkale,1
CLD,33.1283,-117.2800,Carlsbad,1
CLE,41.4117,-81.8498,Cleveland,1
CLJ,46.7860,23.6857,Cluj-Napoca,1
CLL,30.5886,-96.3638,College Station,1
CLM,48.1202,-123.5000,Port Angeles,0
CLN,-7.3204,-47.4587,Carolina,0
CLO,3.5427,-76.3819,Cali,1
CLQ,19.2770,-103.5770,Colima,1
CLT,35.2140,-80.9431,Charlotte,1
CLU,39.2624,-85.8956,Columbus,0
CLY,42.5304,8.7930,Calvi,1
CLZ,8.9247,-67.4171,Guarico,0
CMA,-28.0300,145.6220,Cunnamulla Airport,1
CMB,7.1808,79.8841,Colombo,1
CMD,-34.6243,148.0366,Cootamundra Airport,0
CME,18.6515,-91.7994,Ciudad del Carmen,1
CMF,45.6381,5.8802,Chambéry,1
CMG,-19.0119,-57.6728,Corumbá,1
CMH,39.9980,-82.8919,Columbus,1
CMI,40.0398,-88.2762,Savoy,1
CMN,33.3675,-7.5900,Casablanca,1
CMQ,-22.7731,147.6210,Clermont Airport,0
CMR,48.1099,7.3590,Colmar,0
CMU,-6.0243,144.9710,Kundiawa,1
CMW,21.4199,-77.8480,Camaguey,1
CMX,47.1684,-88.4891,Hancock,1
CNB,-30.9809,148.3778,Coonamble Airport,1
CND,44.3622,28.4883,Constanța,1
CNF,-19.6357,-43.9669,Belo Horizonte,1
CNG,45.6583,-0.3175,Cognac/Châteaubernard,0
CNJ,-20.6686,140.5040,Cloncurry,1
CNL,57.5035,10.2294,Sindal,0
CNM,32.3375,-104.2630,Carlsbad,1
CNN,11.9163,75.5450,Kannur,1
CNP,70.7431,-22.6505,Neerlerit Inaat,1
CNQ,-27.4455,-58.7619,Corrientes,1
CNR,-26.3325,-70.6073,Chañaral,0
CNS,-16.8789,145.7495,Cairns,1
CNU,37.6682,-95.4867,Chanute,0
CNX,18.7668,98.9626,Chiang Mai,1
CNY,38.7550,-109.7550,Moab,1
COC,-31.2969,-57.9966,Concordia,0
COD,44.5202,-109.0240,Cody,1
COE,47.7743,-116.8200,Coeur d'Alene,0
COF,28.2349,-80.6101,Cocoa Beach,0
COJ,-31.3325,149.2670,Coonabarabran Airport,0
COK,10.1510,76.4008,Kochi,1
CON,43.2027,-71.5023,Concord,0
COO,6.3572,2.3843,Cotonou,1
COQ,48.1354,114.6472,Choibalsan Airport,1
COR,-31.3123,-64.2083,Cordoba,1
COS,38.8058,-104.7010,Colorado Springs,1
COU,38.8181,-92.2196,Columbia,1
COV,36.8915,35.0712,Tarsus,1
CPC,-40.0754,-71.1373,Chapelco/San Martin de los Andes,1
CPD,-29.0383,134.7222,Coober Pedy,1
CPE,19.8160,-90.5001,Campeche,1
CPH,55.6179,12.6560,Copenhagen,1
CPO,-27.2612,-70.7792,Copiapo,1
CPR,42.9074,-106.4616,Casper,1
CPT,-33.9740,18.6043,Cape Town,1
CPV,-7.2697,-35.8961,Campina Grande,1
CPX,18.3130,-65.3039,Culebra,1
CQD,32.2972,50.8422,Shahrekord,0
CQF,50.9621,1.9548,Calais,0
CQM,38.8565,-3.9699,Ciudad Real,0
CQW,29.4657,107.6937,Wulong,1
CRA,44.3181,23.8886,Craiova,1
CRC,4.7582,-75.9557,Cartago,0
CRD,-45.7869,-67.4634,Comodoro Rivadavia,1
CRE,33.8117,-78.7239,North Myrtle Beach,0
CRG,30.3363,-81.5144,Jacksonville,0
CRI,22.7456,-74.1824,Colonel Hill,1
CRK,15.1860,120.5600,Mabalacat,1
CRL,50.4620,4.4596,Charleroi,1
CRM,12.5016,124.6353,Catarman,1
CRP,27.7704,-97.5012,Corpus Christi,1
CRQ,-17.6523,-39.2531,Caravelas,0
CRV,38.9972,17.0802,Isola di Capo Rizzuto (KR),1
CRW,38.3731,-81.5932,Charleston,1
CRZ,38.9307,63.5640,Türkmenabat,1
CSB,45.4201,22.2525,Caransebeş,0
CSF,49.2535,2.5191,Creil,0
CSG,32.5164,-84.9396,Columbus,1
CSK,12.3953,-16.7480,Cap Skirring,1
CSN,39.1943,-119.7343,Carson City,0
CSV,35.9513,-85.0850,Crossville,0
CSW,22.9491,-109.9395,Cabo San Lucas,1
CSX,28.1892,113.2200,Changsha (Changsha),1
CSY,56.0903,47.3473,Cheboksary,1
CTA,37.4668,15.0664,Catania,1
CTB,48.6087,-112.3782,Cut Bank,0
CTC,-28.5931,-65.7512,Catamarca,1
CTD,7.9878,-80.4098,Chitré,1
CTG,10.4424,-75.5130,Cartagena,1
CTL,-26.4133,146.2620,Charleville,1
CTM,18.5050,-88.3280,Chetumal,1
CTN,-15.4436,145.1832,Cooktown Airport,1
CTS,42.7748,141.6904,Sapporo,1
CTT,43.2525,5.7852,"Le Castellet, Var",0
CTU,30.5583,103.9460,Chengdu (Shuangliu),1
CUB,33.9705,-80.9952,Columbia,0
CUC,7.9276,-72.5115,Cúcuta,1
CUE,-2.8895,-78.9844,Cuenca,1
CUF,44.5475,7.6230,Levaldigi (CN),1
CUK,17.7350,-88.0329,Caye Caulker,1
CUL,24.7650,-107.4752,Culiacán,1
CUM,10.4503,-64.1305,Cumaná,1
CUN,21.0408,-86.8735,Cancún,1
CUP,10.6600,-63.2617,Carúpano,1
CUQ,-13.7611,143.1133,Coen,1
CUR,12.1889,-68.9598,Willemstad,1
CUT,-38.9397,-69.2646,Cutral-Co,0
CUU,28.7026,-105.9638,Chihuahua,1
CUZ,-13.5357,-71.9388,Cusco,1
CVC,-33.7097,136.5050,Cleve Airport,0
CVE,9.4009,-75.6913,Coveñas,0
CVG,39.0488,-84.6678,Cincinnati / Covington,1
CVJ,18.8339,-99.2618,Temixco,0
CVM,23.7033,-98.9565,Ciudad Victoria,1
CVN,34.4266,-103.0788,Clovis,1
CVO,44.4972,-123.2900,Corvallis,0
CVQ,-24.8843,113.6664,Carnarvon,1
CVS,34.3828,-103.3220,Clovis,0
CWA,44.7774,-89.6702,Mosinee,1
CWB,-25.5285,-49.1758,Curitiba,1
CWC,48.2593,25.9808,Chernivtsi,0
CWJ,23.2763,99.3732,Lincang (Cangyuan),1
CWL,51.3967,-3.3433,Cardiff,1
CWT,-33.8469,148.6480,Cowra Airport,0
CWW,-35.9947,146.3570,Corowa Airport,0
CXA,7.6255,-66.1628,Caicara del Orinoco Airport,0
CXB,21.4575,91.9633,Cox's Bazar,1
CXI,1.9863,-157.3500,Kiritimati,1
CXJ,-29.1972,-51.1876,Caxias Do Sul,1
CXO,30.3518,-95.4145,Houston,0
CXP,-7.6451,109.0340,Cilacap,1
CXR,11.9982,109.2190,Nha Trang/nha Trang aiurportCam Ranh,1
CYA,18.2711,-73.7883,Les Cayes,1
CYB,19.6870,-79.8828,West End,1
CYC,17.6838,-88.0450,Caye Chapel,1
CYG,-36.1828,147.8880,Corryong Airport,0
CYI,23.4626,120.3905,Shuishang,1
CYO,21.6165,-81.5460,Cayo Largo del Sur,1
CYP,12.0726,124.5451,Calbayog City,1
CYS,41.1557,-104.8120,Cheyenne,1
CYW,20.5460,-100.8865,Celaya,0
CYX,68.7406,161.3380,Cherskiy,1
CYZ,16.9299,121.7530,Cauayan City,1
CZE,11.4149,-69.6809,Coro,1
CZF,61.7803,-166.0390,Cape Romanzof,0
CZH,18.3822,-88.4119,Corozal,1
CZL,36.2760,6.6204,Constantine,1
CZM,20.5149,-86.9285,Cozumel,1
CZS,-7.5999,-72.7695,Cruzeiro Do Sul,1
CZU,9.3327,-75.2856,Corozal,1
CZX,31.9205,119.7755,Changzhou,1
DAA,38.7150,-77.1810,Fort Belvoir,0
DAB,29.1825,-81.0595,Daytona Beach,1
DAC,23.8433,90.3978,Dhaka,1
DAD,16.0439,108.1990,Da Nang,1
DAG,34.8537,-116.7870,Daggett,0
DAL,32.8448,-96.8477,Dallas,1
DAM,33.4115,36.5156,Damascus,1
DAN,36.5729,-79.3361,Danville,0
DAR,-6.8735,39.2073,Dar es Salaam,1
DAT,40.0614,113.4805,Datong,1
DAU,-9.0868,143.2080,Daru,1
DAV,8.3890,-82.4364,David,1
DAY,39.9024,-84.2194,Dayton,1
DBB,30.9243,28.4616,El Alamein,1
DBC,45.5053,123.0197,Baicheng,1
DBD,23.8340,86.4253,Dhanbad Airport,0
DBO,-32.2167,148.5750,Dubbo,1
DBQ,42.4020,-90.7095,Dubuque,1
DBR,26.1928,85.9169,Darbhanga,1
DBV,42.5622,18.2655,Dubrovnik,1
DCA,38.8521,-77.0377,Washington,1
DCF,15.3367,-61.3921,Canefield,1
DCI,39.3542,8.9725,Decimomannu,0
DCM,43.5563,2.2892,Castres,1
DCN,-17.5814,123.8283,Derby,0
DCT,22.1818,-75.7295,Duncan Town,0
DCY,29.3163,100.0603,Garzê (Daocheng),1
DDC,37.7634,-99.9656,Dodge City,1
DDG,40.0255,124.2867,Dandong (Zhenxing),1
DDR,28.6046,86.7980,Xigazê (Dingri),1
DEA,29.9610,70.4859,Dera Ghazi Khan,1
DEB,47.4895,21.6163,Debrecen,1
DEC,39.8346,-88.8657,Decatur,1
DED,30.1892,78.1767,Dehradun (Jauligrant),1
DEF,32.4344,48.3976,Dezful,1
DEJ,28.1210,108.1631,Tongren,0
DEL,28.5556,77.0952,New Delhi,1
DEN,39.8600,-104.6738,Denver,1
DET,42.4092,-83.0099,Detroit,0
DEZ,35.2854,40.1760,Deir ez-Zor,0
DFW,32.8968,-97.0380,Dallas-Fort Worth,1
DGA,16.9825,-88.2310,Dangriga,1
DGE,-32.5648,149.6095,Mudgee,0
DGO,24.1255,-104.5279,Durango,1
DGT,9.3342,123.3019,Dumaguete City,1
DHA,26.2654,50.1520,Dhahran,0
DHF,24.2482,54.5477,Al Dhafra Air Base,0
DHH,43.7565,93.1372,Barkol,0
DHM,32.1649,76.2630,Kangra,1
DHN,31.3213,-85.4496,Dothan,1
DHR,52.9234,4.7806,Den Helder,0
DHT,36.0226,-102.5470,Dalhart,0
DHX,-7.7495,111.9468,Kediri,1
DIA,25.2594,51.5655,Doha,1
DIB,27.4839,95.0169,Dibrugarh,1
DIE,-12.3494,49.2917,Antisiranana,1
DIG,27.7936,99.6772,Diqing (Shangri-La),1
DIJ,47.2689,5.0900,Dijon,0
DIK,46.7975,-102.8019,Dickinson,1
DIL,-8.5466,125.5245,Dili,1
DIN,21.3975,103.0080,Dien Bien Phu,1
DIR,9.6235,41.8550,Dire Dawa,1
DIS,-4.2063,12.6599,Dolisie,0
DIY,37.8939,40.2010,Diyarbakır,1
DJE,33.8737,10.7773,Mellita,1
DJG,24.2854,9.4637,Djanet,1
DJJ,-2.5796,140.5199,Sentani,1
DJO,6.7928,-6.4732,Daloa Airport,0
DJT,26.6832,-80.0956,West Palm Beach,1
DKA,13.0078,7.6604,Katsina,1
DKR,14.7423,-17.4792,Dakar,0
DKS,73.5178,80.3797,Dikson,0
DLA,4.0061,9.7195,Douala,1
DLC,38.9657,121.5385,Dalian (Ganjingzi),1
DLE,47.0390,5.4276,Dole,1
DLF,29.3595,-100.7780,Del Rio,0
DLG,59.0447,-158.5050,Dillingham,1
DLH,46.8419,-92.1987,Duluth,1
DLI,11.7506,108.3670,Da Lat,1
DLM,36.7131,28.7925,Dalaman,1
DLS,45.6210,-121.1708,Dallesport / The Dalles,0
DLU,25.6494,100.3190,Dali (Xiaguan),1
DLZ,43.6086,104.3677,Dalanzadgad,1
DMA,32.1665,-110.8830,Tucson,0
DMB,42.8536,71.3036,Taraz,1
DME,55.4088,37.9063,Moscow,1
DMK,13.9126,100.6070,Bangkok,1
DMM,26.4691,49.7982,Ad Dammam,1
DMN,32.2623,-107.7210,Deming,0
DMU,25.8839,93.7711,Dimapur,1
DNA,26.3517,127.7694,Okinawa,0
DND,56.4525,-3.0258,Dundee,1
DNH,40.1620,94.8128,Dunhuang,1
DNK,48.3572,35.1006,Dnipro,0
DNL,33.4665,-82.0394,Augusta,0
DNQ,-35.5594,144.9460,Deniliquin,0
DNR,48.5877,-2.0800,Dinard,0
DNZ,37.7856,29.7013,Denizli,1
DOD,-6.1706,35.7560,Dodoma,1
DOG,19.1537,30.4301,Dongola,1
DOH,25.2731,51.6081,Doha,1
DOL,49.3652,0.1545,Deauville,1
DOM,15.5467,-61.3011,Marigot,1
DOV,39.1295,-75.4660,Dover,1
DOY,37.5014,118.7899,Dongying (Kenli),1
DPA,41.9078,-88.2486,Chicago/West Chicago,0
DPL,8.6020,123.3419,Dipolog,1
DPO,-41.1697,146.4300,Devonport,1
DPS,-8.7484,115.1671,"Kuta, Badung",1
DQM,19.5019,57.6342,Duqm,1
DRA,36.6194,-116.0330,Mercury,0
DRB,-17.3719,123.6622,Derby,0
DRG,66.0689,-162.7669,Deering,1
DRI,30.8317,-93.3399,DeRidder,0
DRN,-28.5879,148.2172,Dirranbandi Airport,0
DRO,37.1515,-107.7540,Durango,1
DRP,13.1119,123.6768,Legazpi,1
DRS,51.1341,13.7678,Dresden,1
DRT,29.3742,-100.9270,Del Rio,0
DRW,-12.4150,130.8818,Darwin,1
DSI,30.4001,-86.4715,Destin,1
DSK,31.9094,70.8966,Dera Ismael Khan,0
DSM,41.5340,-93.6567,Des Moines,1
DSN,39.4935,109.8599,Ordos,1
DSO,39.7452,127.4740,Sŏndŏng-ni,1
DSS,14.6709,-17.0728,Dakar,1
DSY,10.9142,103.2267,Ta Noun,1
DTE,14.1292,122.9800,Daet,0
DTM,51.5183,7.6122,Dortmund,1
DTU,48.4410,126.1284,Heihe,1
DTW,42.2138,-83.3538,Detroit,1
DUA,33.9397,-96.3951,Durant,0
DUB,53.4287,-6.2621,Dublin,1
DUD,-45.9290,170.1978,Dunedin,1
DUE,-7.4009,20.8185,Chitato,1
DUG,31.4641,-109.6046,Douglas Bisbee,0
DUJ,41.1783,-78.8987,Dubois,1
DUM,1.6090,101.4335,Dumai,1
DUR,-29.6144,31.1197,Durban,1
DUS,51.2895,6.7668,Düsseldorf,1
DUT,53.8988,-166.5450,Unalaska,1
DVL,48.1155,-98.9088,Devils Lake,1
DVO,7.1255,125.6460,Davao,1
DWA,-12.5175,34.1319,Dwangwa,0
DWC,24.8962,55.1624,Dubai(Jebel Ali),1
DWD,24.4499,44.1212,Dawadmi,1
DXB,25.2498,55.3710,Dubai,1
DXN,28.1799,77.6118,Gautam Buddha Nagar,1
DXR,41.3717,-73.4822,Danbury,0
DYA,-22.6222,148.3640,Dysart Airport,0
DYG,29.1047,110.4428,Zhangjiajie (Yongding),1
DYR,64.7349,177.7410,Anadyr,1
DYS,32.4208,-99.8546,Abilene,0
DYU,38.5437,68.8230,Dushanbe,1
DZA,-12.8093,45.2818,Dzaoudzi,1
DZH,31.0488,107.4356,Dazhou (Dachuan),1
DZN,47.7090,67.7381,Zhezkazgan,1
DZO,-33.3589,-56.4992,Durazno,0
EAM,17.6114,44.4192,Najran,1
EAR,40.7270,-99.0068,Kearney,1
EAS,43.3565,-1.7906,Hondarribia,1
EAT,47.3989,-120.2070,Wenatchee,1
EAU,44.8658,-91.4843,Eau Claire,1
EBA,42.7609,10.2398,Campo nell'Elba (LI),1
EBB,0.0424,32.4435,Entebbe,1
EBD,13.1532,30.2327,El-Obeid,1
EBG,7.5965,-74.8089,El Bagre,0
EBJ,55.5259,8.5534,Esbjerg,1
EBL,36.2360,43.9466,Arbil,1
EBM,31.7043,9.2546,El Borma,0
EBU,45.5406,4.2964,"Andrézieux-Bouthéon, Loire",0
ECG,36.2606,-76.1746,Elizabeth City,0
ECH,-36.1572,144.7620,Echuca Airport,0
ECN,35.1531,33.5074,Tymbou (Kirklar),1
ECP,30.3571,-85.7954,Panama City Beach,1
EDF,61.2517,-149.8071,Anchorage,0
EDI,55.9501,-3.3723,"Ingliston, Edinburgh",1
EDL,0.4045,35.2389,Eldoret,1
EDM,46.7019,-1.3786,La Roche-sur-Yon,0
EDO,39.5525,27.0102,Edremit,1
EDW,34.9108,-117.8864,Edwards,0
EEA,-27.6341,-50.3583,Correia Pinto,0
EED,34.7663,-114.6230,Needles,0
EEN,42.8984,-72.2708,Keene,0
EES,23.9804,35.4603,Berenice Troglodytica,0
EFD,29.6073,-95.1588,Houston,0
EFL,38.1201,20.5005,Kefallinia Island,1
EGC,44.8253,0.5186,Bergerac,1
EGE,39.6426,-106.9180,Eagle,1
EGH,31.0781,34.1531,El Jora,0
EGI,30.6504,-86.5229,Crestview,0
EGO,50.6438,36.5901,Belgorod,0
EGS,65.2833,-14.4014,Egilsstaðir,1
EGX,58.1844,-157.3749,Egegik,1
EHL,-41.9432,-71.5323,El Bolsón,0
EHM,58.6464,-162.0630,Cape Newenham,0
EHU,30.3412,115.0393,Ezhou,1
EIB,50.9916,10.4797,Hörselberg-Hainich,0
EIE,58.4742,92.1125,Yeniseysk,1
EIK,46.6800,38.2100,Yeysk,0
EIL,64.6657,-147.1020,Fairbanks,0
EIN,51.4501,5.3745,Eindhoven,1
EIS,18.4455,-64.5417,Beef Island,1
EJA,7.0243,-73.8068,Barrancabermeja,1
EJH,26.1986,36.4764,Al Wajh,1
EKA,40.8034,-124.1130,Eureka,0
EKB,51.5910,75.2150,Ekibastuz,0
EKN,38.8898,-79.8577,Elkins,0
EKO,40.8249,-115.7920,Elko,1
EKT,59.3511,16.7084,Eskilstuna,0
ELB,9.0455,-73.9749,El Banco,0
ELC,-12.0194,135.5710,Elcho Island,1
ELD,33.2210,-92.8133,El Dorado,1
ELF,13.6149,25.3246,El Fasher,1
ELG,30.5807,2.8616,El Menia,1
ELH,25.4758,-76.6808,North Eleuthera,1
ELM,42.1599,-76.8916,Elmira/Corning,1
ELP,31.8099,-106.3756,El Paso,1
ELQ,26.3028,43.7744,Qassim,1
ELS,-33.0356,27.8259,East London,1
ELU,33.5114,6.7768,Guemar,1
ELY,39.2997,-114.8420,Ely,0
EMA,52.8311,-1.3281,"Nottingham, Leicestershire",1
EMD,-23.5675,148.1790,Emerald,1
EMK,62.7861,-164.4910,Emmonak,1
EML,47.0924,8.3052,Emmen,0
ENA,60.5709,-151.2452,Kenai,1
ENC,48.6921,6.2305,"Tomblaine, Meurthe-et-Moselle",0
END,36.3392,-97.9165,Enid,0
ENF,68.3626,23.4243,Enontekio,1
ENH,30.3203,109.4850,Enshi (Enshi),1
ENK,54.3983,-7.6512,"Enniskillen, Fermanagh and Omagh",0
ENN,64.5488,-149.0745,Nenana,0
ENO,-27.2275,-55.8376,Encarnación,1
ENS,52.2758,6.8892,Enschede,0
ENU,6.4737,7.5605,Enegu,1
ENV,40.7187,-114.0310,Wendover,0
ENW,42.5957,-87.9278,Kenosha,0
ENY,36.4794,109.4641,Yan'an (Baota),1
EOH,6.2197,-75.5906,Medellín,1
EOI,59.1906,-2.7722,Eday,1
EOR,6.7157,-61.6388,Bolivar,0
EOZ,7.0597,-69.4967,Elorza Airport,0
EPA,-34.6099,-58.6126,El Palomar,0
EPL,48.3250,6.0700,Épinal,0
EPR,-33.6844,121.8230,Esperance,1
EPU,58.4190,24.4728,Pärnu,1
EQS,-42.9080,-71.1395,Esquel,1
ERC,39.7102,39.5270,Erzincan,1
ERD,46.8150,36.7581,Berdyansk,0
ERF,50.9783,10.9607,Erfurt,1
ERH,31.9475,-4.3983,Errachidia,1
ERI,42.0831,-80.1739,Erie,1
ERL,43.4241,112.0911,Erenhot,1
ERS,-22.6049,17.0790,Windhoek,1
ERZ,39.9565,41.1702,Erzurum,1
ESB,40.1281,32.9951,Ankara,1
ESC,45.7232,-87.0886,Escanaba,1
ESD,48.7082,-122.9100,Eastsound,1
ESE,31.7945,-116.6024,Ensenada,0
ESF,31.3943,-92.2941,Alexandria,0
ESG,-22.0465,-60.6217,Mariscal Estigarribia,0
ESH,50.8356,-0.2972,"Brighton, East Sussex",0
ESK,39.7841,30.5821,Eskişehir,0
ESL,46.3739,44.3309,Elista,1
ESM,0.9785,-79.6266,Tachina,1
ESR,-26.3111,-69.7652,El Salvador,1
ESU,31.3975,-9.6817,Essaouira,1
ETM,29.7270,35.0141,Eilat,1
ETR,-3.4420,-79.9970,Santa Rosa,1
ETZ,48.9821,6.2513,Goin,1
EUG,44.1246,-123.2120,Eugene,1
EUN,27.1425,-13.2249,El Aaiún,1
EUQ,10.7666,121.9325,San Jose,0
EUX,17.4965,-62.9794,Oranjestad,1
EVE,68.4913,16.6781,Evenes,1
EVN,40.1489,44.3979,Yerevan,1
EVV,38.0370,-87.5324,Evansville,1
EVW,41.2748,-111.0350,Evanston,0
EVX,49.0287,1.2199,"Fauville, Eure",0
EWB,41.6761,-70.9569,New Bedford,1
EWN,35.0730,-77.0429,New Bern,1
EWR,40.6894,-74.1705,Newark,1
EXT,50.7343,-3.4140,"Exeter, Devon",1
EYK,63.6869,66.6986,Beloyarskiy Airport,1
EYP,5.3191,-72.3840,Yopal,1
EYW,24.5561,-81.7596,Key West,1
EZE,-34.8222,-58.5358,Buenos Aires (Ezeiza),1
EZS,38.5980,39.2835,Elazığ,1
EZV,63.9210,65.0305,Berezovo Airport,0
FAB,51.2758,-0.7763,"Farnborough, Hampshire",0
FAE,62.0633,-7.2758,Vágar,1
FAF,37.1325,-76.6088,Newport News (Fort Eustis),0
FAI,64.8151,-147.8560,Fairbanks,1
FAO,37.0159,-7.9709,Faro,1
FAR,46.9207,-96.8158,Fargo,1
FAT,36.7758,-119.7180,Fresno,1
FAV,-16.0541,-145.6570,Fakarava Airport,1
FAY,34.9912,-78.8803,Fayetteville,1
FAZ,28.8918,53.7233,Fasa,0
FBG,35.1318,-78.9367,Fort Bragg,0
FBK,64.8375,-147.6140,Fairbanks,0
FBM,-11.5915,27.5308,Lubumbashi,1
FCA,48.3105,-114.2560,Kalispell,1
FCB,-28.8231,27.9089,Ficksburg,0
FCN,53.7677,8.6592,Wurster Nordseeküste,1
FCO,41.8045,12.2520,Rome,1
FCS,38.6784,-104.7570,Fort Carson,0
FDF,14.5910,-61.0032,Fort-de-France,1
FDH,47.6713,9.5115,Friedrichshafen,1
FDU,-3.3113,17.3817,Bandundu,1
FDY,41.0135,-83.6687,Findlay,0
FEC,-12.2007,-38.9062,Feira de Santana,0
FEG,40.3588,71.7450,Fergana,1
FEN,-3.8545,-32.4230,Fernando de Noronha,1
FEZ,33.9273,-4.9780,Saïss,1
FFD,51.6836,-1.7892,"Fairford, Gloucestershire",0
FFO,39.8261,-84.0483,Dayton,0
FGU,-15.8200,-140.8881,Fangatau,1
FHU,31.5874,-110.3482,Fort Huachuca / Sierra Vista,0
FIH,-4.3857,15.4446,Kinshasa,1
FIZ,-18.1836,125.5598,Fitzroy Crossing Airport,1
FJR,25.1084,56.3281,Fujairah,1
FKB,48.7794,8.0805,Rheinmünster,1
FKI,0.4816,25.3380,Kisangani,1
FKJ,36.1428,136.2240,Fukui,0
FKL,41.3779,-79.8604,Franklin,0
FKQ,-2.9205,132.2670,Fakfak,1
FKS,37.2274,140.4310,Sukagawa,1
FLA,1.5892,-75.5644,Florencia,1
FLG,35.1398,-111.6698,Flagstaff,1
FLL,26.0726,-80.1527,Fort Lauderdale,1
FLN,-27.6703,-48.5525,Florianópolis,1
FLO,34.1854,-79.7239,Florence,1
FLR,43.8086,11.2028,Firenze (FI),1
FLW,39.4553,-31.1314,Santa Cruz das Flores,1
FLZ,1.5571,98.8871,Sibolga (Pinangsori),1
FMA,-26.2127,-58.2281,Formosa,1
FME,39.0854,-76.7594,Fort Meade(Odenton),0
FMI,-5.8756,29.2500,Kalemie,1
FMM,47.9881,10.2382,Memmingen,1
FMN,36.7412,-108.2300,Farmington,0
FMO,52.1338,7.6885,Greven,1
FMY,26.5866,-81.8633,Fort Myers,0
FNA,8.6164,-13.1955,Freetown (Lungi-Town),1
FNB,53.6022,13.3060,Trollenhagen,0
FNC,32.6978,-16.7746,Funchal,1
FNI,43.7574,4.4164,Nîmes/Garons,1
FNJ,39.2241,125.6700,Pyongyang,1
FNL,40.4497,-105.0113,Loveland,0
FNT,42.9693,-83.7434,Flint,1
FOC,25.9293,119.6725,Fuzhou (Changle),1
FOD,42.5526,-94.1912,Fort Dodge,1
FOE,38.9509,-95.6636,Topeka,0
FOG,41.4336,15.5346,Foggia (FG),1
FOM,5.6369,10.7508,Foumban,0
FON,10.4693,-84.5791,La Fortuna,1
FOR,-3.7758,-38.5322,Fortaleza,1
FOS,-30.8366,128.1128,Forrest Airport,0
FPO,26.5580,-78.6956,Freeport,1
FPR,27.4951,-80.3683,Fort Pierce,0
FRA,50.0267,8.5584,Frankfurt am Main,1
FRB,-33.3636,147.9350,Forbes,0
FRD,48.5237,-123.0246,Friday Harbor,1
FRG,40.7286,-73.4143,East Farmingdale,0
FRI,39.0530,-96.7642,Fort Riley (Junction City),0
FRL,44.1948,12.0701,Forlì (FC),1
FRO,61.5836,5.0247,Florø,1
FRS,16.9137,-89.8661,San Benito,1
FRW,-21.1592,27.4688,Francistown,1
FRZ,51.1146,9.2860,Fritzlar,0
FSC,41.5018,9.0971,Figari,1
FSD,43.5855,-96.7412,Sioux Falls,1
FSI,34.6498,-98.4022,Fort Sill,0
FSM,35.3366,-94.3674,Fort Smith,1
FSP,46.7627,-56.1750,Saint-Pierre,1
FST,30.9157,-102.9160,Fort Stockton,0
FSZ,34.7950,138.1910,Makinohara / Shimada,1
FTE,-50.2803,-72.0534,El Calafate,1
FTK,37.9071,-85.9721,Fort Knox,0
FTU,-25.0381,46.9561,Tôlanaro,1
FTW,32.8199,-97.3608,Fort Worth,1
FTX,-0.5246,15.9378,Owando,0
FTY,33.7791,-84.5214,Atlanta,0
FUE,28.4527,-13.8638,El Matorral,1
FUG,32.8822,115.7344,"Yingzhou, Fuyang",1
FUJ,32.6663,128.8330,Goto,1
FUK,33.5859,130.4510,Fukuoka,1
FUN,-8.5239,179.1970,Funafuti,1
FUO,23.0825,113.0708,Foshan (Nanhai),1
FWA,40.9789,-85.1945,Fort Wayne,1
FWH,32.7692,-97.4415,Fort Worth,0
FXE,26.1973,-80.1707,Fort Lauderdale,0
FYJ,48.1972,134.3630,Fuyuan,1
FYN,46.8042,89.5120,Fuyun,1
FYT,17.9171,19.1111,Faya-Largeau,0
FYU,66.5717,-145.2500,Fort Yukon,1
FYV,36.0051,-94.1701,Fayetteville,0
GAE,33.7337,9.9194,Gabès,0
GAF,34.4220,8.8225,Gafsa,0
GAJ,38.4119,140.3710,Higashine,1
GAL,64.7362,-156.9370,Galena,1
GAM,63.7677,-171.7333,Gambell,1
GAN,-0.6930,73.1526,Gan,1
GAO,20.0853,-75.1583,Guantánamo,0
GAQ,16.2485,-0.0054,Gao,1
GAU,26.1067,91.5852,Guwahati,1
GAY,24.7443,84.9512,Gaya,1
GBB,40.8086,47.7254,Gabala,1
GBE,-24.5552,25.9182,Gaborone,1
GBJ,15.8689,-61.2701,Grand-Bourg,1
GBT,36.9094,54.4013,Gorgan,0
GCC,44.3489,-105.5390,Gillette,1
GCH,30.3339,50.8338,Gachsaran,1
GCI,49.4350,-2.6020,Saint Peter Port,1
GCJ,-25.9863,28.1401,Midrand,0
GCK,37.9275,-100.7240,Garden City,1
GCM,19.2928,-81.3577,George Town,1
GCN,35.9524,-112.1470,Grand Canyon - Tusayan,1
GDB,21.5268,80.2903,Gondia,1
GDE,5.9351,43.5786,Gode,1
GDL,20.5233,-103.3101,Guadalajara,1
GDN,54.3776,18.4662,Gdańsk,1
GDO,7.2108,-70.7564,Guasdualito,0
GDQ,12.5199,37.4340,Azezo,1
GDT,21.4445,-71.1423,Cockburn Town,1
GDV,47.1377,-104.8069,Glendive,1
GDX,59.9110,150.7200,Magadan,1
GDZ,44.5821,38.0125,Gelendzhik,1
GEA,-22.2577,166.4728,Nouméa,1
GEC,35.2359,33.7201,Lefkoniko (Geçitkale),0
GEG,47.6199,-117.5340,Spokane,1
GEL,-28.2825,-54.1696,Santo Ângelo,1
GEM,1.6764,11.0249,Mengomeyén,1
GEO,6.4985,-58.2541,Georgetown,1
GER,21.8347,-82.7838,Nueva Gerona,1
GES,6.0572,125.0962,General Santos,1
GET,-28.7961,114.7070,Moonyoonooka,1
GEV,67.1324,20.8146,Gällivare,1
GFF,-34.2508,146.0670,Griffith,1
GFK,47.9493,-97.1761,Grand Forks,1
GFL,43.3412,-73.6103,Glens Falls,0
GFN,-29.7548,153.0312,Grafton,0
GFR,48.8831,-1.5642,"Bréville-sur-Mer, Manche",0
GFY,-19.6022,18.1227,Grootfontein,0
GGG,32.3840,-94.7115,Longview,1
GGT,23.5626,-75.8780,Moss Town,1
GGW,48.2125,-106.6150,Glasgow,1
GHA,32.3841,3.7941,El Atteuf,1
GHB,25.2847,-76.3310,Governor's Harbour,1
GHC,25.7383,-77.8401,Bullocks Harbour,0
GHN,30.9485,104.3296,Deyang (Guanghan),0
GHT,25.1456,10.1426,Ghat,0
GHU,-33.0056,-58.6128,Gualeguaychu,0
GHV,45.7056,25.5229,Brașov (Ghimbav),1
GIB,36.1517,-5.3498,Gibraltar,1
GID,-3.4172,29.9113,Gitega,1
GIG,-22.8100,-43.2506,Rio De Janeiro,1
GIL,35.9188,74.3336,Gilgit,1
GIR,4.2762,-74.7967,Girardot,0
GIS,-38.6633,177.9780,Gisborne,1
GIZ,16.9011,42.5858,Jizan,1
GJA,16.4454,-85.9066,Guanaja,1
GJL,36.7941,5.8737,Tahir,1
GJM,-10.7864,-65.2849,Guajará-Mirim,0
GJT,39.1267,-108.5294,Grand Junction,1
GKA,-6.0817,145.3920,Goronka,1
GKE,50.9608,6.0424,Geilenkirchen,0
GKN,62.1559,-145.4547,Gulkana,1
GLA,55.8719,-4.4331,Glasgow,1
GLD,39.3707,-101.6998,Goodland,0
GLF,8.6540,-83.1822,Golfito,1
GLH,33.4829,-90.9856,Greenville,1
GLI,-29.6760,151.6912,Glen Innes,0
GLO,51.8942,-2.1672,"Staverton, Gloucestershire",0
GLS,29.2653,-94.8604,Galveston,0
GLT,-23.8698,151.2254,Gladstone,1
GLU,26.8846,90.4641,Gelephu,0
GLZ,51.5674,4.9318,Rijen,0
GMA,3.2354,19.7713,Gemena,1
GMB,8.1288,34.5631,Gambela,1
GME,52.5270,31.0167,Gomel,1
GMO,10.2989,10.9000,Gombe,1
GMP,37.5583,126.7910,Seoul,1
GMQ,34.4181,100.3011,Golog (Maqên),1
GMR,-23.0799,-134.8900,Totegegie Airport,1
GMU,34.8479,-82.3502,Greenville,0
GNA,53.6020,24.0538,Hrodna,0
GNB,45.3629,5.3294,Grenoble,1
GND,12.0040,-61.7853,Saint George's,1
GNJ,40.7387,46.3204,Ganja,1
GNS,1.1663,97.7052,Gunungsitoli,1
GNV,29.6901,-82.2718,Gainesville,1
GNY,37.4457,38.8956,Şanlıurfa,1
GOA,44.4120,8.8407,Genova (GE),1
GOH,64.1911,-51.6791,Nuuk,1
GOI,15.3801,73.8333,Vasco da Gama,1
GOJ,56.2274,43.7852,Nizhny Novgorod,1
GOM,-1.6668,29.2380,Goma,1
GON,41.3301,-72.0451,Groton,0
GOP,26.7397,83.4497,Gorakhpur,1
GOQ,36.4006,94.7861,Golmud,1
GOT,57.6628,12.2798,Göteborg,1
GOU,9.3348,13.3721,Garoua,1
GOV,-12.2694,136.8180,Nhulunbuy,1
GOX,15.7443,73.8606,Mopa,1
GOZ,43.1514,25.7129,Gorna Oryahovitsa,0
GPA,38.1511,21.4256,Patras,1
GPI,2.5701,-77.8980,Guapi,1
GPL,10.2172,-83.7970,Pococi,0
GPN,-11.3997,130.4256,Pirlangimpi,0
GPO,-35.6962,-63.7583,General Pico,0
GPS,-0.4538,-90.2659,Isla Baltra,1
GPT,30.4056,-89.0698,Gulfport,1
GRB,44.4835,-88.1308,Green Bay,1
GRF,47.0792,-122.5810,Joint Base Lewis McChord,0
GRI,40.9675,-98.3096,Grand Island,1
GRJ,-34.0056,22.3789,George,1
GRK,31.0672,-97.8289,Fort Cavazos,1
GRO,41.9046,2.7618,Girona,1
GRQ,53.1191,6.5777,Groningen,1
GRR,42.8808,-85.5228,Grand Rapids,1
GRS,42.7597,11.0719,Grosseto (GR),0
GRU,-23.4313,-46.4700,São Paulo,1
GRV,43.3881,45.6998,Grozny,1
GRW,39.0922,-28.0298,Santa Cruz da Graciosa,1
GRX,37.1887,-3.7774,Granada,1
GRY,66.5458,-18.0173,Grímsey/Sandvík,1
GRZ,46.9911,15.4396,Feldkirchen bei Graz,1
GSB,35.3394,-77.9606,Goldsboro,0
GSE,57.7747,11.8704,Göteborg,0
GSJ,13.9362,-90.8358,Puerto San José,0
GSM,26.7546,55.9024,Qeshm(Dayrestan),1
GSO,36.0994,-79.9373,Greensboro,1
GSP,34.8957,-82.2189,Greenville/Greer/Spartanburg,1
GST,58.4253,-135.7070,Gustavus,1
GSV,51.7128,46.1711,Saratov,1
GTE,-13.9724,136.4586,Groote Eylandt,1
GTF,47.4820,-111.3710,Great Falls,1
GTN,-43.9067,170.1280,Glentanner Station,0
GTR,33.4503,-88.5914,Columbus/W Point/Starkville,1
GUA,14.5829,-90.5275,Guatemala City,1
GUC,38.5347,-106.9346,Gunnison,1
GUH,-30.9575,150.2490,Gunnedah Airport,0
GUI,10.5741,-62.3127,Guiria Airport,0
GUJ,-22.7916,-45.2048,Guaratinguetá,0
GUL,-34.8103,149.7260,Goulburn Airport,0
GUM,13.4850,144.7973,Hagåtña,1
GUP,35.5117,-108.7882,Gallup,1
GUQ,9.0269,-69.7552,Guanare,0
GUR,-10.3115,150.3340,Gurney,1
GUS,40.6481,-86.1521,Peru,0
GUW,47.1213,51.8203,Atyrau,1
GUY,36.6851,-101.5080,Guymon,0
GVA,46.2381,6.1090,Geneva,1
GVN,48.9251,140.0353,Sovetskaya Gavan,0
GVR,-18.8959,-41.9829,Governador Valadares,1
GVX,60.5944,16.9511,Sandviken,0
GWD,25.2967,62.4988,Gurandani,1
GWE,-19.4367,29.8619,Gweru,0
GWL,26.2933,78.2278,Gwalior,1
GWO,33.4950,-90.0882,Greenwood,0
GWT,54.9132,8.3405,Sylt,1
GXF,15.9659,48.7881,Seiyun,1
GXG,-7.7545,15.2877,Negage,1
GXH,34.8190,102.6223,Gannan (Xiahe),1
GXQ,-45.5942,-72.1061,Coyhaique,0
GYA,-10.8886,-65.3810,Guayaramerín,1
GYD,40.4728,50.0509,Baku,1
GYE,-2.1574,-79.8836,Guayaquil,1
GYG,62.1035,129.5453,Magan,0
GYI,-1.6772,29.2589,Gisenyi,0
GYM,27.9690,-110.9250,Guaymas,1
GYN,-16.6320,-49.2207,Goiânia,1
GYS,32.3903,105.6946,Guangyuan (Lizhou),1
GYU,36.0789,106.2169,Guyuan (Yuanzhou),1
GYY,41.6171,-87.4132,Gary,1
GZP,36.2988,32.2970,Gazipaşa,1
GZT,36.9472,37.4787,Gaziantep,1
GZW,36.2401,50.0471,Qazvin,0
HAC,33.1148,139.7856,Hachijojima,1
HAD,56.6911,12.8202,Halmstad,1
HAH,-11.5337,43.2719,Moroni,1
HAJ,52.4611,9.6851,Hannover,1
HAK,19.9349,110.4590,Haikou (Meilan),1
HAM,53.6304,9.9882,Hamburg,1
HAN,21.2212,105.8070,Hanoi (Soc Son),1
HAQ,6.7432,73.1671,Haa Dhaalu Atoll,1
HAS,27.4379,41.6863,Hail,1
HAU,59.3453,5.2084,Karmøy,1
HAV,22.9892,-82.4091,Havana,1
HAW,51.8331,-4.9611,Haverfordwest,0
HBA,-42.8370,147.5130,Hobart (Cambridge),1
HBE,30.9325,29.6964,Alexandria,1
HBG,31.2648,-89.2528,Hattiesburg,0
HBR,34.9913,-99.0513,Hobart,0
HBX,15.3611,75.0821,Hubballi,1
HCJ,24.8043,107.7108,Hechi (Jinchengjiang),1
HCN,22.0411,120.7300,Hengchun,0
HCQ,-18.2339,127.6700,Halls Creek Airport,0
HCR,62.1883,-159.7750,Holy Cross,1
HCZ,25.7534,112.8454,Chenzhou,1
HDF,53.8787,14.1523,Zirchow,1
HDG,36.5248,114.4241,Handan,1
HDM,34.8664,48.5607,Hamadan,1
HDN,40.4812,-107.2180,Hayden,1
HDS,-24.3619,31.0529,Hoedspruit,1
HDY,6.9332,100.3930,Hat Yai,1
HEA,34.2100,62.2283,Guzara,1
HEH,20.7471,96.7920,Heho,1
HEK,50.1716,127.3089,Heihe,1
HEL,60.3184,24.9633,Helsinki (Vantaa),1
HER,35.3397,25.1803,Heraklion,1
HET,40.8497,111.8246,Hohhot,1
HFA,32.8102,35.0437,Haifa,1
HFD,41.7367,-72.6494,Hartford,0
HFE,31.9878,116.9769,Hefei,1
HFN,64.2956,-15.2272,Höfn,1
HFT,70.6797,23.6686,Hammerfest,1
HGA,9.5141,44.0835,Hargeisa,1
HGH,30.2361,120.4289,Hangzhou,1
HGI,26.9668,93.6388,Hollongi,1
HGN,19.3013,97.9758,Mae Hong Son,1
HGO,9.3872,-5.5567,Korhogo,1
HGR,39.7088,-77.7280,Hagerstown,1
HGU,-5.8282,144.2994,Mount Hagen,1
HHE,40.5512,141.4654,Hachinohe,0
HHH,32.2244,-80.6975,Hilton Head Island,1
HHN,49.9464,7.2617,Frankfurt am Main (Lautzenhausen),1
HHQ,12.6362,99.9515,Hua Hin,1
HHR,33.9228,-118.3350,Hawthorne,1
HIA,33.7927,119.1267,Huai'an,1
HIB,47.3848,-92.8369,Hibbing,1
HID,-10.5856,142.2928,Horn,1
HIF,41.1240,-111.9731,Ogden,0
HII,34.5705,-114.3577,Lake Havasu City,1
HIJ,34.4361,132.9190,Hiroshima,1
HIM,8.0498,80.9814,Polonnaruwa Town,0
HIN,35.0886,128.0717,Sacheon,1
HIO,45.5404,-122.9500,Portland,0
HIR,-9.4280,160.0550,Honiara,1
HJJ,27.4431,109.7047,Huaihua,1
HJR,24.8172,79.9186,Khajuraho,1
HKD,41.7700,140.8220,Hakodate,1
HKG,22.3118,113.9149,Hong Kong,1
HKK,-42.7136,170.9850,Hokitika Airfield,1
HKN,-5.4638,150.4073,Kimbe,1
HKT,8.1133,98.3174,Phuket,1
HKY,35.7411,-81.3895,Hickory,0
HLA,-25.9390,27.9266,Johannesburg,1
HLD,49.2086,119.8223,Hailar,1
HLE,-15.9589,-5.6461,Jamestown,1
HLG,40.1750,-80.6463,Wheeling,0
HLN,46.6068,-111.9830,Helena,1
HLP,-6.2670,106.8903,Jakarta,1
HLT,-37.6489,142.0650,Hamilton Airport,0
HLZ,-37.8670,175.3320,Hamilton,1
HMA,61.0285,69.0861,Khanty-Mansiysk,1
HMB,26.3425,31.7430,Suhaj,1
HME,31.6730,6.1404,Hassi Messaoud,1
HMI,42.8414,93.6692,Hami,1
HMJ,49.3597,26.9334,Khmelnytskyi,0
HMN,32.8525,-106.1070,Alamogordo,0
HMO,29.0928,-111.0530,Hermosillo,1
HNA,39.4286,141.1350,Hanamaki,1
HND,35.5497,139.7870,Tokyo,1
HNG,36.3367,100.4800,Hainan (Gonghe),0
HNL,21.3184,-157.9257,"Honolulu, Oahu",1
HNM,20.7956,-156.0140,Hana,1
HNS,59.2439,-135.5239,Haines,1
HOB,32.6875,-103.2170,Hobbs,1
HOF,25.2853,49.4852,Hofuf,1
HOG,20.7851,-76.3155,Holguin,1
HOI,-18.0748,-140.9460,Otepa,1
HOM,59.6445,-151.4792,Homer,1
HON,44.3852,-98.2285,Huron,0
HOP,36.6742,-87.4897,Fort Campbell,0
HOQ,50.2885,11.8529,Hof,0
HOR,38.5199,-28.7159,Horta,1
HOT,34.4788,-93.0963,Hot Springs,1
HOU,29.6453,-95.2768,Houston,1
HOV,62.1800,6.0741,Ørsta,1
HPA,-19.7770,-174.3410,Lifuka,1
HPG,31.6260,110.3400,Shennongjia (Hongping),1
HPH,20.8174,106.7243,Haiphong (Hai An),1
HPN,41.0670,-73.7076,White Plains,1
HQL,37.6613,75.2889,Tashikuergan,1
HQM,46.9712,-123.9370,Hoquiam,0
HRB,45.6234,126.2500,Harbin,1
HRE,-17.9318,31.0928,Harare,1
HRG,27.1768,33.7967,Hurghada,1
HRI,6.2839,81.1242,Mattala,1
HRK,49.9269,36.2908,Kharkiv,0
HRL,26.2285,-97.6544,Harlingen,1
HRM,32.9304,3.3115,Hassi R'Mel,0
HRO,36.2615,-93.1547,Harrison,1
HRS,-28.2351,29.1062,Harrismith,0
HSA,43.3111,68.5504,Turkıstan,1
HSC,24.9786,113.4210,Shaoguan,1
HSG,33.1497,130.3020,Saga,1
HSL,65.6979,-156.3510,Huslia,1
HSM,-36.6697,142.1730,Horsham Airport,0
HSN,29.9339,122.3623,Zhoushan,1
HSR,22.3788,71.0394,Rajkot,1
HSS,29.1861,75.7414,Hisar,1
HST,25.4886,-80.3836,Homestead,0
HSV,34.6362,-86.7744,Huntsville,1
HSZ,24.8180,120.9390,Hsinchu City,0
HTA,52.0248,113.3058,Chita,1
HTG,71.9781,102.4910,Khatanga,1
HTI,-20.3581,148.9520,Hamilton Island,1
HTN,37.0385,79.8649,Hotan,1
HTS,38.3667,-82.5580,Huntington,1
HTT,38.2016,90.8378,Mengnai,1
HTU,-35.7153,142.3600,Hopetoun Airport,0
HTV,30.7469,-95.5872,Huntsville,0
HTY,36.3608,36.2856,Antakya,1
HUA,34.6787,-86.6848,Redstone Arsnl Huntsville,0
HUF,39.4515,-87.3076,Terre Haute,0
HUH,-16.6871,-151.0216,Fare,1
HUI,16.4006,107.7041,Huế,1
HUL,46.1231,-67.7921,Houlton,0
HUN,24.0232,121.6180,Hualien City,1
HUO,45.4872,119.4072,Holingol,1
HUT,38.0655,-97.8606,Hutchinson,0
HUU,-9.8788,-76.2048,Huánuco,1
HUX,15.7754,-96.2605,Huatulco,1
HUY,53.5762,-0.3495,"Grimsby, Lincolnshire",1
HUZ,23.0500,114.6000,Huizhou (Pingtan),1
HVA,-14.6295,47.7636,Analalava,0
HVB,-25.3201,152.8807,Hervey Bay,1
HVD,47.9541,91.6282,Khovd,1
HVG,71.0097,25.9836,Honningsvåg,1
HVN,41.2629,-72.8877,New Haven,1
HVR,48.5414,-109.7629,Havre,1
HWN,-18.6299,27.0210,Gwayi River Farms,0
HWO,26.0012,-80.2407,Hollywood,0
HWR,30.7485,75.6298,Halwara,1
HXD,37.1253,97.2687,Delingha,1
HXX,-34.5314,144.8300,Hay Airport,0
HYA,41.6693,-70.2804,Hyannis,1
HYD,17.2313,78.4299,Hyderabad,1
HYN,28.5622,121.4290,Taizhou (Luqiao),1
HYR,46.0252,-91.4443,Hayward,0
HYS,38.8445,-99.2731,Hays,1
HZA,35.2130,115.7367,Heze (Dingtao),1
HZB,50.6184,2.6422,"Merville, Nord",0
HZG,33.1335,107.2038,Hanzhong (Chenggu),1
HZH,26.3222,109.1499,Liping,1
HZK,65.9523,-17.4260,Húsavík,0
HZU,30.6773,104.5294,Chengdu (Jintang),0
IAA,67.4372,86.6219,Igarka,1
IAB,37.6219,-97.2682,Wichita,0
IAD,38.9445,-77.4558,Dulles,1
IAG,43.1073,-78.9462,Niagara Falls,1
IAH,29.9844,-95.3414,Houston,1
IAM,28.0515,9.6429,In Aménas,1
IAN,66.9761,-160.4390,Kiana,1
IAR,57.5607,40.1574,Tunoshna,1
IAS,47.1796,27.6214,Iaşi,1
IBA,7.3625,3.9783,Ibadan,1
IBE,4.4216,-75.1333,Ibagué,1
IBL,-21.7080,35.4528,Bazaruto Island,0
IBP,-11.4116,-69.4887,Iberia,0
IBR,36.1815,140.4144,Omitama,1
IBZ,38.8729,1.3731,Ibiza (Eivissa),1
ICN,37.4691,126.4510,Seoul,1
ICT,37.6503,-97.4286,Wichita,1
IDA,43.5146,-112.0710,Idaho Falls,1
IDR,22.7214,75.8005,Indore,1
IEG,52.1385,15.7986,Nowe Kramsko,1
IEJ,26.7225,127.7868,Ie,0
IEV,50.4019,30.4519,Kyiv,0
IFJ,66.0581,-23.1353,Ísafjörður,1
IFN,32.7551,51.8839,Isfahan,1
IFO,48.8842,24.6861,Ivano-Frankivsk,0
IFP,35.1547,-114.5593,Bullhead City,0
IGA,20.9750,-73.6669,Matthew Town,1
IGD,39.9766,43.8766,Iğdır,1
IGL,38.5130,27.0101,Çiğli,0
IGM,35.2595,-113.9380,Kingman,0
IGR,-25.7373,-54.4734,Puerto Iguazu,1
IGS,48.7157,11.5340,Manching,0
IGT,43.3233,45.0126,Sunzha,1
IGU,-25.5942,-54.4894,Foz do Iguaçu,1
IHR,27.2361,60.7200,Iranshahr,0
IIL,33.5866,46.4048,Ilam,0
IJK,56.8345,53.4622,Izhevsk,1
IKA,35.4161,51.1522,Tehran,1
IKG,42.5081,78.4078,Karakol,1
IKI,33.7490,129.7850,Iki,1
IKK,41.0714,-87.8463,Kankakee,0
IKS,71.6977,128.9030,Tiksi,1
IKT,52.2667,104.3956,Irkutsk,1
IKU,42.5856,76.7012,Tamchy,1
ILD,41.7282,0.5350,Lleida,1
ILG,39.6787,-75.6065,Wilmington,1
ILI,59.7544,-154.9110,Iliamna,1
ILM,34.2723,-77.9051,Wilmington,1
ILN,39.4279,-83.7921,Wilmington,0
ILO,10.8330,122.4934,Cabatuan,1
ILP,-22.5889,167.4560,Île des Pins,1
ILQ,-17.6950,-71.3440,Ilo,1
ILR,8.4402,4.4939,Ilorin/Ogbomosho,1
ILS,13.6995,-89.1199,San Salvador,1
ILY,55.6827,-6.2575,"Isle of Islay, Argyll and Bute",1
ILZ,49.2333,18.6134,Dolný Hričov,0
IMF,24.7600,93.8967,Imphal,1
IMP,-5.5313,-47.4600,Imperatriz,1
IMQ,39.1913,44.9285,Showt,0
IMT,45.8191,-88.1146,Kingsford,1
INA,66.0534,60.1058,Inta,0
INC,38.3228,106.3932,Yinchuan,1
IND,39.7173,-86.2944,Indianapolis,1
INH,-23.8764,35.4085,Inhambane,1
INI,43.3365,21.8562,Niš,1
INK,31.7796,-103.2010,Wink,0
INL,48.5662,-93.4031,International Falls,1
INN,47.2602,11.3440,Innsbruck,1
INT,36.1337,-80.2220,Winston Salem,0
INU,-0.5479,166.9195,Yaren,1
INV,57.5425,-4.0475,Inverness,1
INW,35.0219,-110.7230,Winslow,0
INZ,27.2510,2.5120,In Salah,1
IOA,39.6964,20.8225,Ioannina,1
IOM,54.0831,-4.6239,Castletown,1
IOS,-14.8159,-39.0335,Ilhéus,1
IPC,-27.1654,-109.4210,Isla De Pascua,1
IPH,4.5673,101.0916,Ipoh,1
IPI,0.8619,-77.6718,Ipiales,1
IPL,32.8354,-115.5740,Imperial,1
IPN,-19.4707,-42.4876,Ipatinga,1
IPT,41.2421,-76.9224,Williamsport,1
IQA,33.7856,42.4412,Hīt,0
IQM,38.2345,85.4655,Qiemo,1
IQN,35.8026,107.5989,Qingyang (Xifeng),1
IQQ,-20.5363,-70.1814,Iquique,1
IQT,-3.7847,-73.3088,Iquitos,1
IRD,24.1525,89.0494,Ishurdi,0
IRG,-12.7869,143.3050,Lockhart River,1
IRI,-7.6686,35.7521,Nduli,0
IRJ,-29.3816,-66.7958,La Rioja,1
IRK,40.0935,-92.5449,Kirksville,1
IRP,2.8276,27.5883,Isiro,1
ISA,-20.6664,139.4885,Mount Isa,1
ISB,33.5490,72.8257,Attock,1
ISE,37.8554,30.3684,Isparta,1
ISG,24.3964,124.2450,Ishigaki,1
ISK,20.1191,73.9129,Nashik,1
ISL,40.9719,28.8237,Istanbul(Bakırköy),0
ISM,28.2898,-81.4371,Orlando,0
ISO,35.3314,-77.6088,Kinston,0
ISP,40.7963,-73.1017,Islip,1
IST,41.2749,28.7321,Istanbul,1
ISU,35.5605,45.3151,Sulaymaniyah,1
ITA,-3.1265,-58.4817,Itacoatiara,0
ITB,-4.2421,-56.0007,Itaituba,1
ITH,42.4910,-76.4584,Ithaca,1
ITM,34.7809,135.4408,Osaka,1
ITO,19.7214,-155.0454,Hilo,1
IUE,-19.0801,-169.9235,Alofi,1
IVC,-46.4124,168.3130,Invercargill,1
IVL,68.6073,27.4053,Ivalo,1
IVR,-29.8883,151.1440,Inverell,0
IWA,56.9394,40.9408,Ivanovo,1
IWJ,34.6764,131.7900,Masuda,1
IWK,34.1463,132.2472,Iwakuni,1
IWO,24.7842,141.3226,Ogasawara,0
IXA,23.8870,91.2404,Agartala,1
IXB,26.6812,88.3286,Siliguri,1
IXC,30.6735,76.7885,Chandigarh,1
IXD,25.4401,81.7339,Allahabad,1
IXE,12.9547,74.8868,Mangaluru,1
IXG,15.8593,74.6183,Belgaum,1
IXH,24.3087,92.0077,Kailashahar,0
IXI,27.2957,94.0973,Lilabari,1
IXJ,32.6888,74.8382,Jammu,1
IXK,21.3171,70.2704,Keshod,1
IXL,34.1359,77.5465,Leh,1
IXM,9.8345,78.0934,Madurai,1
IXP,32.2336,75.6344,Pathankot,1
IXR,23.3143,85.3217,Ranchi,1
IXS,24.9129,92.9787,Silchar,1
IXU,19.8629,75.3963,Aurangabad,1
IXV,28.1753,94.8020,Along Airport,0
IXW,22.8137,86.1690,Jamshedpur,0
IXX,17.9081,77.4871,Bidar,0
IXY,23.1127,70.1003,Kandla,1
IXZ,11.6402,92.7290,Port Blair,1
IZA,-21.5131,-43.1731,Juiz de Fora,1
IZO,35.4136,132.8900,Izumo,1
IZT,16.4460,-95.0937,Ixtepec,1
JAA,34.3998,70.4986,Jalalabad,0
JAC,43.6073,-110.7380,Jackson,1
JAD,-32.0975,115.8810,Perth,0
JAE,-5.5925,-78.7740,Jaén,1
JAF,9.7923,80.0701,Jaffna,1
JAG,28.2842,68.4497,Jacobabad,0
JAI,26.8242,75.8122,Jaipur,1
JAK,18.2411,-72.5185,Jacmel,0
JAL,19.4751,-96.7970,Emiliano Zapata,0
JAM,42.4549,26.3522,Bezmer,0
JAN,32.3112,-90.0759,Jackson,1
JAU,-11.7831,-75.4734,Jauja,1
JAV,69.2432,-51.0571,Ilulissat,1
JAX,30.4925,-81.6878,Jacksonville,1
JBQ,18.5725,-69.9856,La Isabela,1
JBR,35.8317,-90.6464,Jonesboro,1
JCL,48.9482,14.4283,České Budějovice,1
JCR,-6.2332,-57.7769,Jacareacanga,0
JCT,30.5113,-99.7635,Junction,0
JDE,29.3609,119.1808,Hangzhou,0
JDF,-21.7915,-43.3861,Juiz de Fora,1
JDG,33.3996,126.7120,Jeju Island,0
JDH,26.2511,73.0489,Jodhpur,1
JDZ,29.3386,117.1760,Jingdezhen,1
JED,21.6802,39.1574,Jeddah,1
JEE,18.6631,-74.1703,Carrefour Sanon,1
JEG,68.7218,-52.7847,Aasiaat,1
JER,49.2079,-2.1955,St. Peter,1
JFK,40.6394,-73.7793,New York,1
JFN,41.7780,-80.6955,Ashtabula,0
JGA,22.4655,70.0126,Jamnagar,1
JGD,50.3714,124.1175,Jiagedaqi,1
JGN,39.8591,98.3393,Jiayuguan,1
JGS,26.8569,114.7370,Ji'an,1
JHB,1.6413,103.6700,Johor Bahru,1
JHF,-23.4269,-47.1657,São Roque,0
JHG,21.9746,100.7622,Jinghong (Gasa),1
JHM,20.9629,-156.6730,Lahaina,1
JHS,66.9513,-53.7293,Sisimiut,1
JHW,42.1542,-79.2540,Jamestown,0
JIB,11.5473,43.1595,Djibouti City,1
JIC,38.5422,102.3483,Jinchang,1
JIJ,9.3319,42.9118,Jijiga,1
JIM,7.6661,36.8166,Jimma,1
JIQ,29.5133,108.8311,Qianjiang,1
JJD,-2.9064,-40.3573,Cruz,1
JJI,-7.1691,-76.7286,Juanjuí,0
JJN,24.7959,118.5886,Quanzhou,1
JJU,60.7638,-46.0650,Qaqortoq,1
JKG,57.7576,14.0687,Jönköping,1
JKH,38.3432,26.1406,Chios Island,1
JKR,26.7088,85.9224,Janakpur,1
JLN,37.1518,-94.4983,Joplin,1
JLR,23.1778,80.0520,Jabalpur,1
JMJ,22.4177,99.7840,Pu'er (Lancang),1
JMK,37.4351,25.3481,Mykonos,1
JMS,46.9297,-98.6782,Jamestown,1
JMU,46.8428,130.4643,Jiamusi,1
JNB,-26.1401,28.2468,Johannesburg,1
JNG,35.6474,116.7433,Jining,1
JNH,30.6981,120.6631,"Xiuzhou, Hangzhou",1
JNU,58.3549,-134.5744,Juneau,1
JNZ,40.9360,121.2771,Jinzhou (Linghai),1
JOE,62.6588,29.6194,Joensuu,1
JOG,-7.7882,110.4320,Yogyakarta,1
JOH,-31.6061,29.5218,Port St Johns,0
JOI,-26.2245,-48.7974,Joinville,1
JOK,56.7006,47.9047,Yoshkar-Ola,0
JOL,6.0537,121.0110,Jolo,1
JOS,9.6398,8.8691,Jos,1
JPA,-7.1487,-34.9506,João Pessoa,1
JRF,21.3074,-158.0700,Kapolei,0
JRH,26.7305,94.1754,Jorhat,1
JRO,-3.4270,37.0735,Arusha,1
JSA,26.8887,70.8650,Jaisalmer Airport,1
JSH,35.2161,26.1013,Crete Island,1
JSI,39.1771,23.5037,Skiathos,1
JSJ,47.1082,132.6579,Jiansanjiang,1
JSO,-3.6148,-40.2322,Sobral,0
JSR,23.1838,89.1608,Jashore (Jessore),1
JST,40.3161,-78.8339,Johnstown,1
JTC,-22.1608,-49.0703,Bauru,1
JTR,36.4000,25.4786,Santorini Island,1
JUB,4.8720,31.6011,Juba,1
JUJ,-24.3928,-65.0978,San Salvador de Jujuy,1
JUL,-15.4677,-70.1565,Juliaca,1
JUZ,28.9661,118.8988,Quzhou (Kezheng),1
JWA,-24.6023,24.6910,Jwaneng,0
JWN,36.7737,48.3594,Zanjan,0
JWO,37.0302,127.8864,Gimseang-ro,0
JXA,45.2930,131.1930,Jixi,1
JXN,42.2605,-84.4630,Jackson,0
JYR,28.7235,57.6750,Jiroft,0
JYV,62.3995,25.6783,Jyväskylän Maalaiskunta,1
JZH,32.8533,103.6822,Ngawa (Songpan),1
KAB,-16.5198,28.8850,Kariba,1
KAC,37.0206,41.1914,Qamishli,1
KAD,10.6960,7.3201,Kaduna,1
KAG,37.7536,128.9439,Gangneung,0
KAI,5.1773,-59.4890,Kaieteur Falls,1
KAJ,64.2855,27.6924,Kajaani,1
KAN,12.0456,8.5236,Kano,1
KAO,65.9876,29.2394,Kuusamo,1
KAT,-35.0698,173.2871,Awanui,1
KAU,63.1271,23.0514,Kauhava,0
KAW,10.0493,98.5380,Kawthoung,1
KBK,26.7765,83.8892,Kushinagar,0
KBL,34.5659,69.2123,Kabul,1
KBP,50.3450,30.8947,Boryspil,0
KBR,6.1669,102.2930,Kota Baharu,1
KBS,7.9444,-11.7610,Bo,0
KBV,8.0956,98.9890,Krabi,1
KCH,1.4874,110.3529,Kuching,1
KCM,37.5388,36.9535,Kahramanmaraş,1
KCO,40.7350,30.0833,Kartepe,0
KCT,5.9937,80.3203,Galle,1
KCY,56.1776,92.5459,Krasnoyarsk,1
KCZ,33.5452,133.6702,Nankoku,1
KDH,31.5058,65.8480,Kandahar,1
KDL,58.9908,22.8307,Kärdla,1
KDM,0.4881,72.9969,Huvadhu Atoll,1
KDO,1.8592,73.5219,Kadhdhoo,1
KDT,14.1020,99.9172,Nakhon Pathom,0
KDU,35.3387,75.5386,Skardu,1
KEF,63.9850,-22.6056,Reykjavík,1
KEJ,55.2701,86.1072,Kemerovo,1
KEL,54.3796,10.1453,Kiel,0
KEM,65.7787,24.5821,Kemi / Tornio,1
KEN,7.8964,-11.1741,Kenema,0
KEP,28.1036,81.6670,Nepalgunj,1
KER,30.2713,56.9497,Kerman,1
KES,56.0375,-96.5097,Kelsey,0
KET,21.3016,99.6360,Kengtung,1
KEV,61.8560,24.7867,Jämsä,0
KFS,41.3142,33.7958,Kastamonu,1
KFZ,42.0358,20.4160,Kukës,0
KGA,-5.9001,22.4692,Kananga,1
KGC,-35.7139,137.5210,Kingscote Airport,1
KGD,54.8916,20.5986,Kaliningrad,1
KGF,49.6708,73.3344,Karaganda,1
KGG,12.5723,-12.2203,Kédougou,0
KGI,-30.7915,121.4646,Broadwood,1
KGJ,-9.9536,33.8933,Karonga,0
KGL,-1.9686,30.1395,Kigali,1
KGP,62.1904,74.5338,Kogalym,1
KGS,36.7945,27.0911,Kos Island,1
KGT,30.1425,101.7387,Garzê (Kangding),1
KGY,-26.5811,151.8399,Kingaroy Airport,0
KHD,33.4354,48.2829,Khoram Abad Airport,1
KHE,46.6758,32.5064,Kherson,0
KHG,39.5423,76.0202,Kashgar,1
KHH,22.5771,120.3500,Kaohsiung (Xiaogang),1
KHI,24.9065,67.1608,Karachi,1
KHJ,62.4632,22.3908,Kauhajoki,0
KHK,29.2605,50.3222,Khark,1
KHN,28.8648,115.9027,Nanchang,1
KHS,26.1710,56.2406,Khasab,1
KHT,33.2846,69.8073,Khost,1
KHV,48.5283,135.1886,Khabarovsk,1
KHX,-0.7165,29.6997,Kihihi,1
KID,55.9217,14.0855,Kristianstad,0
KIH,26.5254,53.9805,Kish Island,1
KIJ,37.9542,139.1122,Niigata,1
KIK,35.4695,44.3489,Kirkuk,1
KIM,-28.8054,24.7649,Kimberley,1
KIN,17.9357,-76.7875,Kingston,1
KIR,52.1809,-9.5238,Farranfore,1
KIS,-0.0861,34.7289,Kisumu,1
KIW,-12.9005,28.1499,Kitwe,0
KIX,34.4273,135.2440,Osaka,1
KJA,56.1757,92.4858,Krasnoyarsk,1
KJB,15.7163,78.1692,Orvakal,1
KJH,26.9720,107.9880,Kaili  (Huangping),1
KJI,48.2223,86.9959,Burqin,1
KJK,50.8189,3.2096,Wevelgem,0
KJT,-6.6474,108.1656,Kertajati,1
KKC,16.4666,102.7840,Khon Kaen,1
KKE,-35.2591,173.9133,Kerikeri,1
KKJ,33.8459,131.0350,Kitakyushu,1
KKM,14.8746,100.6634,Lop Buri,0
KKN,69.7258,29.8913,Kirkenes,1
KKR,-15.6633,-146.8850,Raitahiti,1
KKS,33.8953,51.5770,Kashan,1
KKW,-5.0358,18.7856,Kikwit,1
KKX,28.3213,129.9280,Kikai,1
KLC,14.1469,-16.0513,Kaolack,0
KLD,56.8247,35.7577,Tver,0
KLF,54.5500,36.3667,Kaluga,0
KLH,16.6647,74.2894,Kolhapur,1
KLO,11.6794,122.3760,Kalibo,1
KLR,56.6855,16.2876,Kalmar,1
KLS,46.1180,-122.8980,Kelso,0
KLU,46.6425,14.3377,Klagenfurt am Wörthersee,1
KLV,50.2030,12.9150,Karlovy Vary,1
KLW,55.5792,-133.0760,Klawock,1
KLX,37.0683,22.0255,Kalamata,1
KLZ,-29.6884,17.0940,Kleinsee,0
KMA,-7.9636,145.7710,Kerema,1
KMC,27.9009,45.5282,King Khaled Military City,1
KME,-2.4622,28.9079,Kamembe,1
KMG,25.1103,102.9367,Kunming,1
KMH,-27.4566,23.4119,Kuruman,0
KMI,31.8772,131.4490,Miyazaki,1
KMJ,32.8373,130.8550,Kumamoto,1
KMP,-26.5398,18.1114,Keetmanshoop,0
KMQ,36.3934,136.4069,Kanazawa,1
KMS,6.7146,-1.5908,Kumasi,1
KMU,-0.3774,42.4592,Kismayo,0
KMW,57.7969,41.0194,Kostroma,1
KMX,18.2973,42.8035,Khamis Mushait,0
KNA,-32.9496,-71.4786,Viña del Mar,0
KND,-2.9192,25.9154,Kindu,1
KNF,52.6484,0.5507,"King's Lynn, Norfolk",0
KNG,-3.6446,133.6951,Kaimana,1
KNH,24.4279,118.3590,Shang-I,1
KNO,3.6378,98.8706,Beringin,1
KNQ,-21.0536,164.8388,Koné,1
KNR,27.8205,52.3522,Jam,0
KNS,-39.8775,143.8780,King Island Airport,1
KNU,26.4043,80.4101,Kanpur,1
KNX,-15.7781,128.7080,Kununurra,1
KOA,19.7388,-156.0456,Kailua-Kona,1
KOE,-10.1716,123.6710,Kupang,1
KOI,58.9579,-2.9051,"Kirkwall, Orkney Islands",1
KOJ,31.8034,130.7190,Kagoshima,1
KOK,63.7212,23.1431,Kokkola / Kruunupyy,1
KOP,17.3838,104.6430,Nakhon Phanom,1
KOS,10.5706,103.6321,Preah Sihanouk,1
KOU,-1.1846,12.4413,Koulamoutou,0
KOV,53.3291,69.5946,Kokshetau,1
KPC,65.2537,-166.8590,Port Clarence,0
KPO,35.9880,129.4204,Pohang,1
KPS,-31.0723,152.7653,Kempsey Airport,0
KPW,67.8450,166.1400,Keperveem,1
KQH,26.5910,74.8130,Ajmer (Kishangarh),1
KQT,37.8663,68.8645,Bokhtar,1
KRA,-35.7514,143.9390,Kerang Airport,0
KRF,63.0486,17.7689,Nyland,1
KRK,50.0777,19.7848,Balice,1
KRL,41.6150,86.1408,Korla,1
KRN,67.8220,20.3368,Kiruna,1
KRO,55.4753,65.4156,Kurgan,1
KRP,56.2971,9.1043,Karup,1
KRR,45.0345,39.1742,Krasnodar,1
KRS,58.2042,8.0854,Kristiansand(Kjevik),1
KRT,15.5895,32.5532,Khartoum,1
KRW,40.0628,53.0051,Turkmenbaşy,1
KSA,5.3570,162.9580,Okat,1
KSC,48.6631,21.2411,Košice,1
KSD,59.4447,13.3374,Karlstad,1
KSF,51.4184,9.3916,Calden,1
KSH,34.3459,47.1581,Kermanshah,1
KSK,59.3459,14.4959,Karlskoga,0
KSL,15.3875,36.3288,Kassala,1
KSN,53.2069,63.5503,Kostanay,1
KSU,63.1118,7.8245,Kvernberget,1
KSY,40.5622,43.1150,Kars,1
KSZ,61.2358,46.6975,Kotlas,1
KTA,-20.7122,116.7730,Karratha,1
KTD,25.9447,131.3270,Kitadaitōjima,1
KTE,4.5372,103.4270,Kerteh,0
KTG,-1.8172,109.9635,Ketapang,1
KTI,11.3600,104.9213,Phnom Penh (Boeng Khyang),1
KTL,0.9720,34.9586,Kitale,0
KTM,27.6966,85.3591,Kathmandu,1
KTN,55.3556,-131.7140,Ketchikan,1
KTP,17.9886,-76.8238,Tinson Pen,1
KTQ,62.1661,30.0736,Kitee,0
KTR,-14.5211,132.3780,Tindal Airport,0
KTT,67.7010,24.8468,Kittilä,1
KTU,25.1602,75.8456,Kota,0
KTW,50.4760,19.0807,Katowice,1
KUA,3.7754,103.2090,Kuantan,1
KUF,53.5049,50.1643,Samara,1
KUH,43.0410,144.1930,Kushiro,1
KUL,2.7456,101.7100,Sepang,1
KUM,30.3856,130.6590,Yakushima,1
KUN,54.9640,24.0858,Kaunas,1
KUO,63.0071,27.7978,Kuopio / Siilinjärvi,1
KUS,65.5736,-37.1236,Kulusuk,1
KUT,42.1774,42.4854,Kopitnari,1
KUU,31.8767,77.1544,Bhuntar,1
KUV,35.9038,126.6160,Gunsan,1
KVA,40.9133,24.6192,Kavala,1
KVB,58.4564,13.9727,Skövde,0
KVG,-2.5794,150.8080,Kavieng,1
KVO,43.8175,20.5867,Kraljevo,1
KVX,58.5039,49.3478,Kirov,1
KWA,8.7201,167.7320,Kwajalein,1
KWE,26.5418,106.8040,Guiyang (Nanming),1
KWG,48.0433,33.2100,Kryvyi Rih,0
KWI,29.2245,47.9698,Kuwait City,1
KWJ,35.1232,126.8054,Gwangju,1
KWL,25.2198,110.0396,Guilin (Lingui),1
KWM,-15.4854,141.7526,Kowanyama,1
KWY,-1.9606,41.2972,Kiwayu,0
KWZ,-10.7659,25.5057,Kolwezi,1
KXB,-4.3382,121.5240,Kolaka,1
KXE,-26.8711,26.7180,Klerksdorp,0
KXK,50.4090,136.9340,Komsomolsk-on-Amur,1
KYA,37.9790,32.5619,Konya,1
KYD,22.0270,121.5350,Orchid Island,1
KYE,34.5893,36.0113,Tripoli,0
KYP,19.4264,93.5348,Kyaukpyu,1
KYS,14.4825,-11.3993,Kayes,1
KYZ,51.6694,94.4006,Kyzyl,1
KZI,40.2861,21.8408,Kozani,1
KZN,55.6062,49.2787,Kazan,1
KZO,44.7069,65.5925,Kyzylorda,1
KZR,39.1111,30.1304,Altıntaş,1
LAA,38.0664,-102.6914,Lamar,0
LAD,-8.8584,13.2312,Luanda,1
LAE,-6.5680,146.7265,Lae,1
LAF,40.4129,-86.9394,West Lafayette,1
LAI,48.7544,-3.4717,Lannion,0
LAJ,-27.7821,-50.2815,Lages,1
LAL,27.9893,-82.0207,Lakeland,1
LAN,42.7776,-84.5857,Lansing,1
LAO,18.1751,120.5310,Laoag City,1
LAP,24.0723,-110.3627,La Paz,1
LAQ,32.7890,21.9549,Al Albraq,1
LAR,41.3121,-105.6750,Laramie,1
LAS,36.0834,-115.1518,Las Vegas,1
LAU,-2.2524,40.9129,Lamu,1
LAW,34.5677,-98.4166,Lawton,1
LAX,33.9425,-118.4080,Los Angeles,1
LAY,-28.5817,29.7497,Ladysmith,0
LAZ,-13.2621,-43.4081,Bom Jesus da Lapa,0
LBA,53.8659,-1.6606,"Leeds, West Yorkshire",1
LBB,33.6636,-101.8230,Lubbock,1
LBC,53.8054,10.7192,Lübeck,1
LBD,40.2154,69.6947,Khujand,1
LBE,40.2759,-79.4048,Latrobe,1
LBF,41.1262,-100.6840,North Platte,1
LBG,48.9623,2.4365,Paris,0
LBI,43.9139,2.1131,Albi,0
LBL,37.0442,-100.9600,Liberal,1
LBQ,-0.7044,10.2457,Lambarene,0
LBS,-16.4667,179.3400,Labasa,1
LBT,34.6108,-79.0594,Lumberton,0
LBU,5.3017,115.2483,Labuan,1
LBV,0.4590,9.4121,Libreville,1
LBX,13.8554,120.1050,Lubang,0
LBY,47.2894,-2.3464,La Baule-Escoublac,0
LCA,34.8751,33.6249,Larnaca,1
LCC,40.2392,18.1333,Galatina (LE),0
LCE,15.7425,-86.8530,La Ceiba,1
LCG,43.3021,-8.3773,Culleredo,1
LCH,30.1261,-93.2233,Lake Charles,1
LCJ,51.7219,19.3981,Łódź,1
LCK,39.8138,-82.9278,Columbus,1
LCX,25.6759,116.7459,Longyan (Liancheng),1
LCY,51.5053,0.0553,London,1
LDB,-23.3344,-51.1284,Londrina,1
LDE,43.1787,-0.0064,Tarbes/Lourdes/Pyrénées,1
LDS,47.7521,129.0191,Yichun,1
LDU,5.0324,118.3238,Lahad Datu,1
LDV,48.5303,-4.1516,Landivisiau,0
LDX,5.4819,-54.0350,Saint-Laurent-du-Maroni,1
LDY,55.0428,-7.1611,"Derry, Derry and Strabane",1
LEA,-22.2352,114.0900,Exmouth,1
LEB,43.6261,-72.3042,Lebanon,1
LED,59.8003,30.2625,St. Petersburg,1
LEE,28.8231,-81.8087,Leesburg,0
LEH,49.5340,0.0884,Le Havre,0
LEI,36.8439,-2.3701,Almería,1
LEJ,51.4207,12.2327,Schkeuditz,1
LEN,42.5907,-5.6534,La Virgen del Camino,1
LER,-27.8433,120.7030,Leinster Airport,1
LET,-4.1911,-69.9420,Leticia,1
LEU,42.3386,1.4092,La Seu d'Urgell Pyrenees and Andorra,1
LEX,38.0351,-84.6067,Lexington,1
LEY,52.4532,5.5146,Lelystad,0
LFI,37.0829,-76.3605,Hampton,0
LFK,31.2340,-94.7500,Lufkin,0
LFM,27.3727,53.1888,Lamerd,1
LFQ,36.1326,111.6412,Linfen (Yaodu),1
LFR,8.2392,-72.2710,La Fria Airport,0
LFT,30.2053,-91.9876,Lafayette,1
LFW,6.1656,1.2545,Lomé,1
LGA,40.7772,-73.8726,New York,1
LGB,33.8165,-118.1499,Long Beach,1
LGG,50.6386,5.4439,Grâce-Hollogne,1
LGH,-30.5983,138.4260,Leigh Creek Airport,0
LGI,23.1790,-75.0936,Deadman's Cay,1
LGK,6.3297,99.7287,Langkawi,1
LGR,-47.2436,-72.5881,Cochrane,0
LGS,-35.4936,-69.5743,Malargue,0
LGU,41.7912,-111.8520,Logan,0
LGW,51.1487,-0.1857,London,1
LHA,48.3693,7.8277,Lahr/Schwarzwald,0
LHE,31.5216,74.4036,Lahore,1
LHG,-29.4529,147.9771,Lightning Ridge Airport,1
LHK,32.3887,111.6942,Xiangyang (Laohekou),0
LHL,39.8838,46.3631,Lachin,1
LHN,-19.3552,-40.0713,Linhares,0
LHR,51.4707,-0.4599,London,1
LHS,-46.5385,-68.9653,Las Heras,1
LHW,36.5152,103.6200,Lanzhou (Yongdeng),1
LIF,-20.7746,167.2393,Lifou,1
LIG,45.8628,1.1794,Limoges/Bellegarde,1
LIH,21.9744,-159.3371,"Lihue, Kauai",1
LIL,50.5666,3.1024,Lesquin,1
LIM,-12.0219,-77.1143,Lima,1
LIN,45.4451,9.2767,Segrate (MI),1
LIO,9.9580,-83.0220,Limón,1
LIP,-21.6635,-49.7300,Lins,0
LIQ,2.1707,21.4969,Lisala,0
LIR,10.5933,-85.5444,Liberia,1
LIS,38.7813,-9.1359,Lisbon,1
LIT,34.7292,-92.2236,Little Rock,1
LIW,19.6915,97.2148,Loikaw,1
LJG,26.6775,100.2449,Lijiang,1
LJN,29.1086,-95.4621,Angleton,0
LJU,46.2237,14.4576,Zgornji Brnik,1
LKG,4.2041,34.3482,Lokichogio,0
LKL,70.0688,24.9735,Lakselv,1
LKN,68.1525,13.6094,Leknes,1
LKO,26.7606,80.8893,Lucknow,1
LKY,-3.3763,35.8183,Lake Manyara National Park,0
LKZ,52.4095,0.5612,"Brandon, Suffolk",0
LLA,65.5438,22.1220,Luleå,1
LLC,18.1824,121.7462,Lal-lo,0
LLF,26.3387,111.6100,Yongzhou,1
LLV,37.6833,111.1428,Lüliang,1
LLW,-13.7894,33.7810,Lumbadzi,1
LME,47.9486,0.2017,"Le Mans, Sarthe",0
LMM,25.6855,-109.0812,Los Mochis,1
LMN,4.8083,115.0100,Limbang,1
LMO,57.7052,-3.3392,"Lossiemouth, Moray",0
LMP,35.4979,12.6181,Lampedusa,1
LMQ,30.3781,19.5764,Marsa al Brega,0
LMR,-28.3601,23.4391,Lime Acres,0
LMT,42.1561,-121.7330,Klamath Falls,0
LND,42.8152,-108.7300,Lander,0
LNJ,23.7381,100.0250,Lincang,1
LNK,40.8449,-96.7618,Lincoln,1
LNL,33.7899,105.7900,Longnan (Cheng),1
LNO,-28.8781,121.3150,Leonora,1
LNS,40.1217,-76.2961,Lancaster,1
LNX,54.8240,32.0250,Smolensk,0
LNY,20.7857,-156.9513,Lanai City,1
LNZ,48.2354,14.1881,Linz,1
LOE,17.4391,101.7220,Loei Airport,1
LOK,3.1220,35.6087,Lodwar,0
LOL,40.0664,-118.5650,Lovelock,0
LOO,33.7644,2.9283,Laghouat,1
LOP,-8.7600,116.2782,"Mataram (Pujut, Lombok Tengah)",1
LOS,6.5774,3.3212,Lagos,1
LOU,38.2280,-85.6637,Louisville,0
LOV,26.9557,-101.4700,Monclova,0
LOZ,37.0822,-84.0849,London,0
LPA,27.9319,-15.3866,Gran Canaria Island,1
LPB,-16.5103,-68.1894,La Paz / El Alto,1
LPF,26.6094,104.9790,Liupanshui (Zhongshan),1
LPG,-34.9722,-57.8947,La Plata,0
LPI,58.4049,15.6845,Linköping,1
LPK,52.7028,39.5378,Lipetsk,0
LPL,53.3349,-2.8496,Liverpool,1
LPP,61.0446,28.1447,Lappeenranta,1
LPQ,19.9043,102.1672,Luang Phabang,1
LPT,18.2709,99.5042,Lampang Airport,1
LPX,56.5175,21.0969,Liepāja,0
LRD,27.5438,-99.4616,Laredo,1
LRE,-23.4320,144.2775,Longreach,1
LRF,34.9169,-92.1497,Jacksonville,0
LRH,46.1792,-1.1953,La Rochelle,1
LRL,9.7667,1.0909,Niamtougou,0
LRM,18.4522,-68.9111,La Romana,1
LRR,27.6747,54.3833,Lar,1
LRT,47.7606,-3.4400,Lorient/Lann/Bihoué,0
LRU,32.2894,-106.9220,Las Cruces,1
LSC,-29.9162,-71.1995,La Serena-Coquimbo,1
LSE,43.8790,-91.2567,La Crosse,1
LSF,32.3325,-84.9880,Fort Benning,0
LSG,29.4386,103.7492,Leshan (Wutongqiao),1
LSH,22.9779,97.7522,Lashio,1
LSI,59.8789,-1.2956,"Lerwick, Shetland",1
LSL,11.0353,-84.7061,Los Chiles,0
LSP,11.7808,-70.1515,Paraguaná,1
LSR,3.3915,97.8637,Kutacane,1
LST,-41.5449,147.2108,Launceston (Western Junction),1
LSV,36.2362,-115.0340,Las Vegas,0
LSX,5.0695,97.2592,Lhok Sukon-Sumatra Island,0
LSY,-28.8307,153.2584,Lismore,1
LTA,-23.8244,30.3293,Tzaneen,0
LTD,30.1455,9.7021,Ghadames,1
LTH,10.7728,107.0406,Ho Chi Minh City (Long Thanh),0
LTI,46.3764,96.2211,Altai,1
LTK,35.4011,35.9487,Latakia,1
LTM,3.3728,-59.7894,Lethem,1
LTN,51.8747,-0.3683,"Luton, Luton",1
LTO,25.9895,-111.3484,Loreto,1
LTQ,50.5183,1.6217,Le Touquet-Paris-Plage,0
LTS,34.6671,-99.2667,Altus,0
LTU,18.4115,76.4647,Latur,1
LTX,-0.9068,-78.6158,Latacunga,1
LUA,27.6868,86.7295,Lukla,1
LUD,-26.6874,15.2429,Luderitz,1
LUF,33.5350,-112.3830,Glendale,0
LUG,46.0043,8.9106,Agno,1
LUH,30.8547,75.9526,Ludhiana Airport,0
LUK,39.1024,-84.4189,Cincinnati,1
LUM,24.4011,98.5317,Dehong (Mangshi),1
LUN,-15.3308,28.4527,Lusaka,1
LUO,-11.7681,19.8977,Luena,0
LUQ,-33.2732,-66.3564,San Luis,1
LUR,68.8751,-166.1100,Cape Lisburne,1
LUV,-5.7603,132.7594,Langgur,1
LUW,-1.0359,122.7739,Luwok,0
LUX,49.6268,6.2121,Luxembourg,1
LUZ,51.2402,22.7135,Lublin,1
LVA,48.0322,-0.7440,"Laval, Mayenne",0
LVI,-17.8215,25.8196,Livingstone,1
LVM,45.6994,-110.4480,Livingston,0
LVP,26.8107,53.3543,Lavan Airport,0
LVS,35.6542,-105.1420,Las Vegas,0
LWB,37.8579,-80.4004,Lewisburg,1
LWM,42.7172,-71.1234,Lawrence,0
LWN,40.7504,43.8593,Gyumri,1
LWO,49.8125,23.9561,Lviv,0
LWR,53.2286,5.7606,Leeuwarden,0
LWS,46.3745,-117.0150,Lewiston,1
LWT,47.0484,-109.4661,Lewistown,0
LXA,29.2980,90.9120,Shannan (Gonggar),1
LXR,25.6710,32.7064,Luxor,1
LYA,34.7411,112.3880,Luoyang (Laocheng),1
LYB,19.6602,-80.0888,Blossom Village,0
LYC,64.5483,18.7162,Lycksele,1
LYG,34.4141,119.1790,Lianyungang,1
LYH,37.3267,-79.2004,Lynchburg,1
LYI,35.0529,118.4118,Linyi (Hedong),1
LYN,45.7279,4.9440,"Chassieu, Lyon",0
LYP,31.3649,72.9953,Faisalabad,1
LYR,78.2461,15.4656,Longyearbyen,1
LYS,45.7260,5.0901,"Colombier-Saugnieu, Rhône",1
LYU,47.8245,-91.8307,Ely,0
LYX,50.9562,0.9391,"Romney Marsh, Kent",0
LZC,18.0017,-102.2203,Lázaro Cárdenas,0
LZG,31.5019,106.0344,Nanchong (Langzhong),1
LZH,24.2075,109.3910,Liuzhou (Liujiang),1
LZN,26.1597,119.9584,Matsu (Nangan),1
LZO,29.0304,105.4684,Luzhou (Yunlong),1
LZY,29.3033,94.3353,Nyingchi (Mainling),1
MAA,12.9900,80.1693,Chennai,1
MAB,-5.3686,-49.1380,Marabá,1
MAD,40.4934,-3.5722,Madrid,1
MAF,31.9425,-102.2020,Midland,1
MAG,-5.2071,145.7890,Madang,1
MAH,39.8626,4.2187,Mahón (Maó),1
MAJ,7.0651,171.2717,Majuro Atoll,1
MAK,9.5587,31.6519,Malakal,1
MAM,25.7699,-97.5253,Matamoros,1
MAN,53.3494,-2.2795,"Manchester, Greater Manchester",1
MAO,-3.0386,-60.0497,Manaus,1
MAQ,16.6999,98.5451,Mae Sot Airport,1
MAR,10.5575,-71.7293,Maracaibo,1
MAS,-2.0619,147.4240,Manus Island,1
MAU,-16.4265,-152.2440,Maupiti Airport,1
MAX,15.5936,-13.3228,Ouro Sogui,0
MAY,24.2877,-77.6846,Mangrove Cay,0
MAZ,18.2557,-67.1485,Mayaguez,1
MBA,-4.0348,39.5942,Mombasa,1
MBD,-25.7984,25.5480,Mafeking,1
MBE,44.3039,143.4040,Monbetsu,1
MBG,45.5465,-100.4080,Mobridge,0
MBI,-8.9199,33.2740,Mbeya,1
MBJ,18.5034,-77.9132,Montego Bay,1
MBO,13.2080,120.6055,Mamburao,0
MBS,43.5332,-84.0831,Freeland,1
MBT,12.3697,123.6301,Masbate,1
MBW,-37.9778,145.0998,Melbourne,1
MBX,46.4799,15.6861,Maribor,1
MCB,31.1785,-90.4719,McComb,0
MCC,38.6676,-121.4010,Sacramento,0
MCE,37.2847,-120.5140,Merced,1
MCF,27.8493,-82.5212,Tampa,0
MCG,62.9529,-155.6060,McGrath,1
MCI,39.3017,-94.7139,Kansas City,1
MCJ,11.2325,-72.4901,La Mina-Maicao,0
MCK,40.2078,-100.5928,McCook,1
MCN,32.6928,-83.6492,Macon,1
MCO,28.4294,-81.3090,Orlando,1
MCP,0.0507,-51.0722,Macapá,1
MCS,-30.2719,-57.6402,Monte Caseros,0
MCT,23.6002,58.2853,Muscat/Seeb,1
MCU,46.2226,2.3640,"Lépaud, Creuse",0
MCW,43.1598,-93.3297,Mason City,1
MCX,42.8168,47.6523,Makhachkala,1
MCY,-26.5933,153.0832,Maroochydore,1
MCZ,-9.5126,-35.7918,Maceió,1
MDC,1.5486,124.9262,Manado,1
MDE,6.1645,-75.4231,Medellín,1
MDG,44.5252,129.5686,Mudanjiang,1
MDH,37.7781,-89.2520,Murphysboro,0
MDI,7.7039,8.6139,Makurdi,1
MDK,0.0226,18.2887,Mbandaka,1
MDL,21.7022,95.9779,Mandalay,1
MDQ,-37.9342,-57.5733,Mar del Plata,1
MDT,40.1928,-76.7623,Harrisburg,1
MDU,-6.1477,143.6570,Mendi,1
MDW,41.7860,-87.7524,Chicago,1
MDY,28.2017,-177.3810,Sand Island,0
MDZ,-32.8317,-68.7929,Mendoza,1
MEA,-22.3430,-41.7660,Macaé,0
MEB,-37.7281,144.9020,Essendon Fields,1
MEC,-0.9461,-80.6788,Manta,1
MED,24.5534,39.7051,Medina,1
MEE,-21.4824,168.0385,Maré,1
MEG,-9.5251,16.3124,Malanje,1
MEH,71.0297,27.8267,Mehamn,1
MEI,32.3326,-88.7519,Meridian,1
MEK,33.8791,-5.5151,Meknes,0
MEL,-37.6707,144.8379,Melbourne,1
MEM,35.0438,-89.9763,Memphis,1
MEN,44.5021,3.5328,Mende/Brénoux,0
MEQ,4.0410,96.2533,Kuala Pesisir,1
MER,37.3805,-120.5680,Merced,0
MES,3.5584,98.6723,Medan,0
MEU,-0.8898,-52.6022,Almeirim,0
MEX,19.4358,-99.0703,Mexico City,1
MFD,40.8214,-82.5166,Mansfield,0
MFE,26.1761,-98.2380,McAllen,1
MFH,36.8331,-114.0559,Mesquite,0
MFK,26.2241,120.0027,Matsu (Beigan),1
MFM,22.1496,113.5920,Nossa Senhora do Carmo,1
MFQ,13.5025,7.1268,Maradi,0
MFR,42.3742,-122.8730,Medford,1
MFU,-13.2589,31.9366,Mfuwe,1
MGA,12.1415,-86.1682,Managua,1
MGB,-37.7444,140.7806,Mount Gambier,1
MGC,41.7033,-86.8212,Michigan City,1
MGE,33.9154,-84.5163,Marietta,0
MGF,-23.4761,-52.0162,Maringá,1
MGH,-30.8574,30.3430,Margate,1
MGL,51.2303,6.5044,Mönchengladbach,0
MGM,32.3006,-86.3940,Montgomery,1
MGN,9.2847,-74.8461,Magangué,0
MGQ,2.0144,45.3047,Mogadishu,1
MGW,39.6433,-79.9176,Morgantown,1
MGZ,12.4398,98.6215,Mkeik,1
MHD,36.2348,59.6429,Mashhad,1
MHG,49.4731,8.5142,Mannheim,1
MHH,26.5107,-77.0843,Marsh Harbour,1
MHK,39.1410,-96.6708,Manhattan,1
MHQ,60.1222,19.8982,Mariehamn,1
MHR,38.5547,-121.2980,Sacramento,0
MHT,42.9326,-71.4357,Manchester,1
MHU,-37.0475,147.3340,Mount Hotham,1
MHV,35.0564,-118.1453,Mojave,0
MHZ,52.3619,0.4864,"Bury Saint Edmunds, Suffolk",0
MIA,25.7960,-80.2898,Miami,1
MIB,48.4156,-101.3580,Minot,0
MID,20.9305,-89.6455,Mérida,1
MIE,40.2423,-85.3959,Muncie,0
MIG,31.4281,104.7410,Mianyang (Fucheng),1
MII,-22.1969,-49.9265,Marília,1
MIK,61.6866,27.2018,Mikkeli,0
MIM,-36.9086,149.9010,Merimbula,1
MIR,35.7581,10.7547,Monastir,1
MIU,11.8542,13.0807,Maiduguri,1
MIV,39.3678,-75.0722,Millville,0
MJC,7.2721,-7.5874,Man Airport,0
MJD,27.3352,68.1431,Moenjodaro,0
MJF,65.7840,13.2149,Mosjøen,1
MJI,32.8918,13.2879,Tripoli,1
MJK,-25.8973,113.5758,Denham,1
MJL,-1.8451,11.0567,Mouila,0
MJM,-6.1212,23.5690,Mbuji Mayi,1
MJN,-15.6668,46.3512,Mahajanga,1
MJT,39.0574,26.5986,Mytilene,1
MJZ,62.5347,114.0390,Mirny,1
MKC,39.1232,-94.5928,Kansas City,0
MKE,42.9472,-87.8966,Milwaukee,1
MKG,43.1695,-86.2382,Muskegon,1
MKK,21.1529,-157.0960,Kaunakakai,1
MKL,35.5999,-88.9156,Jackson,1
MKM,2.8819,112.0433,Mukah,1
MKP,-16.5839,-143.6580,Makemo,1
MKQ,-8.5239,140.4197,Merauke,1
MKR,-26.6117,118.5480,Meekatharra Airport,1
MKU,0.5792,12.8909,Makokou,1
MKW,-0.8918,134.0490,Manokwari,1
MKY,-21.1708,149.1826,Mackay,1
MKZ,2.2656,102.2528,Malacca,1
MLA,35.8459,14.4915,Valletta,1
MLB,28.1020,-80.6411,Melbourne,1
MLC,34.8824,-95.7835,Mc Alester,0
MLE,4.1918,73.5291,Malé,1
MLG,-7.9291,112.7142,Malang,1
MLI,41.4485,-90.5075,Moline,1
MLM,19.8499,-101.0250,Morelia,1
MLN,35.2798,-2.9563,Melilla,1
MLS,46.4273,-105.8854,Miles City,0
MLU,32.5109,-92.0377,Monroe,1
MLW,6.2891,-10.7587,Monrovia,1
MLX,38.4353,38.0910,Malatya,1
MMB,43.8806,144.1640,Ōzora,1
MMD,25.8465,131.2630,Minamidaito,1
MME,54.5092,-1.4294,"Darlington, Durham",1
MMG,-28.1161,117.8420,Mount Magnet Airport,1
MMH,37.6254,-118.8431,Mammoth Lakes,1
MMJ,36.1668,137.9230,Matsumoto,1
MMK,68.7817,32.7508,Murmansk,1
MMO,15.1559,-23.2137,Vila do Maio,1
MMT,33.9208,-80.8013,Eastover,0
MMU,40.7991,-74.4149,Morristown,0
MMX,55.5356,13.3763,Malmö,1
MMY,24.7828,125.2950,Miyakojima,1
MMZ,35.9308,64.7609,Maymana,0
MNC,-14.4882,40.7122,Nacala,1
MNG,-12.0561,134.2340,Maningrida,1
MNH,23.6406,57.4875,Al Masna'ah,0
MNI,16.7918,-62.1932,Gerald's Park,1
MNJ,-21.2018,48.3583,Mananjary,1
MNL,14.5086,121.0200,Manila (Pasay),1
MNR,-15.2545,23.1623,Mongu,0
MNX,-5.8114,-61.2783,Manicoré,1
MNZ,38.7230,-77.5154,Manassas,0
MOA,20.6539,-74.9222,Moa,0
MOB,30.6912,-88.2428,Mobile,1
MOC,-16.7069,-43.8189,Montes Claros,1
MOD,37.6258,-120.9540,Modesto,0
MOE,23.0925,96.6453,Momeik Airport,0
MOG,20.5168,99.2568,Mong Hsat,1
MOL,62.7447,7.2625,Årø,1
MON,-43.7650,170.1330,Mount Cook Airport,0
MOQ,-20.2847,44.3176,Morondava,1
MOT,48.2580,-101.2791,Minot,1
MOV,-22.0578,148.0770,Moranbah,1
MOZ,-17.4898,-149.7618,Moorea-Maiao,1
MPA,-17.6343,24.1767,Mpacha,1
MPH,11.9245,121.9540,Caticlan,1
MPL,43.5762,3.9630,Montpellier/Méditerranée,1
MPM,-25.9208,32.5726,Maputo,1
MPN,-51.8226,-58.4458,Mount Pleasant,1
MPV,44.2035,-72.5623,Barre/Montpelier,0
MPW,47.0761,37.4496,Mariupol,0
MPY,3.6559,-54.0394,Maripasoula,1
MQF,53.3920,58.7552,Magnitogorsk,1
MQH,-13.5491,-48.1953,Minaçu,0
MQJ,66.4509,143.2616,Khonuu,1
MQL,-34.2292,142.0860,Mildura,1
MQM,37.2233,40.6317,Mardin,1
MQN,66.3639,14.3014,Mo i Rana,1
MQP,-25.3833,31.1053,Mbombela,1
MQQ,8.6285,16.0742,Moundou,0
MQS,12.8879,-61.1802,Lovell,1
MQT,46.3515,-87.3959,Gwinn,1
MQU,5.2126,-74.8836,Mariquita,0
MQX,13.4674,39.5335,Mekele,1
MQY,36.0090,-86.5201,Smyrna,0
MRB,39.4019,-77.9846,Martinsburg,0
MRD,8.5821,-71.1610,Mérida,0
MRE,-1.4046,35.0083,Serena,1
MRG,-17.0703,145.4242,Mareeba,0
MRI,61.2128,-149.8440,Anchorage,1
MRO,-40.9746,175.6345,Masterton,0
MRQ,13.3610,121.8260,Gasan,0
MRR,-4.3782,-79.9410,Macará,0
MRS,43.4381,5.2125,"Marignane, Bouches-du-Rhône",1
MRU,-20.4302,57.6836,Plaine Magnien,1
MRV,44.2251,43.0819,Mineralnyye Vody,1
MRW,54.6994,11.4382,Rødby,0
MRX,30.5562,49.1519,Mahshahr,1
MRY,36.5868,-121.8442,Monterey,1
MRZ,-29.4989,149.8450,Moree,1
MSH,20.6754,58.8905,Masirah,0
MSJ,40.7032,141.3680,Misawa,1
MSL,34.7451,-87.6130,Muscle Shoals,1
MSN,43.1399,-89.3375,Madison,1
MSO,46.9158,-114.0911,Missoula,1
MSP,44.8801,-93.2217,Minneapolis,1
MSQ,53.8881,28.0400,Minsk,1
MSR,38.7478,41.6612,Muş,1
MSS,44.9362,-74.8443,Massena,1
MST,50.9111,5.7694,Maastricht,1
MSU,-29.4563,27.5545,Maseru(Mazenod),1
MSW,15.6700,39.3701,Massawa,0
MSY,29.9934,-90.2647,New Orleans,1
MSZ,-15.2612,12.1468,Moçâmedes,1
MTC,42.6135,-82.8369,Mount Clemens,0
MTH,24.7260,-81.0514,Marathon,0
MTJ,38.5098,-107.8940,Montrose,1
MTN,39.3257,-76.4138,Baltimore,0
MTR,8.8237,-75.8258,Montería,1
MTS,-26.5289,31.3076,Manzini,0
MTT,18.1034,-94.5807,Cosoleacaque,1
MTY,25.7785,-100.1070,Monterrey,1
MTZ,31.3282,35.3886,Masada,0
MUA,-8.3280,157.2630,Munda,1
MUB,-19.9705,23.4314,Maun,1
MUC,48.3538,11.7861,Munich,1
MUD,-11.6729,39.5631,Mueda,0
MUE,20.0013,-155.6680,Waimea (Kamuela),1
MUH,31.3243,27.2223,Marsa Matruh,1
MUI,40.4352,-76.5687,Fort Indiantown Gap(Annville),0
MUN,9.7490,-63.1533,Maturín,1
MUO,43.0436,-115.8720,Mountain Home,0
MUR,4.1787,114.3303,Marudi,1
MUW,35.2077,0.1471,Ghriss,0
MUX,30.2032,71.4191,Multan,1
MVA,65.6558,-16.9181,Myvatn,0
MVB,-1.6562,13.4380,Franceville,1
MVD,-34.8356,-56.0265,Ciudad de la Costa,1
MVF,-5.2019,-37.3643,Mossoró,1
MVP,1.2537,-70.2339,Mitú,1
MVQ,53.9549,30.0951,Mogilev,1
MVR,10.4514,14.2574,Maroua,1
MVT,-14.8681,-148.7170,Mataiva Airport,1
MVZ,-20.0553,30.8591,Masvingo,0
MWA,37.7512,-89.0166,Marion,1
MWD,32.5631,71.5707,Mianwali,0
MWE,18.4433,31.8433,Merowe,0
MWH,47.2077,-119.3200,Moses Lake,0
MWL,32.7816,-98.0602,Mineral Wells,1
MWX,34.9914,126.3828,Muan (Piseo-ri),1
MWZ,-2.4466,32.9360,Mwanza,1
MXF,32.3829,-86.3658,Montgomery,0
MXI,6.9491,126.2737,Mati,0
MXJ,9.6522,6.4623,Minna,0
MXL,32.6306,-115.2428,Mexicali,1
MXM,-21.7538,43.3748,Morombe,0
MXN,48.6032,-3.8158,Morlaix/Ploujean,0
MXP,45.6306,8.7281,Ferno (VA),1
MXV,49.6637,100.1000,Mörön,1
MXX,60.9579,14.5114,Mora,1
MYA,-35.8978,150.1440,Moruya,1
MYC,10.2500,-67.6494,Maracay,0
MYD,-3.2293,40.1017,Malindi,1
MYE,34.0736,139.5600,Miyakejima,1
MYG,22.3795,-73.0135,Abraham Bay Settlement,1
MYJ,33.8269,132.7001,Matsuyama,1
MYL,44.8888,-116.1011,McCall,1
MYP,37.6235,61.8957,Mary,1
MYQ,12.2298,76.6537,Mysore,1
MYR,33.6797,-78.9283,Myrtle Beach,1
MYT,25.3836,97.3519,Myitkyina,1
MYU,60.3723,-166.2698,Mekoryuk,1
MYV,39.0978,-121.5700,Marysville,0
MYW,-10.3362,40.1820,Mtwara,1
MYY,4.3220,113.9870,Miri,1
MZB,-11.3618,40.3549,Mocímboa da Praia,0
MZG,23.5687,119.6280,Huxi,1
MZH,40.8294,35.5220,Amasya,1
MZI,14.5128,-4.0796,Sévaré,1
MZL,5.0296,-75.4647,Manizales,1
MZO,20.2886,-77.0875,Manzanillo,1
MZQ,-27.6261,32.0443,Mkuze,1
MZR,36.7041,67.2105,Mazar-i-Sharif,1
MZS,28.8175,78.9219,Moradabad,1
MZT,23.1628,-106.2645,Mazatlàn,1
MZU,26.1191,85.3137,Muzaffarpur,0
MZV,4.0483,114.8050,Mulu,1
MZW,33.5359,-0.2424,Mecheria,1
NAA,-30.3192,149.8270,Narrabri,1
NAG,21.0922,79.0472,Nagpur,1
NAH,3.6848,125.5272,"Tabukan Utara, Sangihe Islands",1
NAJ,39.1888,45.4584,Nakhchivan,1
NAK,14.9495,102.3130,Chaloem Phra Kiat,0
NAL,43.5129,43.6366,Nalchik,1
NAM,-3.1432,126.9765,Namniwel,1
NAN,-17.7618,177.4378,Nadi,1
NAP,40.8860,14.2908,Napoli,1
NAQ,77.4886,-69.3887,Qaanaaq,1
NAS,25.0390,-77.4662,Nassau,1
NAT,-5.7698,-35.3666,Natal,1
NAV,38.7719,34.5345,Nevşehir,1
NAW,6.5199,101.7430,Narathiwat Airport,1
NBC,55.5647,52.0925,Nizhnekamsk,1
NBE,36.0758,10.4386,Enfidha,1
NBG,29.8253,-90.0350,New Orleans,0
NBJ,-9.0507,13.4991,Luanda (Ícolo e Bengo),1
NBO,-1.3189,36.9282,Nairobi,1
NBS,42.0669,127.6022,Baishan,1
NBW,19.9065,-75.2071,Guantanamo Bay Naval Station,0
NBX,-3.3980,135.3931,Nabire,0
NCA,21.9161,-71.9430,North Caicos,1
NCE,43.6584,7.2159,"Nice, Alpes-Maritimes",1
NCL,55.0380,-1.6896,"Newcastle upon Tyne, Tyne and Wear",1
NCO,41.5971,-71.4121,North Kingstown,0
NCS,-27.7706,29.9769,Newcastle,0
NCU,42.4884,59.6233,Nukus,1
NCY,45.9289,6.0987,Annecy,1
NDB,20.9324,-17.0302,Nouadhibou,1
NDC,19.1833,77.3167,Nanded,1
NDD,-11.1679,13.8475,Sumbe,0
NDG,47.2300,123.9142,Qiqihar,1
NDJ,12.1337,15.0340,N'Djamena,1
NDR,34.9888,-3.0282,Al Aaroui,1
NDU,-17.9565,19.7194,Rundu,1
NEC,-38.4907,-58.8163,Necochea,1
NEL,40.0333,-74.3533,Lakehurst,0
NER,56.9139,124.9140,Neryungri,1
NEU,20.4184,104.0670,Sam Neua Airport,0
NEV,17.2057,-62.5899,Charlestown,1
NEW,30.0424,-90.0283,New Orleans,0
NFG,61.1083,72.6500,Nefteyugansk,0
NFL,39.4166,-118.7010,Fallon,0
NGA,-34.2556,148.2471,Young Airport,0
NGB,29.8267,121.4620,Ningbo,1
NGE,7.3570,13.5592,N'Gaoundéré,1
NGF,21.4505,-157.7680,Kaneohe,0
NGO,34.8584,136.8050,Tokoname,1
NGP,27.6926,-97.2911,Corpus Christi,0
NGQ,32.0979,80.0540,Shiquanhe,1
NGS,32.9169,129.9140,Nagasaki,1
NGU,36.9376,-76.2893,Norfolk,0
NHD,25.0268,55.3662,Dubai,0
NHK,38.2860,-76.4118,Patuxent River,0
NHT,51.5530,-0.4182,"Northolt, Greater London",0
NHV,-8.7956,-140.2290,Nuku Hiva,1
NHZ,43.8922,-69.9386,Brunswick,0
NIM,13.4815,2.1836,Niamey,1
NIP,30.2358,-81.6806,Jacksonville,0
NIT,46.3135,-0.3945,Niort/Souché,0
NJA,35.4546,139.4500,Ayase / Yamato,0
NJC,60.9493,76.4836,Nizhnevartovsk,1
NJF,31.9911,44.4050,Najaf,1
NJK,32.8292,-115.6720,El Centro,0
NKC,18.3100,-15.9697,Nouakchott,1
NKG,31.7350,118.8659,Nanjing,1
NKM,35.2558,136.9241,Nagoya,1
NKT,37.3647,42.0582,Şırnak,1
NKW,-7.3133,72.4111,Diego Garcia,0
NKX,32.8684,-117.1430,San Diego,0
NLA,-12.9651,28.5156,Ndola,1
NLC,36.3330,-119.9520,Lemoore,0
NLD,27.4439,-99.5705,Nuevo Laredo,1
NLH,27.5403,100.7593,Ninglang,1
NLI,53.1550,140.6500,Nikolayevsk-na-Amure Airport,1
NLK,-29.0418,167.9395,Burnt Pine,1
NLO,-4.3267,15.3275,N'dolo,0
NLT,43.4318,83.3786,Xinyuan,1
NLU,19.7438,-99.0151,Mexico City,1
NLV,47.0579,31.9198,Mykolaiv,0
NMA,40.9846,71.5578,Namangan,1
NMB,20.4344,72.8432,Daman,0
NMC,24.5943,-76.8202,Normans Cay,0
NMF,5.8174,73.4684,Noonu Atoll,1
NMI,18.9846,73.0653,Navi Mumbai,1
NMS,20.8905,97.7359,Namsang,0
NNA,34.2989,-6.5959,Kenitra,0
NNG,22.5981,108.1819,Nanning (Jiangnan),1
NNM,67.6400,53.1219,Naryan Mar,1
NNT,18.8079,100.7830,Nan Airport,1
NOA,-34.9466,150.5425,Nowra Hill,0
NOB,9.9765,-85.6530,Nicoya,1
NOC,53.9104,-8.8170,Charlestown,1
NOG,31.2258,-110.9769,Nogales,0
NOI,44.9629,37.9991,Krymsk,0
NOJ,63.1833,75.2700,Noyabrsk,1
NOP,42.0183,35.0718,Sinop,1
NOS,-13.3121,48.3148,Nosy Be,1
NOU,-22.0146,166.2130,Nouméa (La Tontouta),1
NOV,-12.8089,15.7605,Huambo,1
NOZ,53.8114,86.8772,Novokuznetsk,1
NPA,30.3527,-87.3186,Pensacola,0
NPE,-39.4658,176.8700,Napier,1
NPL,-39.0086,174.1790,New Plymouth,1
NPO,-0.3486,111.7462,Nanga Pinoh-Borneo Island,1
NPT,41.5322,-71.2810,Newport,1
NQA,35.3567,-89.8703,Millington,0
NQI,27.5072,-97.8097,Kingsville,0
NQN,-38.9490,-68.1557,Neuquén,1
NQT,52.9200,-1.0792,"Nottingham, Nottinghamshire",0
NQX,24.5758,-81.6889,Key West,0
NQY,50.4406,-4.9954,Newquay,1
NQZ,51.0270,71.4671,Astana,1
NRA,-34.7022,146.5120,Narrandera,1
NRB,30.3911,-81.4247,Jacksonville,0
NRK,58.5863,16.2506,Norrköping,1
NRN,51.6014,6.1412,Weeze,1
NRR,18.2473,-65.6398,Ceiba,1
NRT,35.7686,140.3887,Narita,1
NSE,30.7242,-87.0219,Milton,0
NSH,36.6643,51.4627,Nowshahr,1
NSI,3.7226,11.5533,Yaoundé,1
NSK,69.3080,87.3259,Norilsk,1
NSN,-41.2967,173.2243,Nelson,1
NST,8.5396,99.9447,Nakhon Si Thammarat,1
NTB,59.5651,9.2132,Notodden,0
NTD,34.1203,-119.1210,Point Mugu,0
NTE,47.1532,-1.6107,Nantes,1
NTG,32.0736,120.9801,Nantong (Tongzhou),1
NTL,-32.7961,151.8350,Williamtown,1
NTN,-17.6841,141.0697,Normanton,1
NTQ,37.2931,136.9620,Wajima,1
NTR,25.8656,-100.2370,Monterrey,0
NTU,36.8207,-76.0335,Virginia Beach,0
NTX,3.9087,108.3880,Ranai-Natuna Besar Island,1
NTY,-25.3338,27.1734,Pilanesberg,0
NUE,49.4987,11.0781,Nuremberg,1
NUI,70.2100,-151.0060,Nuiqsut,1
NUJ,35.2116,48.6534,Amirabad,0
NUM,27.9243,35.2936,Sharma,1
NUQ,37.4161,-122.0490,Mountain View,0
NUU,-0.2984,36.1592,Nakuru,0
NUW,48.3518,-122.6560,Oak Harbor,0
NUX,66.0694,76.5203,Novy Urengoy,1
NVA,2.9501,-75.2940,Neiva,1
NVI,40.1176,65.1727,Navoi,1
NVS,47.0029,3.1131,"Marzy, Nièvre",0
NVT,-26.8794,-48.6510,Navegantes,1
NWA,-12.2981,43.7665,Fomboni,0
NWI,52.6758,1.2828,"Norwich, Norfolk",1
NYA,62.1100,65.6150,Nyagan,1
NYG,38.5017,-77.3053,Quantico,0
NYI,7.3618,-2.3288,Sunyani,1
NYK,-0.0624,37.0413,Gathiuru,1
NYM,65.4809,72.6989,Nadym,1
NYO,58.7897,16.9115,Nyköping,1
NYT,19.6235,96.2010,Naypyitaw,1
NZC,-14.8540,-74.9615,Nazca,1
NZH,49.5667,117.3300,Manzhouli,1
NZL,47.8659,122.7687,Zhalantun,1
NZY,32.6992,-117.2150,San Diego,0
OAG,-33.3820,149.1313,Orange,0
OAI,34.9461,69.2650,Bagram,0
OAJ,34.8292,-77.6121,Richlands,1
OAK,37.7201,-122.2212,Oakland,1
OAM,-44.9700,171.0820,Oamaru Airport,0
OAX,16.9988,-96.7261,Oaxaca,1
OBF,48.0814,11.2831,Weßling,0
OBO,42.7333,143.2170,Obihiro,1
OBS,44.5444,4.3722,"Lanas, Ardèche",0
OCA,25.3254,-80.2748,Key Largo,0
OCC,-0.4629,-76.9868,Coca,1
OCE,38.3104,-75.1240,Ocean City,1
OCJ,18.4041,-76.9698,Boscobel,1
OCN,33.2179,-117.3517,Oceanside,0
OCS,0.9109,9.3303,Corisco Island,1
OCV,8.3151,-73.3583,Ocaña,0
ODB,37.8420,-4.8489,Córdoba,1
ODE,55.4753,10.3272,Odense,1
ODH,51.2341,-0.9428,"Hook, Hampshire",0
ODS,46.4272,30.6726,Odesa,0
OEC,-9.1984,124.3379,Oecussi-Ambeno,1
OER,63.4083,18.9900,Örnsköldsvik,1
OFF,41.1193,-95.9085,Omaha,0
OFK,41.9855,-97.4351,Norfolk,0
OGB,33.4568,-80.8595,Orangeburg,0
OGD,41.1959,-112.0120,Ogden,1
OGG,20.8963,-156.4318,Kahului,1
OGL,6.8059,-58.1077,Ogle,1
OGN,24.4673,122.9798,Yonaguni,1
OGS,44.6819,-75.4655,Ogdensburg,1
OGU,40.9669,38.0860,Ordu,1
OGX,31.9172,5.4128,Ouargla,1
OGZ,43.2051,44.6066,Beslan,1
OHA,-40.2060,175.3880,RNZAF Base Ohakea,0
OHD,41.1800,20.7423,Ohrid,1
OHE,52.9169,122.4228,Mohe,1
OHO,59.4101,143.0565,Okhotsk,1
OHS,24.3860,56.6254,Suhar,1
OIM,34.7820,139.3600,Izu Oshima,1
OIR,42.0717,139.4330,Okushiri Island,1
OIT,33.4794,131.7370,Oita,1
OKA,26.1924,127.6398,Naha,1
OKC,35.3934,-97.5982,Oklahoma City,1
OKD,43.1174,141.3813,Sapporo,1
OKE,27.4316,128.7056,Wadomari,1
OKI,36.1784,133.3236,Okinoshima,1
OKJ,34.7569,133.8550,Okayama,1
OKL,-4.9071,140.6277,Oksibil,1
OKN,-0.6652,13.6731,Okondja,0
OKO,35.7485,139.3480,Fussa,0
OKY,-27.4093,151.7367,Oakey Army Aviation Centre,1
OLA,63.6989,9.6040,Ørland,1
OLB,40.8990,9.5185,Olbia (SS),1
OLF,48.0945,-105.5750,Wolf Point,1
OLL,-1.2267,15.9100,Oyo,0
OLM,46.9694,-122.9030,Olympia,1
OLS,31.4177,-110.8480,Nogales,0
OLU,41.4481,-97.3402,Columbus,0
OLZ,60.4018,120.4761,Olyokminsk,1
OMA,41.3032,-95.8941,Omaha,1
OMB,-1.5747,9.2627,Omboue,0
OMC,11.0577,124.5656,Ormoc City,0
OMD,-28.5853,16.4464,Oranjemund,1
OME,64.5122,-165.4450,Nome,1
OMH,37.6681,45.0687,Urmia,1
OMN,40.0140,68.4110,Zomin,1
OMO,43.2825,17.8461,Mostar,1
OMR,47.0253,21.9025,Oradea,1
OMS,54.9631,73.3124,Omsk,1
OND,-17.8782,15.9526,Ondangwa,1
ONJ,40.1919,140.3710,Kitaakita,1
ONO,44.0198,-117.0133,Ontario,0
ONP,44.5804,-124.0580,Newport,0
ONQ,41.5064,32.0886,Zonguldak,1
ONT,34.0560,-117.6010,Ontario,1
ONX,9.3566,-79.8674,Colón,1
OOL,-28.1660,153.5066,Gold Coast,1
OOM,-36.3004,148.9724,Cooma,1
OPF,25.9070,-80.2784,Miami,1
OPO,41.2481,-8.6814,Porto,1
OPU,-8.0500,142.9330,Balimo,1
ORA,-23.1528,-64.3292,Orán,0
ORB,59.2237,15.0380,Örebro,1
ORD,41.9786,-87.9048,Chicago,1
ORF,36.8953,-76.2010,Norfolk,1
ORH,42.2673,-71.8757,Worcester,1
ORK,51.8413,-8.4911,Cork,1
ORL,28.5455,-81.3329,Orlando,0
ORN,35.6206,-0.6225,Es-Sénia,1
ORT,62.9613,-141.9290,Northway,1
ORU,-17.9562,-67.0758,Oruro,1
ORY,48.7295,2.3590,"Paris (Orly, Val-de-Marne)",1
OSD,63.1935,14.5042,Östersund,1
OSH,43.9844,-88.5570,Oshkosh,0
OSI,45.4624,18.8113,Osijek(Klisa),1
OSL,60.1939,11.1004,Oslo (Gardermoen),1
OSM,36.3058,43.1474,Mosul,0
OSN,37.0915,127.0294,Pyeongtaek,0
OSR,49.6963,18.1111,Mošnov,1
OSS,40.6090,72.7933,Osh,1
OST,51.1998,2.8747,Oostende,1
OSU,40.0798,-83.0730,Columbus,0
OSW,51.0725,58.5956,Orsk,1
OTH,43.4171,-124.2460,North Bend,1
OTI,2.0460,128.3250,Gotalalamo-Morotai Island,0
OTM,41.1064,-92.4498,Ottumwa,0
OTP,44.5718,26.1033,Otopeni,1
OTR,8.6016,-82.9688,Corredores,0
OTZ,66.8847,-162.5990,Kotzebue,1
OUA,12.3532,-1.5124,Ouagadougou,1
OUD,34.7896,-1.9260,Ahl Angad,1
OUE,1.6160,16.0379,Ouesso Airport,0
OUH,-33.6070,22.1890,Oudtshoorn,0
OUL,64.9301,25.3546,Oulu / Oulunsalo,1
OUZ,22.7573,-12.4822,Zouérate,1
OVB,55.0198,82.6187,Novosibirsk,1
OVD,43.5636,-6.0346,Ranón,1
OVS,61.3266,63.6019,Sovetskiy,1
OWB,37.7401,-87.1668,Owensboro,1
OWD,42.1905,-71.1729,Norwood,0
OXB,11.8943,-15.6536,Bissau,1
OXF,51.8369,-1.3200,"Kidlington, Oxfordshire",0
OXR,34.2008,-119.2070,Oxnard,0
OYA,-29.1058,-59.2189,Goya,0
OYE,1.5431,11.5814,Oyem,1
OYK,3.8541,-51.7971,Oiapoque,0
OYO,-38.3869,-60.3297,Tres Arroyos,0
OYP,3.8976,-51.8041,Saint-Georges-de-l'Oyapock,0
OZC,8.1785,123.8420,Ozamiz,1
OZG,30.2658,-5.8608,Zagora,1
OZH,47.8670,35.3147,Zaporizhia,0
OZP,37.1749,-5.6159,Morón,0
OZR,31.2757,-85.7134,Fort Rucker/Ozark,0
OZZ,30.9391,-6.9094,Ouarzazate,1
PAB,21.9884,82.1110,Bilaspur,1
PAC,8.9733,-79.5556,Albrook,1
PAD,51.6125,8.6175,Büren,1
PAE,47.9063,-122.2820,Everett,1
PAG,7.8256,123.4596,Pagadian,1
PAH,37.0608,-88.7738,Paducah,1
PAL,5.4836,-74.6574,La Dorada,0
PAM,30.0696,-85.5754,Panama City,0
PAN,6.7855,101.1540,Pattani Airport,0
PAO,37.4611,-122.1150,Palo Alto,0
PAP,18.5800,-72.2926,Port-au-Prince,1
PAQ,61.5949,-149.0890,Palmer,0
PAT,25.5913,85.0880,Patna,1
PAV,-9.4009,-38.2506,Paulo Afonso,1
PAX,19.9340,-72.8480,Port-de-Paix,0
PAZ,20.6027,-97.4608,Poza Rica,1
PBC,19.1585,-98.3716,Puebla,1
PBD,21.6495,69.6564,Porbandar,1
PBF,34.1741,-91.9356,Pine Bluff,0
PBG,44.6509,-73.4681,Plattsburgh,1
PBH,27.4032,89.4246,Paro,1
PBL,10.4805,-68.0730,Puerto Cabello,0
PBM,5.4528,-55.1878,Paramaribo,1
PBN,-10.7220,13.7655,Port Amboim,0
PBO,-23.1711,117.7450,Paraburdoo,1
PBR,15.7309,-88.5838,Puerto Barrios,1
PBU,27.3299,97.4263,Putao,1
PBZ,-34.0882,23.3287,Plettenberg Bay,0
PCF,-26.6710,27.0819,Potchefstroom,0
PCL,-8.3781,-74.5745,Pucallpa,1
PCP,1.6612,7.4111,São Tomé & Príncipe,1
PCR,6.1847,-67.4932,Puerto Carreño,1
PDA,3.8535,-67.9062,Puerto Inírida,1
PDG,-0.7860,100.2804,Padang (Katapiang),1
PDK,33.8763,-84.3021,Atlanta,1
PDL,37.7412,-25.6979,Ponta Delgada,1
PDO,-3.2861,103.8800,Talang Gudang-Sumatra Island,1
PDP,-34.8551,-55.0943,Punta del Este,1
PDS,28.6279,-100.5352,Piedras Negras,1
PDT,45.6951,-118.8410,Pendleton,1
PDU,-32.3633,-58.0619,Paysandú,0
PDV,42.0678,24.8508,Plovdiv,1
PDX,45.5887,-122.5980,Portland,1
PED,50.0150,15.7398,Pardubice,1
PEE,57.9145,56.0212,Perm,1
PEG,43.0959,12.5132,Perugia (PG),1
PEH,-35.8446,-61.8576,Pehuajó,0
PEI,4.8127,-75.7395,Pereira,1
PEK,40.0773,116.5967,Beijing,1
PEM,-12.6136,-69.2286,Puerto Maldonado,1
PEN,5.2963,100.2762,Penang,1
PER,-31.9403,115.9670,Perth,1
PES,61.8852,34.1547,Petrozavodsk,1
PET,-31.7172,-52.3278,Pelotas,1
PEV,45.9889,18.2420,Pécs,1
PEW,33.9939,71.5146,Peshawar,1
PEX,65.1211,57.1308,Pechora,1
PEZ,53.1106,45.0211,Penza,1
PFB,-28.2440,-52.3278,Passo Fundo,1
PFO,34.7180,32.4857,Paphos,1
PGA,36.9242,-111.4477,Page,1
PGD,26.9202,-81.9905,Punta Gorda,1
PGF,42.7404,2.8707,Perpignan/Rivesaltes,1
PGH,29.0334,79.4737,Pantnagar,1
PGK,-2.1622,106.1390,Pangkal Pinang,1
PGU,27.3796,52.7377,Khiyaroo,1
PGV,35.6355,-77.3843,Greenville,1
PGX,45.1981,0.8156,Périgueux/Bassillac,0
PGZ,-25.1845,-50.1438,Ponta Grossa,1
PHB,-2.8937,-41.7320,Parnaíba,1
PHC,5.0155,6.9496,Port Harcourt,1
PHE,-20.3828,118.6298,Port Hedland,1
PHF,37.1319,-76.4930,Newport News,1
PHG,4.8461,7.0214,Port Harcourt,1
PHH,28.1838,84.0147,Pokhara,1
PHL,39.8719,-75.2411,Philadelphia,1
PHS,16.7829,100.2790,Phitsanulok,1
PHW,-23.9372,31.1554,Phalaborwa,1
PHX,33.4353,-112.0059,Phoenix,1
PHY,16.6760,101.1950,Phetchabun Airport,1
PIA,40.6638,-89.6926,Peoria,1
PIB,31.4671,-89.3371,Moselle,1
PIE,27.9102,-82.6874,Pinellas Park,1
PIH,42.9098,-112.5960,Pocatello,1
PIK,55.5015,-4.5772,"Prestwick, South Ayrshire",1
PIL,-26.8820,-58.3191,Pilar,0
PIO,-13.7449,-76.2203,Pisco,0
PIR,44.3827,-100.2860,Pierre,1
PIS,46.5877,0.3067,Poitiers/Biard,1
PIT,40.4915,-80.2329,Pittsburgh,1
PIU,-5.2058,-80.6164,Piura,1
PIW,55.5889,-97.1642,Pikwitonei,0
PIX,38.5543,-28.4413,Pico Island,1
PIZ,69.7329,-163.0050,Point Lay,1
PJC,-22.6414,-55.8300,Pedro Juan Caballero,0
PJG,26.9545,64.1325,Panjgur,0
PJM,8.5333,-83.3000,Puerto Jimenez,1
PKB,39.3451,-81.4392,Parkersburg (Williamstown),1
PKC,53.1687,158.4511,Petropavlovsk-Kamchatsky,1
PKE,-33.1314,148.2390,Parkes,1
PKR,28.2006,83.9812,Pokhara,1
PKT,-14.2497,129.5295,Wadeye,0
PKU,0.4586,101.4443,Pekanbaru,1
PKV,57.7813,28.3938,Pskov,1
PKW,-22.0583,27.8288,Selebi Phikwe,0
PKX,39.5013,116.4140,Beijing,1
PKY,-2.2271,113.9434,Palangkaraya,1
PKZ,15.1340,105.7799,Pakse,1
PLJ,16.5370,-88.3615,Placencia,1
PLL,-3.1460,-59.9863,Manaus,0
PLM,-2.8977,104.6981,Palembang,1
PLN,45.5709,-84.7967,Pellston,1
PLO,-34.6053,135.8800,Port Lincoln,1
PLQ,55.9732,21.0939,Palanga,1
PLS,21.7737,-72.2683,Providenciales,1
PLU,-19.8507,-43.9503,Belo Horizonte,0
PLV,49.5686,34.3972,Poltava,0
PLW,-0.9165,119.9086,Palu,1
PLX,50.3513,80.2344,Semey,1
PLZ,-33.9897,25.6174,Gqeberha (Port Elizabeth),1
PMA,-5.2573,39.8114,Chake Chake,0
PMC,-41.4431,-73.0941,Puerto Montt,1
PMD,34.6294,-118.0850,Palmdale,0
PMF,44.8264,10.2971,Parma (PR),1
PMG,-22.5496,-55.7026,Ponta Porã,1
PMI,39.5517,2.7388,Palma de Mallorca,1
PMO,38.1760,13.0910,Palermo,1
PMQ,-46.5379,-70.9787,Perito Moreno,1
PMR,-40.3206,175.6170,Palmerston North,1
PMS,34.5574,38.3169,Tadmur,0
PMV,10.9126,-63.9666,Isla Margarita,1
PMW,-10.2915,-48.3570,Palmas,1
PMY,-42.7592,-65.1027,Puerto Madryn,1
PMZ,8.9510,-83.4686,Palmar Sur,0
PNA,42.7700,-1.6463,Pamplona,1
PNB,-10.7194,-48.3997,Porto Nacional,0
PNC,36.7320,-97.0998,Ponca City,0
PNE,40.0824,-75.0106,Philadelphia,0
PNH,11.5472,104.8447,Phnom Penh (Pou Senchey),0
PNI,6.9851,158.2099,Pohnpei Island,1
PNK,-0.1523,109.4045,Pontianak,1
PNL,36.8165,11.9689,Pantelleria (TP),1
PNP,-8.8045,148.3090,Popondetta,1
PNQ,18.5821,73.9197,Pune,1
PNR,-4.8160,11.8866,Pointe Noire,1
PNS,30.4727,-87.1866,Pensacola,1
PNT,-51.6707,-72.5291,Puerto Natales,1
PNV,55.7294,24.4608,Panevėžys,0
PNX,33.7141,-96.6737,Denison,0
PNY,11.9680,79.8120,Puducherry (Pondicherry),1
PNZ,-9.3624,-40.5691,Petrolina,1
POA,-29.9940,-51.1675,Porto Alegre,1
POB,35.1709,-79.0145,Fort Bragg,0
POE,31.0448,-93.1917,Fort Polk,0
POG,-0.7117,8.7544,Port Gentil,1
POI,-19.5433,-65.7237,Potosí,0
POL,-12.9933,40.5249,Pemba,1
POM,-9.4434,147.2200,Port Moresby,1
POO,-21.8425,-46.5698,Poços De Caldas,0
POP,19.7579,-70.5700,Puerto Plata,1
POR,61.4617,21.8000,Pori,1
POS,10.5953,-61.3376,Port of Spain,1
POT,18.1988,-76.5345,Ken Jones,0
POU,41.6266,-73.8842,Poughkeepsie,0
POW,45.4720,13.6160,Sečovlje,0
POX,49.0961,2.0355,"Cormeilles-en-Vexin, Val-d'Oise",0
POZ,52.4216,16.8234,Poznań,1
PPB,-22.1751,-51.4246,Presidente Prudente,1
PPG,-14.3310,-170.7100,Pago Pago,1
PPI,-33.2389,137.9950,Port Pirie Airport,0
PPK,54.7756,69.1874,Petropavl,1
PPN,2.4544,-76.6093,Popayán,1
PPP,-20.4944,148.5536,Proserpine,1
PPQ,-40.9047,174.9890,Paraparaumu Airport,0
PPS,9.7420,118.7591,Puerto Princesa,1
PPT,-17.5535,-149.6069,Papeete,1
PQC,10.1698,103.9935,Phu Quoc Island,1
PQI,46.6890,-68.0448,Presque Isle,1
PQQ,-31.4358,152.8630,Port Macquarie,1
PRA,-31.7948,-60.4804,Parana,1
PRB,35.6729,-120.6270,Paso Robles,0
PRC,34.6535,-112.4199,Prescott,1
PRG,50.1009,14.2599,Prague,1
PRH,18.1322,100.1650,Phrae Airport,0
PRI,-4.3193,55.6916,Praslin Island,1
PRM,37.1493,-8.5840,Portimão,1
PRN,42.5728,21.0358,Prishtina,1
PRV,49.4258,17.4047,Přerov,0
PRX,33.6366,-95.4508,Paris,0
PRY,-25.6539,28.2242,Pretoria,0
PSA,43.6839,10.3927,Pisa (PI),1
PSC,46.2647,-119.1190,Pasco,1
PSD,31.2793,32.2406,Port Said,1
PSE,18.0083,-66.5630,Ponce,1
PSG,56.8017,-132.9450,Petersburg,1
PSI,25.2905,63.3451,Pasni,0
PSJ,-1.4141,120.6592,Poso-Celebes Island,0
PSM,43.0779,-70.8233,Portsmouth,1
PSO,1.3967,-77.2909,Chachagüí,1
PSP,33.8297,-116.5070,Palm Springs,1
PSR,42.4311,14.1830,Pescara,1
PSS,-27.3858,-55.9707,Posadas,1
PSU,0.8346,112.9402,Putussibau-Borneo Island,1
PSZ,-18.9753,-57.8206,Puerto Suárez,1
PTG,-23.8453,29.4586,Polokwane,1
PTH,56.9579,-158.6302,Port Heiden,1
PTJ,-38.3181,141.4710,Portland Airport,1
PTK,42.6655,-83.4201,Pontiac,0
PTM,7.5755,-70.1744,Palmarito,0
PTP,16.2654,-61.5328,Pointe-à-Pitre,1
PTU,59.0177,-161.8279,Platinum,1
PTX,1.8578,-76.0857,Pitalito,0
PTY,9.0714,-79.3835,Tocumen,1
PUB,38.2891,-104.4970,Pueblo,1
PUD,-47.7353,-65.9041,Puerto Deseado,1
PUF,43.3800,-0.4186,Pau/Pyrénées (Uzein),1
PUG,-32.5069,137.7170,Port Augusta Airport,1
PUJ,18.5671,-68.3646,Punta Cana,1
PUQ,-53.0026,-70.8546,Punta Arenas,1
PUS,35.1795,128.9380,Busan,1
PUT,14.1493,77.7911,Puttaparthi,0
PUU,0.5052,-76.5008,Puerto Asís,1
PUW,46.7416,-117.1116,Pullman,1
PUY,44.8935,13.9222,Pula,1
PUZ,14.0472,-83.3867,Puerto Cabezas,1
PVA,13.3575,-81.3580,Providencia,1
PVD,41.7250,-71.4257,Providence/Warwick,1
PVG,31.1434,121.8050,Shanghai (Pudong),1
PVH,-8.7085,-63.9023,Porto Velho,1
PVK,38.9255,20.7653,Preveza,1
PVO,-1.0416,-80.4722,Portoviejo,0
PVR,20.6799,-105.2544,Puerto Vallarta,1
PVS,64.3781,-173.2430,Chukotka,0
PVU,40.2189,-111.7224,Provo,1
PWE,69.7833,170.5970,Apapelgino,1
PWK,42.1142,-87.9015,Chicago/Prospect Heights/Wheeling,0
PWM,43.6462,-70.3093,Portland,1
PWQ,52.1950,77.0731,Pavlodar,1
PWT,47.4902,-122.7650,Bremerton,0
PWY,42.7955,-109.8070,Pinedale,0
PXM,15.8768,-97.0891,Puerto Escondido,1
PXO,33.0734,-16.3500,Vila Baleira,1
PXR,14.8683,103.4980,Surin,1
PXU,14.0045,108.0170,Pleiku,1
PYH,5.6200,-67.6061,Puerto Ayacucho,0
PYJ,66.4004,112.0300,Yakutia,1
PYK,35.7761,50.8267,Karaj,1
PYR,37.9207,21.2926,Andravida,0
PZA,5.8761,-71.8867,Paz de Ariporo,0
PZB,-29.6490,30.3987,Pietermaritzburg,1
PZH,31.3584,69.4636,Fort Sandeman,1
PZI,26.5400,101.7985,Panzhihua (Renhe),1
PZO,8.2885,-62.7604,Guyana City,1
PZS,-38.7668,-72.6371,Temuco,0
PZU,19.4346,37.2341,Port Sudan,1
PZY,48.6252,17.8284,Piešťany,0
QBC,52.3875,-126.5960,Bella Coola,1
QCY,53.0930,-0.1660,"Lincoln, Lincolnshire",0
QGU,35.3941,136.8700,Gifu,0
QHR,8.7163,39.0059,Debre Zeyit,0
QMJ,32.0017,49.2686,Masjed Soleyman,0
QNS,-29.9459,-51.1444,Porto Alegre,0
QOW,5.4271,7.2060,Owerri,1
QPG,1.3604,103.9100,Paya Lebar,0
QRA,-26.2425,28.1512,Johannesburg,0
QRM,-32.2147,148.2250,Narromine Airport,0
QRO,20.6188,-100.1864,Querétaro,1
QRW,5.5982,5.8187,Okpe,1
QSF,36.1785,5.3299,Sétif,1
QSR,40.6204,14.9113,Salerno,1
QSZ,38.2454,77.0561,Shache,1
QUO,4.8725,8.0930,Uyo,1
RAB,-4.3405,152.3800,Kokopo,1
RAE,30.9066,41.1382,Arar,1
RAH,29.6264,43.4906,Rafha,1
RAI,14.9411,-23.4847,Praia,1
RAJ,22.3092,70.7795,Rajkot,0
RAK,31.6048,-8.0358,Marrakesh,1
RAL,33.9519,-117.4450,Riverside,0
RAO,-21.1343,-47.7741,Ribeirão Preto,1
RAP,44.0453,-103.0570,Rapid City,1
RAR,-21.2027,-159.8060,Avarua,1
RAS,37.3233,49.6178,Rasht,1
RAZ,33.8497,73.7981,Rawalakot,0
RBA,34.0515,-6.7515,Rabat,1
RBE,13.7300,106.9870,Ratanakiri,0
RBL,40.1507,-122.2520,Red Bluff,0
RBR,-9.8690,-67.8940,Rio Branco,1
RBY,64.7272,-155.4700,Ruby,1
RCA,44.1450,-103.1040,Rapid City,0
RCB,-28.7410,32.0921,Richards Bay,1
RCH,11.5262,-72.9260,Riohacha,1
RCO,45.8878,-0.9831,Rochefort/Saint-Agnant,0
RCQ,-29.2103,-59.6833,Reconquista,0
RCU,-33.0851,-64.2613,Rio Cuarto,0
RDD,40.5090,-122.2930,Redding,1
RDG,40.3785,-75.9652,Reading,0
RDL,30.4107,33.1553,El Hassana,0
RDM,44.2541,-121.1500,Redmond,1
RDO,51.3894,21.2147,Radom,1
RDP,23.6225,87.2430,Durgapur,1
RDR,47.9611,-97.4012,Grand Forks,0
RDS,-37.3906,-68.9042,Rincon de los Sauces,0
RDU,35.8787,-78.7873,Raleigh/Durham,1
RDZ,44.4079,2.4827,Rodez/Marcillac,1
REA,-18.4665,-136.4385,Reao,0
REC,-8.1275,-34.9230,Recife,1
REG,38.0712,15.6516,Reggio Calabria,1
REL,-43.2105,-65.2703,Rawson,1
REN,51.7927,55.4572,Orenburg,1
RER,14.5214,-91.6970,Retalhuleu,1
RES,-27.4499,-59.0561,Resistencia,1
REU,41.1475,1.1684,Reus,1
REW,24.5034,81.2203,Rewa,1
REX,26.0089,-98.2285,Reynosa,1
RFD,42.1954,-89.0972,Chicago/Rockford,1
RFP,-16.7229,-151.4660,Uturoa,1
RGA,-53.7777,-67.7494,Rio Grande,1
RGI,-14.9543,-147.6610,Rangiroa Airport,1
RGK,51.9692,85.8365,Gorno-Altaysk,0
RGL,-51.6088,-69.3089,Rio Gallegos,1
RGN,16.9073,96.1332,Yangon,1
RGO,41.4285,129.6476,Hoemun-ri,1
RGS,42.3576,-3.6208,Burgos,0
RGT,-0.3528,102.3350,Rengat-Sumatra Island,0
RHD,-27.4966,-64.9360,Termas de Río Hondo,1
RHI,45.6312,-89.4675,Rhinelander,1
RHO,36.4054,28.0862,Rhodes,1
RIA,-29.7114,-53.6882,Santa Maria,1
RIB,-11.0094,-66.0755,Riberalta,1
RIC,37.5052,-77.3197,Richmond,1
RIJ,-6.0679,-77.1600,Rioja,0
RIL,39.5263,-107.7270,Rifle,0
RIS,45.2420,141.1860,Rishiri,1
RIV,33.8807,-117.2590,Riverside,0
RIW,43.0642,-108.4600,Riverton,1
RIX,56.9208,23.9707,Riga,1
RIY,14.6622,49.3753,Mukalla(Riyan),1
RIZ,35.4050,119.3244,Rizhao (Donggang),1
RJA,17.1058,81.8132,Madhurapudi,1
RJH,24.4372,88.6165,Rajshahi,1
RJK,45.2164,14.5709,Rijeka(Omišalj),1
RJL,42.4610,-2.3222,Logroño,1
RJN,30.2983,56.0490,Rafsanjan,1
RKD,44.0601,-69.0992,Rockland,1
RKE,55.5856,12.1314,Roskilde,1
RKS,41.5942,-109.0650,Rock Springs,1
RKT,25.6135,55.9388,Ras Al Khaimah,1
RKV,64.1287,-21.9376,Reykjavík,1
RKZ,29.3509,89.2992,Xigazê (Samzhubzê),1
RLG,53.9182,12.2783,Laage,1
RLK,40.9264,107.7409,Bayannur,1
RMA,-26.5450,148.7750,Roma,1
RME,43.2338,-75.4070,Rome,0
RMF,25.5555,34.5924,Marsa Alam,1
RMG,34.3506,-85.1580,Rome,0
RMI,44.0200,12.6122,Rimini (RN),1
RMK,-34.1964,140.6740,Renmark Airport,0
RML,6.8216,79.8859,Colombo,1
RMO,46.9277,28.9317,Chişinău,1
RMQ,24.2647,120.6210,Taichung (Qingshui),1
RMS,49.4369,7.6003,Ramstein-Miesenbach,0
RMU,37.8029,-1.1249,Corvera,1
RMZ,58.0597,68.3480,Tobolsk,1
RNB,56.2667,15.2650,Ronneby,1
RND,29.5297,-98.2789,Universal City,0
RNE,46.0538,3.9990,Saint-Léger-sur-Roanne,0
RNH,45.1483,-92.5381,New Richmond,0
RNJ,27.0438,128.4016,Yoron,1
RNN,55.0633,14.7596,Rønne,1
RNO,39.4991,-119.7680,Reno,1
RNS,48.0695,-1.7348,"Saint-Jacques-de-la-Lande, Ille-et-Vilaine",1
ROA,37.3255,-79.9754,Roanoke,1
ROB,6.2338,-10.3623,Monrovia,1
ROC,43.1189,-77.6724,Rochester,1
ROD,-33.8122,19.9028,Robertson,0
ROI,16.1168,103.7740,Roi Et,1
ROK,-23.3800,150.4754,Rockhampton,1
ROO,-16.5843,-54.7248,Rondonópolis,1
ROP,14.1733,145.2411,Rota Island,1
ROR,7.3670,134.5441,Babelthuap Island,1
ROS,-32.9036,-60.7850,Rosario,1
ROT,-38.1092,176.3170,Rotorua,1
ROV,47.4939,39.9247,Rostov-on-Don,0
ROW,33.3016,-104.5310,Roswell,1
ROZ,36.6452,-6.3495,Rota,0
RPM,-14.7228,134.7470,Roper River,0
RPN,32.9810,35.5719,Rosh Pina,0
RPR,21.1804,81.7388,Raipur,1
RQA,38.9747,88.0083,Ruoqiang Town,1
RQW,35.7672,43.1251,Qayyarah,0
RQY,13.8580,75.6189,Shimoga,0
RRE,-29.6633,138.0650,Marree Airport,0
RRG,-19.7567,63.3593,Port Mathurin,1
RRJ,-22.9868,-43.3722,Rio de Janeiro,0
RRK,22.2566,84.8152,Rourkela,0
RRS,62.5784,11.3423,Røros,1
RSA,-36.5883,-64.2757,Santa Rosa,1
RSD,24.8916,-76.1776,Rock Sound,1
RSI,25.6280,37.0889,Hanak,1
RSL,38.8721,-98.8118,Russell,0
RST,43.9083,-92.5000,Rochester,1
RSU,34.8423,127.6170,Yeosu,1
RSW,26.5347,-81.7528,Fort Myers,1
RTB,16.3168,-86.5230,Coxen Hole,1
RTC,17.0136,73.3278,Ratnagiri Airport,0
RTE,-23.5091,-46.6378,São Paulo,0
RTM,51.9569,4.4372,Rotterdam,1
RUA,3.0492,30.9117,Arua,1
RUG,32.2583,120.5011,Rugao (Nantong),0
RUH,24.9576,46.6988,Riyadh,1
RUI,33.4628,-105.5350,Alto,0
RUN,-20.8901,55.5189,Sainte-Marie,1
RUR,-22.4341,-151.3610,Rurutu Airport,1
RUT,43.5294,-72.9496,Rutland,1
RUV,15.9920,-90.4453,Rubelsanto,0
RVK,64.8383,11.1461,Rørvik,1
RVN,66.5633,25.8298,Rovaniemi,1
RVS,36.0396,-95.9846,Tulsa,0
RVY,-30.9746,-55.4762,Rivera/Santana do Livramento,1
RWF,44.5472,-95.0823,Redwood Falls,0
RWI,35.8563,-77.8919,Rocky Mount,0
RWL,41.8056,-107.2000,Rawlins,0
RWN,50.6071,26.1416,Rivne,0
RXS,11.5977,122.7520,Roxas City,1
RYB,58.1042,38.9294,Rybinsk,0
RYK,28.3839,70.2796,Rahim Yar Khan,1
RYN,45.6281,-0.9725,Royan/Médis,0
RZA,-50.0165,-68.5792,Puerto Santa Cruz,0
RZE,50.1098,22.0242,Jasionka,1
RZR,36.9070,50.6873,Ramsar,1
RZV,41.1798,40.8488,Rize,1
SAB,17.6453,-63.2205,Zion's Hill,1
SAC,38.5125,-121.4930,Sacramento,0
SAF,35.6171,-106.0890,Santa Fe,1
SAG,19.6892,74.3737,Kakadi,1
SAH,15.4763,44.2197,Sanaa,1
SAI,13.3697,104.2238,Siem Reap,1
SAL,13.4445,-89.0558,San Salvador (San Luis Talpa),1
SAN,32.7336,-117.1900,San Diego,1
SAP,15.4526,-87.9236,San Pedro Sula,1
SAQ,25.0538,-78.0490,Andros Island,1
SAT,29.5337,-98.4698,San Antonio,1
SAV,32.1266,-81.2000,Savannah,1
SAW,40.8986,29.3092,"Pendik, Istanbul",1
SBA,34.4262,-119.8400,Santa Barbara,1
SBD,34.0967,-117.2366,San Bernardino,1
SBH,17.9044,-62.8433,Gustavia,1
SBK,48.5386,-2.8535,"Trémuson, Côtes-d'Armor",0
SBL,-13.7622,-65.4352,Santa Ana del Yacuma,0
SBN,41.7083,-86.3169,South Bend,1
SBP,35.2368,-120.6420,San Luis Obispo,1
SBT,71.2192,72.0522,Sabetta,1
SBU,-29.6893,17.9396,Springbok,0
SBW,2.2616,111.9850,Sibu,1
SBY,38.3405,-75.5103,Salisbury,1
SBZ,45.7858,24.0867,Sibiu,1
SCC,70.1947,-148.4650,Deadhorse,1
SCE,40.8494,-77.8485,State College,1
SCH,42.8525,-73.9289,Schenectady,0
SCI,7.8014,-72.2028,San Cristóbal,0
SCK,37.8933,-121.2381,Stockton,1
SCL,-33.3930,-70.7858,Santiago,1
SCN,49.2145,7.1097,Saarbrücken,1
SCO,43.8601,51.0909,Aktau,1
SCQ,42.8963,-8.4151,Santiago de Compostela,1
SCR,61.1651,12.8335,Malung-Sälen,1
SCT,12.6321,53.9062,Mori,1
SCU,19.9747,-75.8355,Santiago,1
SCV,47.6875,26.3541,Suceava,1
SCW,61.6470,50.8451,Syktyvkar,1
SDB,-32.9689,18.1603,Langebaanweg,0
SDD,-14.9248,13.5767,Lubango,1
SDE,-27.7656,-64.3100,Santiago del Estero,1
SDF,38.1706,-85.7351,Louisville,1
SDG,35.2459,47.0092,Sanandaj Airport,1
SDJ,38.1397,140.9170,Natori,1
SDK,5.9009,118.0590,Sandakan,1
SDL,62.5281,17.4439,Sundsvall/ Härnösand,1
SDM,32.5726,-116.9800,San Diego,0
SDP,55.3139,-160.5221,Sand Point,1
SDQ,18.4297,-69.6689,Santo Domingo,1
SDR,43.4271,-3.8200,Santander,1
SDS,38.0602,138.4140,Sado,1
SDT,34.8136,72.3528,Saidu Sharif,0
SDU,-22.9104,-43.1628,Rio de Janeiro,1
SDW,16.0026,73.5298,Chipi,1
SDY,47.7051,-104.1944,Sidney,1
SEA,47.4479,-122.3103,Seattle,1
SEB,26.9925,14.4662,Sabha,1
SEK,67.4805,153.7364,Srednekolymsk,1
SEN,51.5706,0.6936,"Southend-on-Sea, Essex",1
SES,66.8400,88.4033,Svetlogorsk,0
SEZ,-4.6743,55.5218,Victoria,1
SFA,34.7180,10.6910,Sfax,1
SFB,28.7743,-81.2346,Orlando,1
SFD,7.8833,-67.4440,San Fernando de Apure,0
SFE,16.5956,120.3030,San Fernando,0
SFF,47.6829,-117.3219,Spokane,0
SFG,18.1001,-63.0474,Grand Case,1
SFJ,67.0104,-50.7153,Kangerlussuaq,1
SFN,-31.7117,-60.8117,Santa Fe,1
SFO,37.6198,-122.3748,San Francisco,1
SFS,14.7948,120.2719,Olongapo,1
SFT,64.6248,21.0769,Skellefteå,1
SGC,61.3405,73.4058,Surgut,1
SGD,54.9644,9.7917,Sønderborg,1
SGE,50.7077,8.0830,Burbach,0
SGF,37.2450,-93.3886,Springfield,1
SGH,39.8403,-83.8402,Springfield,0
SGI,32.0486,72.6650,Sargodha,0
SGL,14.4954,120.9040,Cavite,0
SGN,10.8188,106.6520,Ho Chi Minh City,1
SGR,29.6223,-95.6565,Houston,0
SGU,37.0364,-113.5103,St George,1
SGZ,7.1866,100.6080,Songkhla Airport,0
SHA,31.1981,121.3343,Shanghai (Minhang),1
SHB,43.5775,144.9600,Nakashibetsu,1
SHD,38.2638,-78.8964,Weyers Cave,1
SHE,41.6398,123.4837,Shenyang,1
SHI,24.8267,125.1450,Miyakojima,1
SHJ,25.3286,55.5172,Sharjah,1
SHL,25.7036,91.9787,Shillong,1
SHM,33.6622,135.3640,Shirahama,1
SHO,-26.3586,31.7169,Mpaka,1
SHR,44.7692,-106.9800,Sheridan,1
SHS,30.2928,112.4485,Jingzhou (Shashi),1
SHT,-36.4283,145.3915,Shepparton Airport,0
SHV,32.4447,-93.8267,Shreveport,1
SHW,17.4669,47.1214,Sharurah,1
SIA,34.3767,109.1200,Xi'an (Baqiao),0
SID,16.7414,-22.9494,Espargos,1
SIG,18.4568,-66.0981,San Juan,1
SIJ,66.1378,-18.9082,Siglufjörður,0
SIN,1.3502,103.9940,Singapore,1
SIO,-40.8350,145.0840,Smithton Airport,0
SIP,45.0522,33.9751,Simferopol,0
SIR,46.2192,7.3269,Sion,0
SIS,-27.6486,22.9993,Sishen,1
SIT,57.0471,-135.3620,Sitka,1
SJC,37.3625,-121.9292,San Jose,1
SJD,23.1519,-109.7207,San José del Cabo,1
SJE,2.5797,-72.6394,San José Del Guaviare,1
SJI,12.3615,121.0470,San Jose,1
SJJ,43.8246,18.3315,Sarajevo,1
SJK,-23.2292,-45.8615,São José Dos Campos,1
SJL,-0.1484,-66.9855,São Gabriel da Cachoeira,1
SJO,9.9939,-84.2088,San José (Alajuela),1
SJP,-20.8171,-49.4070,São José do Rio Preto,1
SJT,31.3577,-100.4960,San Angelo,1
SJU,18.4394,-66.0018,San Juan,1
SJW,38.2807,114.6970,Shijiazhuang,1
SJX,18.3561,-88.1308,Sartaneja,0
SJY,62.6921,22.8323,Seinäjoki / Ilmajoki,0
SJZ,38.6655,-28.1758,Velas,1
SKA,47.6151,-117.6560,Spokane,0
SKB,17.3108,-62.7191,Basseterre,1
SKD,39.7018,66.9815,Samarkand,1
SKF,29.3842,-98.5811,San Antonio,0
SKG,40.5193,22.9700,Thessaloniki,1
SKN,68.5788,15.0334,Hadsel,1
SKO,12.9157,5.2075,Sokoto,1
SKP,41.9581,21.6226,Ilinden,1
SKS,55.2210,9.2670,Vojens,0
SKT,32.5359,74.3646,Sialkot,1
SKV,28.6843,34.0644,Saint Catherine,0
SKX,54.1251,45.2123,Saransk,1
SKZ,27.7220,68.7917,Sukkur,1
SLA,-24.8560,-65.4862,Salta,1
SLC,40.7889,-111.9799,Salt Lake City,1
SLD,48.6378,19.1341,Sliač,1
SLE,44.9095,-123.0030,Salem,1
SLK,44.3869,-74.2046,Saranac Lake,1
SLL,17.0387,54.0913,Salalah,1
SLM,40.9521,-5.5020,Salamanca,1
SLN,38.7910,-97.6522,Salina,1
SLP,22.2620,-100.9357,San Luis Potosí,1
SLU,14.0202,-60.9929,Castries,1
SLW,25.5379,-100.9283,Saltillo,1
SLY,66.5908,66.6110,Salekhard,1
SLZ,-2.5864,-44.2350,São Luís,1
SMA,36.9714,-25.1706,Vila do Porto,1
SME,37.0534,-84.6159,Somerset,0
SMF,38.6954,-121.5910,Sacramento,1
SMI,37.6900,26.9117,Samos Island,1
SML,23.5823,-75.2686,Stella Maris,1
SMN,45.1222,-113.8820,Salmon,1
SMO,34.0158,-118.4510,Santa Monica,0
SMR,11.1196,-74.2306,Santa Marta,1
SMS,-17.0939,49.8158,Vohilava,1
SMV,46.5341,9.8841,Samedan,0
SMW,26.7320,-11.6837,Smara,1
SMX,34.8989,-120.4570,Santa Maria,1
SNA,33.6751,-117.8693,Santa Ana,1
SNB,-11.4177,130.6485,Milikapiti,1
SNC,-2.2101,-80.9851,Salinas/La Libertad,1
SNE,16.5889,-24.2841,Preguiça,1
SNF,10.2787,-68.7552,San Felipe,0
SNI,5.0321,-9.0642,Greenville,0
SNJ,22.1005,-84.1574,Sandino,0
SNN,52.7020,-8.9248,Shannon,1
SNO,17.1951,104.1190,Sakon Nakhon Airport,1
SNP,57.1663,-170.2226,St Paul Island,1
SNR,47.3114,-2.1526,Saint-Nazaire/Montoir,0
SNS,36.6628,-121.6060,Salinas,0
SNU,22.4922,-79.9431,Santa Clara,1
SNV,4.5547,-61.1452,Santa Elena de Uairén,1
SNW,18.4607,94.3001,Thandwe,1
SNY,41.1013,-102.9850,Sidney,0
SNZ,-22.9324,-43.7191,Rio de Janeiro,0
SOB,46.6864,17.1591,Sármellék,1
SOC,-7.5160,110.7575,Surakarta,1
SOF,42.6964,23.4177,Sofia,1
SOJ,69.7868,20.9594,Sørkjosen,1
SOM,8.9451,-64.1511,El Tigre,1
SON,-15.5050,167.2200,Luganville,1
SOO,61.2615,17.0991,Söderhamn,0
SOQ,-0.8940,131.2870,Sorong,1
SOT,67.3950,26.6191,Sodankyla,0
SOU,50.9503,-1.3568,Southampton,1
SOW,34.2641,-110.0071,Show Low,1
SOZ,41.9244,9.4060,Solenzara,0
SPC,28.6265,-17.7556,"Sta Cruz de la Palma, La Palma Island",1
SPD,25.7592,88.9089,Saidpur,1
SPI,39.8441,-89.6779,Springfield,1
SPM,49.9765,6.6984,Trier,0
SPN,15.1194,145.7288,"I Fadang, Saipan",1
SPP,-14.6576,17.7198,Menongue,1
SPR,17.9139,-87.9711,San Pedro,1
SPS,33.9888,-98.4919,Wichita Falls,1
SPU,43.5389,16.2980,Split,1
SPX,30.1082,30.8957,Al Jiza,1
SPY,4.7467,-6.6608,San Pedro Airport,1
SQD,28.3797,117.9643,Shangrao (Hengfeng),1
SQG,-0.0452,111.4580,Sintang,1
SQJ,26.4263,117.8336,Sanming (Sha),1
SQL,37.5131,-122.2508,San Carlos,1
SQO,64.9609,17.6966,Storuman,0
SQQ,55.8939,23.3950,Šiauliai,0
SQW,56.5502,9.1730,Skive,0
SRE,-19.2468,-65.1496,Sucre,1
SRG,-6.9707,110.3732,Semarang,1
SRP,59.7919,5.3408,Leirvik,1
SRQ,27.3946,-82.5544,Sarasota/Bradenton,1
SRT,1.7277,33.6228,Soroti,1
SRX,31.0586,16.5971,Sirt,0
SRY,36.6444,53.1888,Sari,1
SRZ,-17.8116,-63.1715,Santa Cruz,1
SSA,-12.9086,-38.3225,Salvador,1
SSC,33.9727,-80.4706,Sumter,0
SSE,17.6280,75.9348,Solapur,0
SSF,29.3370,-98.4711,San Antonio,0
SSG,3.7553,8.7087,Malabo,1
SSH,27.9773,34.3947,Sharm El Sheikh,1
SSI,31.1518,-81.3913,St Simons Island,0
SSJ,65.9568,12.4689,Alstahaug,1
SSN,37.4447,127.1127,Seongnam,0
SST,-36.5423,-56.7218,Santa Teresita,1
SSY,-6.2699,14.2470,Mbanza Congo,1
SSZ,-23.9282,-46.3002,Guarujá,0
STA,55.9901,8.3539,Skjern,0
STB,8.9746,-71.9433,San Carlos del Zulia,0
STC,45.5466,-94.0599,Saint Cloud,1
STD,7.5654,-72.0351,Santo Domingo,1
STG,56.5773,-169.6638,St George,1
STI,19.4041,-70.6044,Santiago,1
STJ,39.7719,-94.9097,St Joseph,0
STL,38.7487,-90.3700,St Louis,1
STM,-2.4224,-54.7931,Santarém,1
STN,51.8850,0.2350,"London, Essex",1
STP,44.9348,-93.0600,Saint Paul,0
STR,48.6899,9.2220,Stuttgart,1
STS,38.5090,-122.8130,Santa Rosa,1
STT,18.3371,-64.9773,Charlotte Amalie,1
STV,21.1155,72.7433,Surat,1
STW,45.1092,42.1128,Stavropol,1
STX,17.7014,-64.8026,Christiansted,1
STY,-31.4385,-57.9853,Salto,0
SUB,-7.3798,112.7870,Surabaya,1
SUF,38.9062,16.2460,Lamezia Terme (CZ),1
SUG,9.7558,125.4809,Surigao City,1
SUI,42.8582,41.1281,Sukhumi,1
SUJ,47.7033,22.8857,Satu Mare,1
SUL,28.6451,69.1769,Sui,0
SUN,43.5044,-114.2960,Hailey,1
SUS,38.6621,-90.6520,St Louis,0
SUU,38.2627,-121.9270,Fairfield,0
SUV,-18.0442,178.5615,Nausori,1
SUX,42.3976,-96.3822,Sioux City,1
SVA,63.6864,-170.4930,Savoonga,1
SVB,-14.2786,50.1747,Sambava,1
SVC,32.6367,-108.1547,Silver City,1
SVD,13.1597,-61.1488,Kingstown,1
SVG,58.8767,5.6378,Stavanger,1
SVI,2.1522,-74.7663,San Vicente Del Caguán,1
SVJ,68.2433,14.6692,Svolvær,1
SVL,61.9431,28.9451,Savonlinna,1
SVN,32.0100,-81.1457,Savannah,0
SVO,55.9769,37.4112,Moscow,1
SVP,-12.4046,16.9474,Kuito,0
SVQ,37.4180,-5.8931,Seville,1
SVW,61.0974,-155.5740,Sparrevohn,0
SVX,56.7431,60.8027,Yekaterinburg,1
SVZ,7.8408,-72.4399,San Antonio del Tachira,1
SWA,23.5520,116.5033,Jieyang (Rongcheng),1
SWC,-37.0717,142.7410,Stawell Airport,0
SWD,60.1305,-149.4186,Seward,0
SWF,41.5042,-74.1089,Newburgh,1
SWH,-35.3758,143.5330,Swan Hill Airport,0
SWO,36.1621,-97.0856,Stillwater,1
SWS,51.6014,-4.0710,Swansea,0
SWT,60.7094,77.6600,Strezhevoy,0
SWU,37.2394,127.0070,Suwon,0
SWV,61.9218,159.2291,Evensk,0
SXB,48.5383,7.6282,Strasbourg,1
SXE,-38.0908,146.9653,Sale,0
SXI,25.9089,54.5394,Siri,0
SXJ,42.9117,90.2475,Shanshan,0
SXL,54.2802,-8.5992,Sligo,0
SXM,18.0410,-63.1089,Sint Maarten,1
SXN,-20.5534,26.1158,Sowa,0
SXQ,60.4749,-151.0385,Soldotna,0
SXR,33.9871,74.7742,Srinagar,1
SXV,11.7833,78.0656,Salem,0
SXZ,37.9789,41.8404,Siirt,0
SYA,52.7123,174.1140,Shemya,0
SYD,-33.9461,151.1770,Sydney (Mascot),1
SYJ,29.5509,55.6727,Sirjan,0
SYO,38.8122,139.7870,Shonai,1
SYP,8.0856,-80.9453,Santiago,0
SYQ,9.9571,-84.1398,San Jose,1
SYR,43.1112,-76.1063,Syracuse,1
SYS,71.9279,114.0800,Saskylakh,1
SYT,46.4140,4.0142,"L'Hôpital-le-Mercier, Saône-et-Loire",0
SYW,26.4731,67.7172,Sehwan Sharif,0
SYX,18.3029,109.4120,Sanya (Tianya),1
SYY,58.2156,-6.3311,"Stornoway, Western Isles",1
SYZ,29.5392,52.5898,Shiraz,1
SZA,-6.1411,12.3718,Soyo,1
SZB,3.1306,101.5490,Subang,1
SZF,41.2540,36.5675,Samsun,1
SZG,47.7933,13.0043,Salzburg,1
SZH,39.2732,112.6916,Shuozhou,1
SZJ,21.6425,-82.9551,Isla de la Juventud,0
SZK,-24.9609,31.5886,Skukuza,1
SZL,38.7303,-93.5479,Knob Noster,0
SZV,31.2631,120.4010,Suzhou,0
SZX,22.6395,113.8033,Shenzhen,1
SZY,53.4819,20.9377,Szymany,1
SZZ,53.5847,14.9022,Szczecin(Glewice),1
TAB,11.1496,-60.8313,Scarborough,1
TAC,11.2278,125.0278,Tacloban City,1
TAE,35.8944,128.6570,Daegu,1
TAF,35.5424,-0.5323,Tafraoui,0
TAG,9.5730,123.7701,Panglao,1
TAH,-19.4551,169.2240,Tanna Island,1
TAI,13.6860,44.1391,Taiz,1
TAK,34.2150,134.0155,Takamatsu,1
TAM,22.2926,-97.8671,Ciudad Madero,1
TAO,36.3620,120.0882,Qingdao (Jiaozhou),1
TAP,14.7945,-92.3699,Tapachula,1
TAR,40.5175,17.4032,Grottaglie,0
TAS,41.2579,69.2812,Tashkent,1
TAT,49.0710,20.2414,Poprad,1
TAY,58.3074,26.6865,Tartu,1
TAZ,41.7599,59.8361,Daşoguz,1
TBB,13.0496,109.3340,Tuy Hoa,1
TBF,-1.2245,174.7760,Tabiteuea North Airport,0
TBH,12.3110,122.0850,Tablas Island,1
TBI,24.3153,-75.4523,Cat Island,1
TBJ,36.9800,8.8769,Tabarka,1
TBN,37.7416,-92.1407,Fort Leonard Wood,1
TBP,-3.5521,-80.3811,Tumbes,1
TBS,41.6692,44.9547,Tbilisi,1
TBT,-4.2557,-69.9358,Tabatinga,1
TBU,-21.2414,-175.1492,Nuku'alofa,1
TBW,52.8061,41.4828,Tambov,0
TBZ,38.1339,46.2350,Tabriz,1
TCA,-19.6344,134.1830,Tennant Creek,1
TCB,26.7453,-77.3913,Treasure Cay,1
TCC,35.1828,-103.6030,Tucumcari,0
TCE,45.0625,28.7143,Mihail Kogălniceanu,0
TCL,33.2206,-87.6114,Tuscaloosa,0
TCM,47.1377,-122.4760,Tacoma,0
TCO,1.8144,-78.7492,Tumaco,1
TCP,29.5945,34.7758,Taba,1
TCQ,-18.0533,-70.2758,Tacna,1
TCS,33.2369,-107.2720,Truth or Consequences,0
TCX,33.6678,56.8927,Tabas,0
TCZ,24.9381,98.4858,Baoshan (Tengchong),1
TDD,-14.8187,-64.9180,Trinidad,1
TDG,9.0720,126.1713,Tandag,0
TDK,45.1225,78.4428,Taldykorgan,1
TDL,-37.2346,-59.2286,Tandil,0
TDX,12.2746,102.3190,Laem Ngop,1
TEA,15.7759,-87.4758,Tela,0
TEB,40.8501,-74.0608,Teterboro,1
TEC,-24.3178,-50.6516,Telêmaco Borba,0
TED,57.0688,8.7052,Thisted,0
TEE,35.4316,8.1207,Tébessi,1
TEF,-21.7150,122.2290,Telfer Airport,0
TEM,-34.4214,147.5120,Temora,0
TEN,27.8833,109.3089,Tongren (Daxing),1
TEQ,41.1382,27.9191,Çorlu,1
TER,38.7618,-27.0908,Praia da Vitória,1
TET,-16.1048,33.6402,Tete,1
TEU,-45.5331,167.6500,Manapouri Airport,0
TEV,40.4103,-1.2174,Teruel,0
TEX,37.9538,-107.9080,Telluride,1
TEZ,26.7091,92.7847,Tezpur Airport,1
TFF,-3.3829,-64.7241,Tefé,1
TFN,28.4828,-16.3417,Tenerife,1
TFS,28.0445,-16.5725,Tenerife,1
TFU,30.3125,104.4413,Chengdu (Jianyang),1
TGA,1.3876,103.7083,Western Water Catchment,0
TGD,42.3594,19.2519,Podgorica,1
TGG,5.3826,103.1030,Kuala Terengganu,1
TGJ,-21.0964,167.8038,Tiga,1
TGK,47.1983,38.8492,Taganrog,0
TGM,46.4677,24.4125,Recea,1
TGN,-38.2110,146.4708,Morwell,0
TGO,43.5567,122.2000,Tongliao,1
TGP,61.5897,89.9940,Bor,0
TGR,33.0678,6.0887,Touggourt,1
TGT,-5.0924,39.0712,Tanga,1
TGU,14.0609,-87.2172,Tegucigalpa,1
TGZ,16.5616,-93.0257,Tuxtla Gutiérrez,1
THE,-5.0602,-42.8237,Teresina,1
THG,-24.4949,150.5780,Biloela,1
THL,20.4838,99.9354,Tachileik,1
THN,58.3181,12.3450,Trollhättan,1
THQ,34.5601,105.8603,Tianshui (Maiji),1
THR,35.6892,51.3144,Tehran,1
THS,17.2380,99.8182,Sukhothai Airport,1
THU,76.5306,-68.7005,Pituffik,0
THZ,14.8757,5.2654,Tahoua,0
TIA,41.4147,19.7206,Rinas,1
TID,35.3411,1.4631,Tiaret,0
TIF,21.4847,40.5441,Taif,1
TIH,-15.1196,-148.2310,Tuherahera,1
TIJ,32.5410,-116.9700,Tijuana,1
TIK,35.4147,-97.3866,Oklahoma City,0
TIM,-4.5298,136.8874,Timika,1
TIN,27.7004,-8.1671,Tindouf,1
TIQ,14.9992,145.6194,Tinian Island,1
TIR,13.6320,79.5399,Tirupati,1
TIU,-44.3028,171.2250,Timaru Airport,1
TIV,42.4047,18.7233,Tivat,1
TIW,47.2674,-122.5773,Tacoma,1
TIX,28.5148,-80.7992,Titusville,0
TJA,-21.5557,-64.7013,Tarija,1
TJG,-2.2166,115.4360,Tanta-Tabalong,1
TJH,35.5128,134.7870,Toyooka,1
TJI,15.9266,-85.9386,Trujillo,0
TJK,40.3247,36.3906,Tokat,1
TJM,57.1790,65.3277,Tyumen,1
TJU,37.9881,69.8050,Kulob,1
TKA,62.3205,-150.0940,Talkeetna,0
TKC,4.0892,9.3605,Tiko,0
TKD,4.8961,-1.7748,Sekondi-Takoradi,1
TKF,39.3186,-120.1406,Truckee,1
TKG,-5.2468,105.1825,Bandar Lampung,1
TKH,15.2773,100.2960,Takhli,0
TKK,7.4619,151.8430,Weno Island,1
TKN,27.8364,128.8814,Amagi,1
TKP,-14.7095,-145.2460,Takapoto Airport,1
TKS,34.1326,134.6078,Tokushima,1
TKT,16.8960,99.2533,Tak Airport,0
TKU,60.5141,22.2628,Turku,1
TKX,-14.4558,-145.0250,Takaroa Airport,1
TLC,19.3369,-99.5658,Toluca,1
TLE,-23.3834,43.7285,Toliara,1
TLH,30.4012,-84.3543,Tallahassee,1
TLJ,62.8944,-155.9770,Takotna,0
TLL,59.4132,24.8326,Tallinn,1
TLM,35.0127,-1.4571,Zenata,1
TLN,43.0973,6.1460,"Hyères, Var",1
TLQ,43.0308,89.0987,Turpan,1
TLS,43.6291,1.3638,Toulouse/Blagnac,1
TLV,32.0114,34.8867,Tel Aviv,1
TLX,-35.3778,-71.6017,Talca,0
TMB,25.6479,-80.4328,Miami,0
TME,6.4511,-71.7603,Tame,1
TMH,-6.0967,140.3035,Tanah Merah,1
TMJ,37.2873,67.3119,Termez,1
TML,9.5539,-0.8661,Tamale,1
TMM,-18.1135,49.3923,Toamasina,1
TMO,7.2494,-61.5289,Tumeremo Airport,0
TMP,61.4141,23.6044,Tampere / Pirkkala,1
TMR,22.8110,5.4508,Tamanrasset,1
TMS,0.3782,6.7122,São Tomé,1
TMT,-1.4896,-56.3968,Oriximiná,1
TMW,-31.0779,150.8455,Tamworth,1
TMX,29.2371,0.2760,Timimoun,1
TNA,36.8572,117.2160,Jinan (Licheng),1
TND,21.7883,-79.9972,Trinidad,1
TNE,30.6051,130.9910,Tanegashima,1
TNF,48.7519,2.1062,"Toussus-le-Noble, Yvelines",0
TNG,35.7317,-5.9215,Tangier,1
TNH,42.0484,125.7340,Tonghua,1
TNJ,0.9240,104.5334,Tanjung Pinang-Bintan Island,1
TNN,22.9504,120.2060,Tainan (Rende),1
TNR,-18.7969,47.4788,Antananarivo,1
TNW,-1.0602,-77.5805,Ahuano,0
TOD,2.8182,104.1600,Tioman Island,1
TOE,33.9397,8.1106,Tozeur,1
TOF,56.3803,85.2083,Tomsk,1
TOI,31.8604,-86.0121,Troy,0
TOJ,40.4879,-3.4568,Madrid,0
TOL,41.5868,-83.8078,Toledo,1
TOM,16.7305,-3.0076,Timbuktu,1
TOP,39.0699,-95.6226,Topeka,0
TOQ,-22.1411,-70.0629,Tocopilla,0
TOS,69.6833,18.9189,Tromsø,1
TOU,-20.7901,165.2595,Touho,1
TOY,36.6484,137.1874,Toyama,1
TPA,27.9755,-82.5332,Tampa,1
TPC,-0.1230,-76.3378,Tarapoa,0
TPE,25.0777,121.2330,Taoyuan,1
TPH,38.0602,-117.0870,Tonopah,0
TPJ,27.3509,87.6953,Taplejung,1
TPL,31.1525,-97.4078,Temple,0
TPP,-6.5087,-76.3732,Tarapoto,1
TPQ,21.4198,-104.8425,Tepic,1
TPS,37.9114,12.4880,Trapani (TP),1
TQD,33.3381,43.5971,Al Habbaniyah,0
TQO,20.1721,-87.6603,Tulum,1
TQS,0.7459,-75.2340,Tres Esquinas,0
TRA,24.6538,124.6755,Tarama,1
TRC,25.5623,-103.4046,Torreón,1
TRD,63.4578,10.9240,Trondheim,1
TRE,56.4992,-6.8692,"Balemartine, Argyll and Bute",1
TRF,59.1867,10.2586,Sandefjord(Torp),1
TRG,-37.6719,176.1960,Tauranga,1
TRI,36.4752,-82.4074,Blountville,1
TRK,3.3251,117.5642,Tarakan,1
TRM,33.6267,-116.1600,Palm Springs,0
TRN,45.2008,7.6496,Caselle Torinese (TO),1
TRO,-31.8886,152.5140,Taree,0
TRQ,-8.1555,-70.7830,Tarauacá,0
TRR,8.5392,81.1813,Trincomalee,1
TRS,45.8279,13.4667,Ronchi dei Legionari/Trieste,1
TRT,-3.1844,119.9191,Toraja,1
TRU,-8.0824,-79.1088,Trujillo,1
TRV,8.4819,76.9200,Thiruvananthapuram,1
TRW,1.3816,173.1470,South Tarawa,1
TRZ,10.7629,78.7177,Tiruchirappalli,1
TSA,25.0672,121.5528,Taipei (Songshan),1
TSB,-19.2621,17.7325,Tsumeb,0
TSF,45.6484,12.1944,Treviso (TV),1
TSJ,34.2849,129.3310,Tsushima,1
TSM,36.4525,-105.6775,Taos,1
TSN,39.1244,117.3460,Tianjin,1
TSR,45.8099,21.3379,Timişoara,1
TST,7.5087,99.6166,Trang,1
TSV,-19.2529,146.7665,Townsville,1
TTA,28.4476,-11.1617,Tan Tan,1
TTC,-25.5643,-70.3759,Taltal,0
TTD,45.5494,-122.4010,Portland,0
TTE,0.8310,127.3816,Ternate,1
TTG,-22.6169,-63.7930,Tartagal,0
TTH,17.6660,54.0246,Thumrait,0
TTJ,35.5301,134.1650,Tottori,1
TTN,40.2767,-74.8135,Ewing Township,1
TTT,22.7549,121.1018,Taitung City,1
TTU,35.5943,-5.3200,Tétouan,1
TUA,0.8095,-77.7081,Tulcán,1
TUB,-23.3654,-149.5240,Tubuai Airport,1
TUC,-26.8374,-65.1042,San Miguel de Tucumán,1
TUD,13.7368,-13.6531,Tambacounda,0
TUF,47.4322,0.7276,"Tours, Indre-et-Loire",1
TUG,17.6434,121.7332,Tuguegarao City,1
TUI,31.6922,38.7315,Turaif,1
TUK,25.9848,63.0289,Turbat,1
TUL,36.1971,-95.8862,Tulsa,1
TUM,-35.2683,148.2405,Tumut,0
TUN,36.8510,10.2272,Tunis,1
TUO,-38.7397,176.0840,Taupo,1
TUP,34.2681,-88.7699,Tupelo,1
TUR,-3.7860,-49.7203,Tucuruí,1
TUS,32.1150,-110.9381,Tucson,1
TUU,28.3711,36.6249,Tabuk,1
TUV,9.0890,-62.0942,Tucupita,0
TVC,44.7414,-85.5822,Traverse City,1
TVF,48.0657,-96.1850,Thief River Falls,1
TVL,38.8939,-119.9950,South Lake Tahoe,0
TVT,41.3129,69.3955,Tashkent,1
TVY,14.1039,98.2036,Dawei,1
TWF,42.4818,-114.4880,Twin Falls,1
TWT,5.0482,119.7433,Bongao,1
TWU,4.3134,118.1215,Tawau,1
TWZ,-44.2350,170.1180,Twitzel,0
TXC,54.4400,30.2967,Orsha,0
TXE,4.7211,96.8519,Takengon,1
TXK,33.4537,-93.9910,Texarkana,1
TXN,29.7333,118.2560,Huangshan,1
TYB,-29.4511,142.0580,Tibooburra Airport,0
TYF,60.1576,12.9913,Torsby,1
TYL,-4.5766,-81.2541,Talara,1
TYM,24.1691,-76.4391,Staniel Cay,0
TYN,37.7469,112.6280,Taiyuan,1
TYR,32.3541,-95.4024,Tyler,1
TYS,35.8110,-83.9940,Knoxville/Maryville,1
TZA,17.5172,-88.1958,Belize City,1
TZL,44.4599,18.7236,Dubrave Gornje,1
TZN,24.1587,-77.5898,Andros,1
TZX,40.9951,39.7897,Trabzon,1
UAB,37.0021,35.4259,Sarıçam,0
UAI,-9.3019,125.2863,Suai,1
UAM,13.5840,144.9300,Yigo,0
UAQ,-31.5715,-68.4182,San Juan,1
UAR,32.5143,-1.9831,Bouarfa,1
UBA,-19.7650,-47.9648,Uberaba,1
UBJ,33.9300,131.2790,Ube,1
UBN,47.6469,106.8198,Ulaanbaatar (Sergelen),1
UBP,15.2513,104.8700,Ubon Ratchathani,1
UCB,41.1303,113.1073,Ulanqab,1
UCT,63.5669,53.8047,Ukhta,1
UDE,51.6572,5.7078,Uden,0
UDI,-18.8836,-48.2259,Uberlândia,1
UDJ,48.6343,22.2634,Uzhhorod,0
UDR,24.6177,73.8961,Udaipur,1
UEL,-17.8555,36.8691,Quelimane,1
UEO,26.3634,126.7138,Kumejima,1
UET,30.2514,66.9378,Quetta,1
UFA,54.5575,55.8744,Ufa,1
UGA,48.8550,103.4760,Bulgan,1
UGC,41.5827,60.6434,Urgench,1
UGO,-7.6031,15.0278,Uige,0
UGU,-3.7395,137.0312,Bilogai,1
UHE,49.0294,17.4397,Uherské Hradiště,0
UIB,5.6908,-76.6412,Quibdó,1
UIH,13.9550,109.0420,Quy Nohn,1
UIN,39.9427,-91.1946,Quincy,1
UIO,-0.1254,-78.3543,Quito,1
UIP,47.9730,-4.1697,Quimper/Pluguffan,0
UKB,34.6328,135.2240,Kobe,1
UKE,20.0978,83.1833,Bhawanipatna,1
UKI,39.1260,-123.2010,Ukiah,0
UKK,50.0350,82.4961,Ust-Kamenogorsk (Oskemen),1
UKS,44.6918,33.5746,Sevastopol,0
UKX,56.8567,105.7300,Ust-Kut,1
ULA,-49.3068,-67.8026,San Julian,0
ULD,-28.3206,31.4165,Ulundi,0
ULG,48.9933,89.9225,Ölgii,1
ULH,26.4836,38.1170,Al-Ula,1
ULK,60.7236,114.8253,Lensk,1
ULN,47.8431,106.7670,Ulaanbaatar,0
ULO,50.0666,91.9383,Ulaangom,1
ULP,-26.6092,144.2537,Quilpie Airport,1
ULQ,4.0884,-76.2351,Tuluá,0
ULU,2.8056,32.2718,Gulu,1
ULV,54.2702,48.2256,Ulyanovsk,1
ULY,54.4010,48.8027,Cherdakly,1
UMB,-12.2536,25.4443,Kalumbila,0
UME,63.7918,20.2828,Umeå,1
UND,36.6651,68.9108,Kunduz,0
UNI,12.6001,-61.4119,Union Island,1
UNK,63.8884,-160.7990,Unalakleet,1
UNN,9.7776,98.5855,Ranong,1
UOX,34.3843,-89.5368,Oxford,0
UPB,23.0328,-82.5794,Havana,0
UPG,-5.0755,119.5537,Makassar,1
UPL,10.8922,-85.0162,Upala,0
UPN,19.3967,-102.0390,Uruapan,1
URA,51.1520,51.5437,Uralsk,1
URC,43.9136,87.4794,Ürümqi,1
URE,58.2299,22.5095,Kuressaare,1
URG,-29.7822,-57.0382,Uruguaiana,1
URJ,60.1033,64.8267,Uray,1
URO,49.3849,1.1791,Boos,0
URS,51.7506,36.2956,Kursk,0
URT,9.1326,99.1356,Surat Thani,1
URY,31.4124,37.2789,Gurayat,1
USA,35.3878,-80.7091,Concord,1
USH,-54.8433,-68.2958,Ushuaia,1
USK,66.0047,57.3672,Usinsk,1
USM,9.5478,100.0620,Na Thon (Ko Samui Island),1
USN,35.5935,129.3520,Ulsan,1
USQ,38.6815,29.4717,Uşak,0
USR,64.5500,143.1150,Ust-Nera,1
UST,29.9592,-81.3398,St Augustine,1
USU,12.1219,120.1008,Coron,1
UTH,17.3862,102.7886,Udon Thani,1
UTI,60.8964,26.9384,Utti / Valkeala,0
UTN,-28.4002,21.2636,Upington,1
UTO,65.9928,-153.7040,Utopia Creek,1
UTP,12.6799,101.0050,Rayong,1
UTS,65.4373,52.2003,Ust-Tsylma,0
UTT,-31.5464,28.6734,Mthatha,1
UTW,-31.9202,26.8822,Queenstown,0
UUA,54.6412,52.8002,Bugulma,1
UUD,51.8086,107.4397,Ulan Ude,1
UUN,46.6603,113.2850,Baruun Urt Airport,0
UUS,46.8855,142.7175,Yuzhno-Sakhalinsk,1
UVE,-20.6409,166.5730,Ouvéa,1
UVF,13.7332,-60.9526,Vieux Fort,1
UYL,12.0535,24.9562,Nyala,1
UYN,38.3597,109.5909,Yulin,1
UYU,-20.4413,-66.8576,Quijarro,1
UZC,43.8989,19.6977,Stapari,0
UZU,-29.7706,-57.9789,Curuzu Cuatia,0
VAA,63.0502,21.7625,Vaasa,1
VAD,30.9678,-83.1930,Valdosta,0
VAF,44.9216,4.9699,"Chabeuil, Drôme",0
VAG,-21.5914,-45.4741,Varginha,0
VAI,-2.6926,141.3028,Vanimo,1
VAM,3.4718,72.8326,Maamigili,1
VAN,38.4682,43.3323,Van,1
VAQ,60.3562,102.3096,Vanavara,1
VAR,43.2321,27.8251,Varna,1
VAS,39.8138,36.9035,Sivas,1
VAV,-18.5853,-173.9620,Vava'u Island,1
VAW,70.3554,31.0449,Vardø,1
VBG,34.7373,-120.5840,Lompoc,0
VBS,45.4289,10.3306,Montichiari (BS),1
VBY,57.6628,18.3462,Visby,1
VCA,10.0834,105.7094,Can Tho,1
VCE,45.5053,12.3519,Venezia (VE),1
VCP,-23.0074,-47.1345,Campinas,1
VCS,8.7318,106.6330,Con Dao,1
VCT,28.8526,-96.9185,Victoria,1
VDC,-14.9079,-40.9148,Vitória da Conquista,1
VDE,27.8148,-17.8871,El Hierro Island,1
VDH,17.5150,106.5906,Dong Hoi,1
VDM,-40.8692,-63.0004,Viedma / Carmen de Patagones,1
VDO,21.1207,107.4154,Van Don,1
VDP,9.2220,-65.9936,Valle de La Pascua Airport,0
VDR,-31.9452,-65.1463,Villa Dolores,0
VDS,70.0653,29.8447,Vadsø,1
VDZ,61.1327,-146.2466,Valdez,1
VEL,40.4362,-109.5117,Vernal,1
VEO,60.3733,93.0117,Severo-Yeniseysk,1
VER,19.1396,-96.1886,Veracruz,1
VEY,63.4243,-20.2789,Vestmannaeyjar,0
VFA,-18.0974,25.8369,Victoria Falls,1
VGA,16.5300,80.8049,Vijayawada,1
VGD,59.2825,39.9444,Vologda,0
VGO,42.2318,-8.6268,Vigo,1
VGT,36.2091,-115.1940,Las Vegas,0
VHC,-9.6891,20.4319,Saurimo,0
VHM,64.5791,16.8336,Vilhelmina,1
VHY,46.1697,3.4036,"Charmeil, Allier",0
VIE,48.1103,16.5697,Vienna,1
VIG,8.6241,-71.6727,El Vigía,1
VII,18.7376,105.6710,Vinh,1
VIJ,18.4466,-64.4279,Spanish Town,1
VIL,23.7183,-15.9320,Dakhla,1
VIN,49.2425,28.6138,Vinnitsa,0
VIP,46.8432,6.9151,Payerne,0
VIR,-29.7706,31.0584,Durban,0
VIS,36.3187,-119.3930,Visalia,0
VIT,42.8828,-2.7245,Alava,1
VIX,-20.2580,-40.2850,Vitória,1
VIY,48.7744,2.2031,"Vélizy-Villacoublay, Yvelines",0
VKG,9.9580,105.1324,Rach Gia,1
VKO,55.5915,37.2615,Moscow,1
VKT,67.4886,63.9931,Vorkuta,1
VKV,64.4417,40.4217,Arkhangelsk,0
VLC,39.4892,-0.4810,Valencia,1
VLD,30.7825,-83.2767,Valdosta,1
VLG,-37.2354,-57.0292,Villa Gesell,0
VLI,-17.6993,168.3200,Port Vila,1
VLL,41.7061,-4.8519,Valladolid,1
VLM,-21.2552,-63.4056,Villamontes,0
VLN,10.1497,-67.9284,Valencia,1
VLR,-28.5964,-70.7560,Vallenar,0
VLU,56.3811,30.6078,Velikiye Luki,0
VLV,9.3405,-70.5841,Valera,1
VLY,53.2481,-4.5353,Angelsey,0
VME,-33.7299,-65.3874,Villa Mercedes,0
VMI,-22.1594,-57.9424,Puerto Vallemi,0
VMU,-7.4970,144.8218,Baimuru,1
VNE,47.7233,-2.7186,Vannes/Meucon,0
VNO,54.6341,25.2858,Vilnius,1
VNS,25.4522,82.8625,Varanasi,1
VNX,-22.0184,35.3133,Vilanculo,1
VNY,34.2098,-118.4900,Van Nuys,0
VOD,50.2166,14.3958,Vodochody,0
VOG,48.7813,44.3392,Volgograd,1
VOH,-13.3758,50.0028,Vohemar,0
VOK,43.9390,-90.2534,Camp Douglas,0
VOL,39.2196,22.7943,Nea Anchialos,1
VOZ,51.8143,39.2309,Voronezh,1
VPE,-17.0435,15.6838,Ngiva,1
VPN,65.7206,-14.8506,Vopnafjörður,1
VPS,30.4813,-86.5158,Valparaiso,1
VPY,-19.1513,33.4290,Chimoio,1
VPZ,41.4540,-87.0071,Valparaiso,0
VQQ,30.2187,-81.8767,Jacksonville,0
VQS,18.1348,-65.4936,Vieques,1
VRA,23.0344,-81.4353,Matanzas,1
VRB,27.6556,-80.4179,Vero Beach,1
VRC,13.5764,124.2060,Virac,1
VRE,-31.6410,18.5448,Vredendal,0
VRK,62.1711,27.8686,Varkaus / Joroinen,0
VRL,41.2743,-7.7205,Vila Real,1
VRN,45.3950,10.8873,Caselle (VR),1
VRO,23.1240,-81.3016,Santa Marta,0
VRU,-26.9824,24.7288,Vryburg,0
VSA,17.9943,-92.8182,Villahermosa,1
VSE,40.7255,-7.8890,Viseu,1
VST,59.5894,16.6336,Stockholm / Västerås,1
VTB,55.1265,30.3496,Vitebsk,0
VTE,17.9851,102.5667,Vientiane,1
VTM,31.2083,35.0123,Beersheba,0
VTN,42.8562,-100.5492,Valentine,0
VTU,20.9876,-76.9358,Las Tunas,1
VTZ,17.9715,83.5036,Visakhapatnam,1
VUP,10.4350,-73.2495,Valledupar,1
VUS,60.7883,46.2600,Velikiy Ustyug,1
VVC,4.1679,-73.6138,Villavicencio,1
VVI,-17.6448,-63.1354,Santa Cruz,1
VVO,43.3963,132.1482,Artyom,1
VVZ,26.7235,8.6227,Illizi,1
VXC,-13.2740,35.2663,Lichinga,1
VXE,16.8334,-25.0553,São Pedro,1
VXO,56.9291,14.7280,Växjö,1
VYI,63.7567,121.6933,Vilyuisk,1
WAE,20.5043,45.1996,Wadi Al Dawasir,1
WAG,-39.9635,175.0244,Wanganui,1
WAI,-14.8988,47.9939,Antsohihy,0
WAT,52.1872,-7.0870,Waterford,0
WAW,52.1657,20.9671,Warsaw,1
WBG,54.4593,9.5163,Jagel,0
WBM,-5.6353,143.8922,Wapenamanda,1
WCH,-42.7819,-72.8350,Chaitén,0
WDH,-22.4799,17.4709,Windhoek,1
WDS,32.5929,110.9063,Shiyan (Maojian),1
WEF,36.6467,119.1190,Weifang (Kuiwen),1
WEH,37.1871,122.2290,Weihai,1
WEI,-12.6775,141.9226,Weipa,1
WFI,-21.4416,47.1117,Fianarantsoa,0
WGA,-35.1635,147.4683,Forest Hill,1
WGE,-30.0328,148.1260,Walgett Airport,1
WGN,26.8061,110.6410,Shaoyang (Wugang),1
WGT,-36.4179,146.3069,Laceby,0
WHA,31.1045,118.6669,Wuhu,1
WHB,-22.4284,116.8879,Eliwana,0
WHK,-37.9222,176.9170,Whakatāne,1
WHN,30.2552,114.0628,Wuhan (Hannan),0
WIC,58.4589,-3.0931,Wick,1
WIE,50.0498,8.3254,Wiesbaden,0
WIL,-1.3217,36.8148,Nairobi,1
WIN,-22.3636,143.0860,Winton Airport,1
WIR,-39.0119,177.4044,Wairoa,0
WJF,34.7411,-118.2190,Lancaster,0
WJR,1.7332,40.0916,Wajir,1
WJU,37.4371,127.9601,Wonju,1
WKA,-44.7221,169.2463,Wanaka,1
WKB,-36.3211,142.4190,Warracknabeal Airport,0
WKF,-25.8300,28.2225,Pretoria,0
WKJ,45.4042,141.8010,Wakkanai,1
WKK,59.2826,-158.6180,Aleknagik,1
WLG,-41.3268,174.8069,Wellington,1
WLS,-13.2394,-176.1986,Wallis Island,1
WMC,40.8966,-117.8060,Winnemucca,0
WME,-27.2873,120.5549,Mount Keith Airport,0
WMH,36.3689,-92.4705,Mountain Home,0
WMI,52.4511,20.6518,Nowy Dwór Mazowiecki,1
WMN,-15.4377,49.6891,Maroantsetra,1
WMR,-16.1639,49.7738,Mananara Nord,0
WMT,27.9618,106.4354,Zunyi,1
WMX,-4.0973,138.9524,Wamena,1
WNI,-5.2921,123.6362,Wangi-wangi Island,1
WNP,13.5849,123.2700,Naga,1
WNR,-25.4106,142.6684,Windorah,1
WNS,26.2194,68.3901,Nawabashah,1
WNZ,27.9106,120.8535,Wenzhou (Longwan),1
WOE,51.4491,4.3420,Hoogerheide,0
WOL,-34.5611,150.7890,Albion Park Rail,0
WOS,39.1652,127.4879,Wonsan,1
WPC,49.5204,-113.9970,Pincher Creek,0
WPR,-53.2537,-70.3192,Porvenir,0
WPU,-54.9311,-67.6263,Puerto Williams,0
WRB,32.6401,-83.5919,Warner Robins,0
WRE,-35.7693,174.3637,Whangarei,1
WRG,56.4843,-132.3700,Wrangell,1
WRI,40.0156,-74.5917,Wrightstown,0
WRL,43.9657,-107.9510,Worland,0
WRO,51.1037,16.8821,Wrocław,1
WRT,53.7451,-2.8831,Warton,0
WSI,-33.8835,150.7130,Sydney,0
WST,41.3496,-71.8034,Westerly,1
WSZ,-41.7371,171.5790,Westport,1
WTB,-27.5583,151.7933,Toowoomba,1
WTN,53.1662,-0.5238,"Lincoln, Lincolnshire",0
WUA,39.7934,106.7993,Wuhai,1
WUH,30.7748,114.2137,Wuhan (Huangpi),1
WUN,-26.6327,120.2219,Wiluna Airport,1
WUS,27.7019,118.0010,Wuyishan,1
WUU,7.7258,27.9750,Wau,1
WUX,31.4970,120.4304,Wuxi,1
WUZ,23.4032,111.0933,Tangbu,1
WVB,-22.9793,14.6471,Walvis Bay(Rooikop),1
WVK,-22.1197,48.0217,Manakara,0
WWA,61.5717,-149.5400,Wasilla,0
WWD,39.0085,-74.9083,Wildwood,0
WWK,-3.5838,143.6690,Wewak,1
WWR,36.4380,-99.5227,Woodward,0
WWY,-33.9372,147.1910,West Wyalong,0
WYA,-33.0589,137.5140,Whyalla,1
WYE,8.6105,-11.0454,Yengema,0
WYS,44.6884,-111.1180,West Yellowstone,1
XAI,32.5408,114.0791,Xinyang,1
XAP,-27.1342,-52.6566,Chapecó,1
XBJ,32.8965,59.2813,Birjand,1
XCH,-10.4504,105.6911,Flying Fish Cove,1
XCR,48.7733,4.2061,Chalons en Champagne,1
XEN,40.5803,120.7004,Huludao (Xingcheng),0
XFN,32.1522,112.2917,Xiangyang (Xiangzhou),1
XFW,53.5353,9.8356,Hamburg,0
XGN,-16.7554,14.9653,Xangongo,0
XIC,27.9891,102.1840,Liangshan (Xichang),1
XIJ,28.9348,47.7919,Ahmed Al Jaber AB,0
XIL,43.9156,115.9640,Xilinhot,1
XIY,34.4422,108.7624,Xi'an,1
XJD,25.1173,51.3150,Ar Rayyan,0
XJM,33.0501,73.6384,Mangla,0
XKS,53.5247,-88.6428,Kasabonika,1
XLS,16.0498,-16.4610,Saint Louis,0
XMH,-14.4368,-146.0700,Manihi Airport,1
XMN,24.5439,118.1275,Xiamen,1
XMS,-2.2992,-78.1208,Macas,1
XNA,36.2819,-94.3068,Fayetteville/Springdale/Rogers,1
XNH,30.9358,46.0901,Nasiriyah,0
XNN,36.5277,102.0402,Haidong (Huzhu Tu Autonomous County),1
XPL,14.3824,-87.6212,Palmerola,1
XQP,9.4432,-84.1298,Quepos,1
XQU,49.3375,-124.3931,Qualicum Beach,1
XRH,-33.6047,150.7831,Richmond,0
XRR,61.9706,-132.4230,Ross River,0
XRY,36.7446,-6.0601,Jerez de la Frontera,1
XSB,24.2836,52.5803,Sir Bani Yas,0
XSC,21.5157,-71.5285,South Caicos,1
XSP,1.4156,103.8667,Seletar,1
XTG,-27.9864,143.8121,Thargomindah,1
XUZ,34.0591,117.5553,Xuzhou,1
XWA,48.2609,-103.7512,Williston,1
YAA,52.4515,-125.3038,Anahim Lake,1
YAG,48.6557,-93.4435,Fort Frances,1
YAH,53.7547,-73.6753,La Grande-4,0
YAI,-36.5825,-72.0314,Chillan,0
YAK,59.5087,-139.6604,Yakutat,1
YAM,46.4832,-84.5085,Sault Ste Marie,1
YAO,3.8360,11.5235,Yaoundé,0
YAP,9.4989,138.0830,Yap Island,1
YAY,51.3919,-56.0832,St. Anthony,1
YAZ,49.0798,-125.7756,Tofino,1
YBC,49.1325,-68.2044,Baie-Comeau,1
YBG,48.3301,-70.9920,Saguenay,1
YBK,64.2989,-96.0778,Baker Lake,1
YBL,49.9508,-125.2710,Campbell River,1
YBP,28.8584,104.5262,Yibin (Cuiping),1
YBR,49.9100,-99.9519,Brandon,1
YBX,51.4436,-57.1853,Blanc-Sablon,1
YBY,54.3042,-110.7440,Bonnyville,1
YCB,69.1081,-105.1380,Cambridge Bay,1
YCC,45.0926,-74.5677,Cornwall,0
YCD,49.0550,-123.8699,Nanaimo,1
YCE,43.2856,-81.5083,Huron Park,0
YCG,49.2964,-117.6320,Castlegar,1
YCH,47.0078,-65.4492,Miramichi,0
YCL,47.9908,-66.3303,Charlo,0
YCM,43.1916,-79.1717,Niagara-on-the-Lake,1
YCN,49.1056,-81.0136,Cochrane,0
YCQ,55.6872,-121.6270,Chetwynd,0
YCU,35.1178,111.0340,Yuncheng (Yanhu),1
YDA,64.0431,-139.1280,Dawson City,1
YDB,61.3711,-139.0410,Burwash Landing,0
YDF,49.2082,-57.3961,Deer Lake,1
YDG,44.5458,-65.7854,Digby,0
YDN,51.1008,-100.0520,Dauphin,1
YDO,48.7785,-72.3750,Dolbeau-Saint-Felicien,0
YDQ,55.7412,-120.1833,Dawson Creek,0
YDT,49.0743,-123.0069,Delta,0
YEC,36.6304,128.3497,Yecheon-ri,0
YEG,53.3097,-113.5800,Edmonton,1
YEI,40.2552,29.5626,Yenişehir,1
YEL,46.3514,-82.5614,Elliot Lake,0
YEM,45.8424,-81.8576,Sheguiandah,0
YEN,49.2103,-102.9660,Estevan,0
YEO,51.0094,-2.6388,"Yeovil, Somerset",0
YES,30.7022,51.5430,Yasuj,0
YET,53.5789,-116.4650,Edson,0
YEV,68.3042,-133.4830,Inuvik,1
YEY,48.5639,-78.2497,Amos,0
YFB,63.7564,-68.5558,Iqaluit,1
YFC,45.8687,-66.5299,Fredericton,1
YFE,48.7461,-69.0972,Forestville,0
YFR,61.1808,-113.6900,Fort Resolution,0
YFS,61.7602,-121.2370,Fort Simpson,1
YGJ,35.4922,133.2360,Yonago,1
YGK,44.2253,-76.5969,Kingston,0
YGL,53.6253,-77.7042,La Grande Rivière,1
YGM,50.6281,-97.0433,Gimli,0
YGP,48.7749,-64.4819,Gaspé,1
YGQ,49.7783,-86.9394,Geraldton,0
YGR,47.4252,-61.7786,Les Îles-de-la-Madeleine,1
YGV,50.2819,-63.6114,Havre-Saint-Pierre,1
YGW,55.2819,-77.7653,Kuujjuarapik,1
YHD,49.8317,-92.7442,Dryden,0
YHF,49.7142,-83.6861,Hearst,0
YHM,43.1713,-79.9294,Hamilton,1
YHN,49.1931,-84.7589,Hornepayne,0
YHT,60.7892,-137.5460,Haines Junction,0
YHU,45.5175,-73.4169,Montréal,1
YHY,60.8397,-115.7830,Hay River,1
YHZ,44.8808,-63.5086,Halifax,1
YIA,-7.9053,110.0573,Yogyakarta,1
YIB,48.7739,-91.6386,Atikokan,0
YIC,27.8025,114.3062,Yichun,1
YIE,47.3106,119.9117,Arxan,1
YIF,51.2117,-58.6583,St-Augustin,1
YIH,30.5541,111.4826,Yichang (Xiaoting),1
YIN,43.9558,81.3303,Ili (Yining / Ghulja),1
YIP,42.2379,-83.5304,Detroit,0
YIV,53.8572,-94.6536,Island Lake,1
YIW,29.3421,120.0312,Yiwu/Jinhua,1
YJF,60.2358,-123.4690,Fort Liard,0
YJN,45.2944,-73.2811,St Jean,0
YKA,50.7030,-120.4486,Kamloops,1
YKD,44.2014,-81.6067,Kincardine,0
YKF,43.4608,-80.3786,Breslau,1
YKH,40.5425,122.3586,Yingkou (Laobian),1
YKJ,57.2561,-105.6180,Key Lake,0
YKL,54.8053,-66.8053,Schefferville,1
YKM,46.5682,-120.5440,Yakima,1
YKN,42.9167,-97.3859,Yankton,0
YKO,37.5497,44.2381,Hakkari,1
YKS,62.0933,129.7710,Yakutsk,1
YKX,48.2103,-79.9814,Kirkland Lake,0
YKY,51.5175,-109.1810,Kindersley,0
YLD,47.8200,-83.3467,Chapleau,0
YLI,64.0547,24.7253,Ylivieska,0
YLJ,54.1253,-108.5230,Meadow Lake,0
YLK,44.4851,-79.5547,Barrie,1
YLL,53.3092,-110.0730,Lloydminster,1
YLR,56.5133,-99.9853,Leaf Rapids,0
YLT,82.5173,-62.2830,Alert,0
YLW,49.9561,-119.3780,Kelowna,1
YLX,22.4330,110.1200,Yulin,1
YLY,49.1008,-122.6310,Langley,0
YMA,63.6164,-135.8680,Mayo,0
YME,48.8569,-67.4533,Matane,0
YMG,49.0839,-85.8606,Manitouwadge,0
YMJ,50.3303,-105.5590,Moose Jaw,0
YML,47.5975,-70.2239,Charlevoix,0
YMM,56.6533,-111.2220,Fort McMurray,1
YMO,51.2911,-80.6078,Moosonee,1
YMS,-5.8938,-76.1182,Yurimaguas,1
YMT,49.7719,-74.5281,Chibougamau,1
YMX,45.6795,-74.0387,Montréal,1
YNA,50.1901,-61.7890,Natashquan,1
YNB,24.1442,38.0634,Yanbu,1
YND,45.5217,-75.5636,Gatineau,1
YNG,41.2607,-80.6791,Youngstown/Warren,0
YNJ,42.8828,129.4510,Yanji,1
YNL,58.2767,-104.0820,Points North Landing,1
YNM,49.7617,-77.8028,Matagami,0
YNT,37.6597,120.9781,Yantai,1
YNY,38.0605,128.6698,Gonghang-ro,1
YNZ,33.4283,120.2054,Yancheng (Tinghu),1
YOA,64.6989,-110.6150,Ekati,0
YOD,54.4050,-110.2790,Cold Lake,0
YOJ,58.6214,-117.1650,High Level,1
YOL,9.2576,12.4304,Yola,1
YOO,43.9228,-78.8950,Oshawa,0
YOP,58.4914,-119.4080,Rainbow Lake,0
YOS,44.5903,-80.8375,Owen Sound,0
YOW,45.3225,-75.6692,Ottawa,1
YPA,53.2142,-105.6730,Prince Albert,1
YPE,56.2269,-117.4470,Peace River,1
YPG,49.9031,-98.2738,Portage la Prairie,0
YPL,51.4464,-90.2142,Pickle Lake,1
YPN,49.8364,-64.2886,Port-Menier,1
YPQ,44.2323,-78.3621,Peterborough,1
YPR,54.2861,-130.4450,Prince Rupert,1
YPS,45.6567,-61.3681,Port Hawkesbury,0
YPW,49.8342,-124.5000,Powell River,1
YPX,60.0506,-77.2869,Puvirnituq,1
YPY,58.7672,-111.1170,Fort Chipewyan,1
YPZ,54.3764,-125.9510,Burns Lake,1
YQA,44.9754,-79.3065,Gravenhurst,1
YQB,46.7911,-71.3933,Quebec,1
YQD,53.9714,-101.0910,The Pas,1
YQF,52.1822,-113.8940,Springbrook,0
YQG,42.2756,-82.9556,Windsor,1
YQH,60.1168,-128.8220,Watson Lake,1
YQI,43.8269,-66.0881,Yarmouth,0
YQK,49.7883,-94.3631,Kenora,1
YQL,49.6303,-112.8000,Lethbridge,1
YQM,46.1132,-64.6772,Moncton,1
YQN,50.1828,-86.6964,Nakina,1
YQQ,49.7108,-124.8870,Comox,1
YQR,50.4319,-104.6609,Regina,1
YQS,42.7700,-81.1108,St Thomas,0
YQT,48.3719,-89.3239,Thunder Bay,1
YQU,55.1797,-118.8850,Grande Prairie,1
YQV,51.2647,-102.4620,Yorkton,0
YQW,52.7694,-108.2437,North Battleford,0
YQX,48.9363,-54.5677,Gander,1
YQY,46.1611,-60.0498,Sydney,1
YQZ,53.0261,-122.5100,Quesnel,1
YRB,74.7169,-94.9694,Resolute Bay,1
YRI,47.7644,-69.5847,Rivière-du-Loup,0
YRJ,48.5197,-72.2657,Roberval,1
YRL,51.0669,-93.7931,Red Lake,1
YRO,45.4605,-75.6440,Ottawa,1
YRQ,46.3528,-72.6794,Trois-Rivières,0
YRT,62.8114,-92.1158,Rankin Inlet,1
YRV,50.9622,-118.1843,Revelstoke,0
YSB,46.6250,-80.7989,Sudbury,1
YSC,45.4386,-71.6914,Sherbrooke,0
YSF,59.2503,-105.8410,Stony Rapids,1
YSH,44.9458,-75.9406,Smiths Falls,0
YSJ,45.3161,-65.8903,Saint John,1
YSL,47.1571,-67.8362,Saint-Léonard,0
YSM,60.0203,-111.9620,Fort Smith,1
YSN,50.6828,-119.2290,Salmon Arm,0
YSP,48.7553,-86.3444,Marathon,0
YSQ,44.9311,124.5521,Qian Gorlos Mongol Autonomous County,1
YSU,46.4406,-63.8336,Slemon Park,0
YTA,45.8644,-77.2517,Pembroke,0
YTD,55.3189,-97.7078,Thicket Portage,0
YTF,48.5089,-71.6419,Alma,0
YTH,55.8011,-97.8642,Thompson,1
YTM,46.4094,-74.7800,La Macaza,0
YTR,44.1189,-77.5281,Trenton,0
YTS,48.5697,-81.3767,Timmins,1
YTY,32.5634,119.7198,Yangzhou,1
YTZ,43.6279,-79.3955,Toronto,1
YUA,25.7375,101.8820,Chuxiong (Yuanmou),0
YUL,45.4678,-73.7423,Montréal,1
YUM,32.6509,-114.6094,Yuma,1
YUS,32.8364,97.0364,Yushu (Batang),1
YUX,68.7761,-81.2425,Sanirajak,1
YUY,48.2061,-78.8356,Rouyn-Noranda,1
YVB,48.0711,-65.4603,Bonaventure,1
YVC,55.1514,-105.2620,La Ronge,1
YVE,50.2462,-119.3310,Vernon,0
YVO,48.0533,-77.7828,Val-d'Or,1
YVP,58.0961,-68.4269,Kuujjuaq,1
YVQ,65.2816,-126.7980,Norman Wells,1
YVR,49.1939,-123.1840,Vancouver,1
YVV,44.7458,-81.1072,Wiarton,1
YWG,49.9100,-97.2399,Winnipeg,1
YWK,52.9219,-66.8644,Wabush,1
YWL,52.1831,-122.0540,Williams Lake,1
YWY,63.2094,-123.4370,Wrigley,0
YXC,49.6108,-115.7820,Cranbrook,1
YXE,52.1707,-106.7008,Saskatoon,1
YXH,50.0189,-110.7210,Medicine Hat,1
YXJ,56.2381,-120.7400,Fort Saint John,1
YXK,48.4776,-68.4963,Rimouski,0
YXL,50.1139,-91.9053,Sioux Lookout,1
YXQ,62.4103,-140.8670,Beaver Creek,0
YXR,47.6974,-79.8473,Earlton,0
YXS,53.8843,-122.6666,Prince George,1
YXT,54.4685,-128.5760,Terrace,1
YXU,43.0328,-81.1490,London,1
YXX,49.0253,-122.3610,Abbotsford,1
YXY,60.7085,-135.0657,Whitehorse,1
YXZ,47.9667,-84.7867,Wawa,0
YYA,29.3117,113.2816,Yueyang (Yueyanglou),1
YYB,46.3636,-79.4228,North Bay,1
YYC,51.1188,-114.0099,Calgary,1
YYD,54.8247,-127.1830,Smithers,1
YYE,58.8364,-122.5970,Fort Nelson,1
YYF,49.4631,-119.6020,Penticton,1
YYG,46.2889,-63.1252,Charlottetown,1
YYJ,48.6472,-123.4278,Victoria,1
YYL,56.8639,-101.0760,Lynn Lake,1
YYN,50.2919,-107.6910,Swift Current,0
YYQ,58.7392,-94.0650,Churchill,1
YYR,53.3192,-60.4258,Goose Bay,1
YYT,47.6186,-52.7519,St. John's,1
YYU,49.4116,-82.4696,Kapuskasing,0
YYW,50.2903,-88.9097,Armstrong,0
YYY,48.6086,-68.2081,Mont-Joli,1
YYZ,43.6759,-79.6294,Toronto,1
YZA,50.7753,-121.3213,Cache Creek,0
YZE,45.8853,-82.5678,Gore Bay,0
YZF,62.4628,-114.4400,Yellowknife,1
YZH,55.2929,-114.7773,Slave Lake,0
YZP,53.2543,-131.8140,Sandspit,1
YZR,42.9994,-82.3089,Sarnia,0
YZS,64.1933,-83.3594,Coral Harbour,1
YZT,50.6806,-127.3670,Port Hardy,1
YZU,54.1439,-115.7870,Whitecourt,1
YZV,50.2233,-66.2656,Sept-Îles,1
YZW,60.1728,-132.7430,Teslin,0
YZX,44.9844,-64.9169,Greenwood,0
YZY,38.8019,100.6750,Zhangye (Ganzhou),1
ZAD,44.0970,15.3536,Zadar,1
ZAG,45.7429,16.0688,Velika Gorica,1
ZAH,29.4757,60.9062,Zahedan,1
ZAL,-39.6500,-73.0861,Valdivia,1
ZAM,6.9224,122.0600,Zamboanga,1
ZAO,44.3514,1.4753,Cahors,0
ZAR,11.1302,7.6858,Zaria,0
ZAT,27.2058,103.6915,Zhaotong,1
ZAZ,41.6662,-1.0415,Zaragoza,1
ZBF,47.6297,-65.7389,South Tetagouche,1
ZBM,45.2908,-72.7414,Bromont,0
ZBR,25.4432,60.3822,Konarak,1
ZCL,22.8949,-102.6872,Zacatecas,1
ZCO,-38.9259,-72.6515,Temuco,1
ZEC,-26.5241,29.1701,Secunda,0
ZEL,52.1850,-128.1570,Bella Bella,1
ZER,27.5883,93.8281,Ziro,0
ZFA,62.2075,-133.3760,Faro,0
ZGF,49.0156,-118.4310,Grand Forks,0
ZGU,-14.2181,167.5870,Gaua Island,0
ZHA,21.4817,110.5903,Zhanjiang,1
ZHY,37.5731,105.1545,Zhongwei (Shapotou),1
ZIA,55.5533,38.1500,Moscow,1
ZIC,-38.2456,-72.3486,Victoria,0
ZIG,12.5556,-16.2833,Ziguinchor,1
ZIH,17.6018,-101.4606,Ixtapa,1
ZIX,66.7965,123.3610,Zhigansk,1
ZJG,54.5189,-98.0461,Jenpeg,0
ZJN,52.1206,-101.2360,Swan River,0
ZKP,65.7485,150.8889,Zyryanka,1
ZLO,19.1448,-104.5590,Manzanillo,1
ZMT,54.0275,-132.1250,Masset,1
ZND,13.7790,8.9838,Zinder,1
ZNE,-23.4178,119.8030,Newman,1
ZNZ,-6.2220,39.2249,Zanzibar,1
ZOS,-40.6112,-73.0610,Osorno,1
ZQN,-45.0192,168.7464,Queenstown,1
ZQZ,40.7387,114.9334,Zhangjiakou,1
ZRH,47.4581,8.5481,Zurich,1
ZRI,-1.8284,136.0624,Serui,0
ZSA,24.0630,-74.5232,San Salvador,1
ZSE,-21.3194,55.4225,Saint-Pierre,1
ZSJ,53.0642,-93.3444,Sandy Lake,1
ZST,55.9354,-129.9824,Stewart,0
ZTH,37.7509,20.8843,Zakynthos,1
ZTR,50.2706,28.7386,Zhytomyr,0
ZTU,41.5578,46.6695,Zaqatala,0
ZUC,49.4282,-91.7204,Ignace,0
ZUH,22.0064,113.3760,Zhuhai (Jinwan),1
ZVA,-19.5628,45.4508,Miandrivazo,0
ZVK,16.5566,104.7600,Savannakhet Airport,0
ZWA,-14.6517,49.6206,Andapa Airport,0
ZXT,40.4949,49.9771,Zabrat,0
ZYI,27.8107,107.2472,Zunyi,1
ZYL,24.9640,91.8647,Sylhet,1
ZZU,-11.4447,34.0118,Mzuzu,0
ZZV,39.9444,-81.8921,Zanesville,0
